"RX_Ypos [cm]","Freq [GHz]","ang_rad(S(RX_ant1_1,TX_antenna)) [rad]"
315,4,-1.38768699452251
315,4.0075,-2.35681764492096
315,4.015,2.9461943658929
315,4.0225,1.93914113490308
315,4.03,0.96068392367666
315,4.0375,0.02349468851105
315,4.045,-0.992625152666715
315,4.0525,-1.9324611820894
315,4.06,-2.74638724129366
315,4.0675,2.62026532005719
315,4.075,1.74509621734474
315,4.0825,0.773667434902268
315,4.09,-0.293991158616008
315,4.0975,-1.17624579383796
315,4.105,-2.18858852543676
315,4.1125,3.06883939684628
315,4.12,2.16612992987725
315,4.1275,1.115772478793
315,4.135,0.181260480399872
315,4.1425,-0.603706303971185
315,4.15,-1.50479773958517
315,4.1575,-2.38681227728027
315,4.165,3.00976014339864
315,4.1725,2.21288766694502
315,4.18,1.60262960092863
315,4.1875,0.693192366479101
315,4.195,-0.228007537422816
315,4.2025,-1.20726497832501
315,4.21,-2.42913436916164
315,4.2175,-2.45461864040335
315,4.225,2.98015312972493
315,4.2325,2.32358704913034
315,4.24,1.47821523876219
315,4.2475,0.406563974860425
315,4.255,-0.340621584330137
315,4.2625,-1.33932028665084
315,4.27,-2.31831804662693
315,4.2775,2.96917176159869
315,4.285,1.95917923051515
315,4.2925,1.08649064389507
315,4.3,0.210662997112952
315,4.3075,-0.72768867516661
315,4.315,-1.72119935664431
315,4.3225,-2.69538728414873
315,4.33,2.57781670468754
315,4.3375,1.5624894482517
315,4.345,0.514445570643533
315,4.3525,-0.5642709129383
315,4.36,-1.60996820845569
315,4.3675,-2.69081085083314
315,4.375,2.55738861075804
315,4.3825,1.56128230985545
315,4.39,0.570016343535769
315,4.3975,-0.325047137984201
315,4.405,-1.36682834132505
315,4.4125,-2.41471799499967
315,4.42,2.94724270883368
315,4.4275,2.02886755506075
315,4.435,1.26417563108145
315,4.4425,0.411152833996224
315,4.45,-0.360305191401336
315,4.4575,-0.109135843075692
315,4.465,-0.424968734503286
315,4.4725,-1.35491130044613
315,4.48,-2.11505566180729
315,4.4875,-3.0909020284226
315,4.495,2.27880055293435
315,4.5025,1.24214361560617
315,4.51,0.159048097910556
315,4.5175,-0.822329787435929
315,4.525,-1.86921231562901
315,4.5325,-2.8493055533626
315,4.54,2.55406583205333
315,4.5475,1.55867385221791
315,4.555,0.623229061017085
315,4.5625,-0.281439879570174
315,4.57,-1.30948753215368
315,4.5775,-2.34879886962093
315,4.585,2.92592970801999
315,4.5925,1.86463368397097
315,4.6,0.787506365770513
315,4.6075,-0.245588853816683
315,4.615,-1.34095203800775
315,4.6225,-2.33539045419162
315,4.63,2.98114424209608
315,4.6375,1.88561407872718
315,4.645,0.93557789064987
315,4.6525,-0.117156010977957
315,4.66,0.294081911026237
315,4.6675,-0.489220447811631
315,4.675,-1.39941048558838
315,4.6825,-2.13826322215649
315,4.69,3.10860104326454
315,4.6975,2.60768968388038
315,4.705,1.92418166950893
315,4.7125,1.01211658479615
315,4.72,0.366188578976974
315,4.7275,-0.722494899205918
315,4.735,-1.68614098728019
315,4.7425,-2.49596021418156
315,4.75,2.72477054079666
315,4.7575,1.76812450483081
315,4.765,0.773542111847327
315,4.7725,-0.230777317251632
315,4.78,-1.11966960680934
315,4.7875,-2.05332091650528
315,4.795,-3.02030807765414
315,4.8025,2.25750797424587
315,4.81,1.26558243531171
315,4.8175,0.286641123005582
315,4.825,-0.694975148541728
315,4.8325,-1.72393914844529
315,4.84,-2.79170463451872
315,4.8475,2.42439248800653
315,4.855,1.31255606648686
315,4.8625,0.281522782267899
315,4.87,-0.678719296669242
315,4.8775,-1.73061090143556
315,4.885,-2.68796532036691
315,4.8925,2.52026230356162
315,4.9,1.39761525852111
315,4.9075,0.552839160981604
315,4.915,-0.240785712369747
315,4.9225,-0.998593148474482
315,4.93,-2.02764410541651
315,4.9375,2.82179214715402
315,4.945,1.23576774210601
315,4.9525,-0.395594496955463
315,4.96,-1.95986710978068
315,4.9675,2.98996852134605
315,4.975,1.86678670698501
315,4.9825,0.827980415288326
315,4.99,-0.203450268974637
315,4.9975,-1.30788394504173
315,5.005,-2.36863202889391
315,5.0125,2.9160579538279
315,5.02,1.88970346786353
315,5.0275,0.872063406588359
315,5.035,-0.179517755053045
315,5.0425,-1.20648894556785
315,5.05,-2.17800194461934
315,5.0575,3.11599439786661
315,5.065,2.12797954086166
315,5.0725,1.11937103523635
315,5.08,0.0721599999522367
315,5.0875,-1.0078980493422
315,5.095,-2.02865723737271
315,5.1025,-3.02617957585344
315,5.11,2.22679499354841
315,5.1175,1.24019750493335
315,5.125,0.186838379480715
315,5.1325,-0.850344531199131
315,5.14,-1.77014142613815
315,5.1475,-2.68659088995832
315,5.155,2.6320812350481
315,5.1625,1.56284656490689
315,5.17,0.476999901076826
315,5.1775,-0.704349498545054
315,5.185,-1.87177400778716
315,5.1925,-3.00227219528894
315,5.2,1.97486231377637
315,5.2075,0.64858659397351
315,5.215,-0.645513784542153
315,5.2225,-1.99517239597431
315,5.23,3.00489341975993
315,5.2375,1.90492062270744
315,5.245,0.871650255787815
315,5.2525,-0.183958719075635
315,5.26,-1.25271773602296
315,5.2675,-2.33891145095944
315,5.275,2.82365479772881
315,5.2825,1.75983275987033
315,5.29,0.74442976960227
315,5.2975,-0.315673505075456
315,5.305,-1.33287399293614
315,5.3125,-2.37497211508661
315,5.32,2.86070627133316
315,5.3275,1.93777419165273
315,5.335,0.989684698842878
315,5.3425,0.148368627814363
315,5.35,-0.758526556919727
315,5.3575,-1.78657163405456
315,5.365,-2.7336198984118
315,5.3725,2.6107394988516
315,5.38,1.61424432467321
315,5.3875,0.617983943357035
315,5.395,-0.348110464158412
315,5.4025,-1.40125898547438
315,5.41,-2.38497751418025
315,5.4175,2.90398742879511
315,5.425,1.74894386045892
315,5.4325,0.550238605271527
315,5.44,-0.56360559497558
315,5.4475,-1.66705704133609
315,5.455,2.74943999420905
315,5.4625,0.342632407374389
315,5.47,-0.720445171597734
315,5.4775,-2.08267719535981
315,5.485,2.87418226237286
315,5.4925,1.9889148984664
315,5.5,0.834339460380961
315,5.5075,0.0504097738409775
315,5.515,-0.6224684790221
315,5.5225,-1.52068865983504
315,5.53,-2.4590226272049
315,5.5375,2.77600109147604
315,5.545,1.78677624202088
315,5.5525,0.785408457768408
315,5.56,-0.155418666678817
315,5.5675,-1.18971929841292
315,5.575,-2.19230416202983
315,5.5825,3.07255545815399
315,5.59,2.08078045420908
315,5.5975,1.20431237791351
315,5.605,0.124155277389097
315,5.6125,-0.969004080694452
315,5.62,-2.03266646242207
315,5.6275,3.12033013934728
315,5.635,1.99800848459068
315,5.6425,0.881366471757611
315,5.65,-0.253949681925142
315,5.6575,-1.45359481970947
315,5.665,-2.70594866021798
315,5.6725,2.35797716201796
315,5.68,1.09119511224865
315,5.6875,-0.485739722455608
315,5.695,-2.15664265465247
315,5.7025,2.85312304831872
315,5.71,1.64598531839939
315,5.7175,0.398118240368041
315,5.725,-0.64265582500383
315,5.7325,-1.67700751695386
315,5.74,-2.76363057842907
315,5.7475,2.55154244620349
315,5.755,1.54264211807262
315,5.7625,0.481465709817668
315,5.77,-0.510517187033318
315,5.7775,-1.4478942339434
315,5.785,-2.41409975009711
315,5.7925,2.85175861112107
315,5.8,1.85276289342962
315,5.8075,0.843305935715274
315,5.815,-0.173980744015446
315,5.8225,-1.12910798571863
315,5.83,-2.0805698908173
315,5.8375,-3.0393687592838
315,5.845,2.20340434898622
315,5.8525,1.18101767716233
315,5.86,0.236628337139219
315,5.8675,-0.835149783331817
315,5.875,-1.91799278278896
315,5.8825,-2.9885313571998
315,5.89,2.08673582456253
315,5.8975,0.810034602011328
315,5.905,-0.364517465921157
315,5.9125,-1.56289247314564
315,5.92,-2.95638993655473
315,5.9275,1.98389233276906
315,5.935,0.670178480349991
315,5.9425,-0.711342692222123
315,5.95,-1.93788284391061
315,5.9575,-3.06255664281175
315,5.965,2.05083093156998
315,5.9725,0.940645638994599
315,5.98,0.0163084417630269
315,5.9875,-0.984828589339983
315,5.995,-1.98558890406274
315,6.0025,-2.85521557277593
315,6.01,2.39137554485158
315,6.0175,1.37297735862572
315,6.025,0.355836271629166
315,6.0325,-0.693010536813629
315,6.04,-1.60686597895359
315,6.0475,-2.63199146733844
315,6.055,2.63865140884442
315,6.0625,1.72346292786215
315,6.07,0.687136358513812
315,6.0775,-0.269110892339438
315,6.085,-1.13223701944002
315,6.0925,-2.14336460142742
315,6.1,3.10484320078404
315,6.1075,2.16090118652176
315,6.115,1.09180179160465
315,6.1225,0.0264339509442034
315,6.13,-0.958332939848255
315,6.1375,-2.09304946262478
315,6.145,3.09044111538038
315,6.1525,1.89407087693634
315,6.16,0.528359790710973
315,6.1675,-0.928646958774608
315,6.175,2.71515488774401
315,6.1825,0.83343870854237
315,6.19,-0.356843591738106
315,6.1975,-1.23886807273625
315,6.205,-2.53418970759804
315,6.2125,2.75422643490008
315,6.22,1.90201197496613
315,6.2275,0.625560816195288
315,6.235,-0.472907308719503
315,6.2425,-0.859064022348581
315,6.25,-1.79124523659675
315,6.2575,-2.02855085990517
315,6.265,-3.02165617096342
315,6.2725,2.13505200119181
315,6.28,1.43486523380691
315,6.2875,0.455799616980546
315,6.295,-0.296715554742723
315,6.3025,-1.25470751151199
315,6.31,-2.27323935728614
315,6.3175,3.13532295717596
315,6.325,2.04080777373943
315,6.3325,1.03267781122397
315,6.34,0.121891456068645
315,6.3475,-0.979078438271079
315,6.355,-2.0710074997449
315,6.3625,-3.09027257551625
315,6.37,2.11895603659273
315,6.3775,1.07437277225105
315,6.385,0.138319504717901
315,6.3925,-0.803921872934112
315,6.4,-1.78932846852089
315,6.4075,-2.76564832560022
315,6.415,2.60518337268368
315,6.4225,1.74628427550084
315,6.43,1.01630710625961
315,6.4375,0.142744123201911
315,6.445,-0.891061238692041
315,6.4525,-1.85290878002867
315,6.46,-2.88347918480381
315,6.4675,2.59550997901199
315,6.475,1.93779748555961
315,6.4825,0.934706109221647
315,6.49,0.994953098346184
315,6.4975,-0.0888924487784411
315,6.505,-0.70174824631286
315,6.5125,-1.13999794651523
315,6.52,-2.23386514165764
315,6.5275,-3.02372998470971
315,6.535,2.22638615096346
315,6.5425,1.15825461290519
315,6.55,0.241399419209181
315,6.5575,-0.754213261954518
315,6.565,-1.75795758033571
315,6.5725,-2.75929829344359
315,6.58,2.4573860395169
315,6.5875,1.38519633489773
315,6.595,0.359110420292498
315,6.6025,-0.705788600908014
315,6.61,-1.7329978691826
315,6.6175,-2.65750578075482
315,6.625,2.55510667054739
315,6.6325,1.50026753300388
315,6.64,0.573399204338652
315,6.6475,-0.434639330382546
315,6.655,-1.31796912832107
315,6.6625,-2.05315729970685
315,6.67,-2.62927089916946
315,6.6775,2.91795601697213
315,6.685,2.3525456354356
315,6.6925,1.68928631543946
315,6.7,0.634910846427333
315,6.7075,-0.289997632011145
315,6.715,-1.26717706645436
315,6.7225,-2.07514255659482
315,6.73,-2.80039854158618
315,6.7375,2.43498623616475
315,6.745,1.6006437234808
315,6.7525,0.621276919995211
315,6.76,-0.498669277146274
315,6.7675,-1.10338499381365
315,6.775,-2.11056316711286
315,6.7825,3.10348276921129
315,6.79,2.27450183554251
315,6.7975,1.23239120864613
315,6.805,0.249913360216986
315,6.8125,-0.609103241470201
315,6.82,-1.51380399275505
315,6.8275,-2.43853843420192
315,6.835,2.85888374814184
315,6.8425,1.83946393472206
315,6.85,0.889251453607905
315,6.8575,-0.10295856234794
315,6.865,-1.06880556789511
315,6.8725,-1.87747588739157
315,6.88,-2.88009863389887
315,6.8875,2.44758781597799
315,6.895,1.59731954878512
315,6.9025,0.655399010146577
315,6.91,-0.182920864542354
315,6.9175,-1.05404995864261
315,6.925,-1.92777134946787
315,6.9325,-2.8171065992198
315,6.94,2.44964000516763
315,6.9475,1.45305630956771
315,6.955,0.547143306439586
315,6.9625,-0.489901345666835
315,6.97,-1.49429015688913
315,6.9775,-2.16700992065256
315,6.985,-2.90996156503182
315,6.9925,2.93482299379212
315,7,2.27435867940526
315,7.0075,1.29163932439385
315,7.015,0.393580405204441
315,7.0225,-0.56586282923764
315,7.03,-1.54080251886861
315,7.0375,-2.35528109440224
315,7.045,3.05621874270914
315,7.0525,2.15649774574965
315,7.06,1.23042487838856
315,7.0675,0.26205871282798
315,7.075,-0.651884669538506
315,7.0825,-1.60599166208747
315,7.09,-2.59970806153041
315,7.0975,2.68095674166325
315,7.105,1.6581151837632
315,7.1125,0.624114312462124
315,7.12,-0.360014914586797
315,7.1275,-1.34895593516402
315,7.135,-2.35112602249723
315,7.1425,2.98258019551397
315,7.15,1.96691737495275
315,7.1575,0.959060290554445
315,7.165,0.0559035777448111
315,7.1725,-0.867519213919308
315,7.18,-1.82671362801712
315,7.1875,-2.73215440596582
315,7.195,2.74764515110801
315,7.2025,1.85016271431909
315,7.21,1.19417492419767
315,7.2175,0.486517826556498
315,7.225,-0.483090143624645
315,7.2325,-1.347678310875
315,7.24,-2.18636607954392
315,7.2475,-3.04225418315814
315,7.255,2.45797033584901
315,7.2625,1.50441519936209
315,7.27,0.597293280040602
315,7.2775,-0.248576640268345
315,7.285,-1.25615911726242
315,7.2925,-2.0342277788996
315,7.3,-2.97671998809098
315,7.3075,2.29890022023141
315,7.315,1.48524228101958
315,7.3225,0.480418488836677
315,7.33,-0.549649557536766
315,7.3375,-1.47480522901607
315,7.345,-2.47571607359223
315,7.3525,2.74502807956002
315,7.36,1.9770846331525
315,7.3675,0.996060749739354
315,7.375,0.0565959434383647
315,7.3825,-0.657507896874931
315,7.39,-1.78451215288113
315,7.3975,-2.53127201960344
315,7.405,2.87347322402723
315,7.4125,1.78851966332096
315,7.42,1.0357126092859
315,7.4275,0.138983937648374
315,7.435,-0.738586636452287
315,7.4425,-1.54577069584442
315,7.45,-2.40681995940738
315,7.4575,2.92680846858089
315,7.465,1.91989026442457
315,7.4725,0.944794814633584
315,7.48,-0.0322724489032946
315,7.4875,-1.04679667954557
315,7.495,-2.01712223100213
315,7.5025,-2.99542774072444
315,7.51,2.27779343463132
315,7.5175,1.4120485509842
315,7.525,0.448342883409797
315,7.5325,-0.370819083346777
315,7.54,-1.18682546602547
315,7.5475,-2.10541390578192
315,7.555,-2.45133224796115
315,7.5625,2.9443350181885
315,7.57,2.0771831976022
315,7.5775,1.20772233334784
315,7.585,0.185213235449393
315,7.5925,-0.696743176220956
315,7.6,-1.46475079696351
315,7.6075,-2.4064755903426
315,7.615,2.98165163158633
315,7.6225,2.02869006809155
315,7.63,1.02559923368556
315,7.6375,0.11106920350508
315,7.645,-0.932763732779487
315,7.6525,-1.93032804498452
315,7.66,-2.89343651702073
315,7.6675,2.30515773532553
315,7.675,1.31260014477053
315,7.6825,0.348621511139414
315,7.69,-0.688290672810023
315,7.6975,-1.58300556036987
315,7.705,-2.47122795915616
315,7.7125,2.86568379210551
315,7.72,2.03926328838968
315,7.7275,1.141920395202
315,7.735,0.174568008043489
315,7.7425,-0.623833371464978
315,7.75,-1.50486178554983
315,7.7575,-2.53390736903823
315,7.765,-3.12715373915311
315,7.7725,2.39298007805106
315,7.78,1.82552150205608
315,7.7875,1.44773778377029
315,7.795,0.466572823205335
315,7.8025,-0.435287964413666
315,7.81,-1.38485065715717
315,7.8175,-2.42167506602998
315,7.825,2.88621397988925
315,7.8325,1.88691512263355
315,7.84,0.81606404905017
315,7.8475,-0.174865739713079
315,7.855,-1.20194419029451
315,7.8625,-2.20821892340556
315,7.87,-3.1130563121976
315,7.8775,2.12248193726646
315,7.885,1.22691050085584
315,7.8925,0.324984554310019
315,7.9,-0.738851449450099
315,7.9075,-1.61225275284542
315,7.915,-2.58646011810629
315,7.9225,2.71429548486796
315,7.93,1.78547041894378
315,7.9375,0.808588667133057
315,7.945,-0.0431871550605652
315,7.9525,-0.79614102420406
315,7.96,-1.38277591940664
315,7.9675,-2.1308019298934
315,7.975,-2.96284116052007
315,7.9825,2.34427769885097
315,7.99,1.36800507021251
315,7.9975,0.253789013956517
315,8.005,-0.735034443522596
315,8.0125,-1.69520315605664
315,8.02,-2.86075405636818
315,8.0275,2.62802339224773
315,8.035,1.63206881130743
315,8.0425,0.630941805847986
315,8.05,0.253197490988147
315,8.0575,-0.737581495489002
315,8.065,-1.3690214242317
315,8.0725,-2.30343751113677
315,8.08,3.02523067926901
315,8.0875,2.13908733910892
315,8.095,1.23241895542206
315,8.1025,0.372464499651898
315,8.11,-0.538413354250189
315,8.1175,-1.4255495082645
315,8.125,-2.29133442311543
315,8.1325,3.10737900115208
315,8.14,2.22751887541467
315,8.1475,1.3281191406227
315,8.155,0.344994388311156
315,8.1625,-0.529135859178001
315,8.17,-1.45777459306223
315,8.1775,-2.39310158269697
315,8.185,3.07126982320614
315,8.1925,2.07369591566144
315,8.2,1.08608132965311
315,8.2075,0.199920667380008
315,8.215,-0.830684015288486
315,8.2225,-1.83084911077326
315,8.23,-2.73514277707194
315,8.2375,2.46606007329633
315,8.245,1.45889396749302
315,8.2525,0.519665566901086
315,8.26,-0.581012503894735
315,8.2675,-1.57076567694576
315,8.275,-2.55907450224385
315,8.2825,2.65955562855908
315,8.29,1.71845793927853
315,8.2975,0.795744624684613
315,8.305,-0.15635681035821
315,8.3125,-0.948614113568358
315,8.32,-1.36403006839033
315,8.3275,-1.90782904463743
315,8.335,-2.49037296687078
315,8.3425,3.01105457979404
315,8.35,2.09804017354056
315,8.3575,1.19693939091964
315,8.365,0.260282692700231
315,8.3725,-0.689071968081193
315,8.38,-1.70352752071834
315,8.3875,-2.71551629248598
315,8.395,2.6171529329631
315,8.4025,1.60834058744835
315,8.41,0.627798609424926
315,8.4175,-0.318278848151322
315,8.425,-1.33401400800642
315,8.4325,-2.25609183036772
315,8.44,3.14004959862167
315,8.4475,2.19153388584948
315,8.455,1.32313792627197
315,8.4625,0.449330105519655
315,8.47,-0.537119174929312
315,8.4775,-1.43100812552112
315,8.485,-2.36737870118626
315,8.4925,2.9038657412812
315,8.5,2.03842859327586
315,8.5075,1.09101904149784
315,8.515,0.203775157216639
315,8.5225,-0.648434862055718
315,8.53,-1.47053499915077
315,8.5375,-2.27861960445086
315,8.545,3.00639884290063
315,8.5525,2.19585683395616
315,8.56,1.237619119471
315,8.5675,0.329951068105267
315,8.575,-0.573801038211502
315,8.5825,-1.55368200525294
315,8.59,-2.40027923161778
315,8.5975,2.84292353603095
315,8.605,1.89745910133196
315,8.6125,1.03374886621215
315,8.62,0.026912081926585
315,8.6275,-0.891199897970827
315,8.635,-1.70953956457255
315,8.6425,-2.69027432421922
315,8.65,2.64246849942558
315,8.6575,1.87445715335514
315,8.665,0.900503877272759
315,8.6725,0.270333446103714
315,8.68,-0.463578367300551
315,8.6875,-1.26584472196729
315,8.695,-2.02937087768443
315,8.7025,-3.01224360451811
315,8.71,2.36580549060815
315,8.7175,1.40230382637139
315,8.725,0.399710230545145
315,8.7325,-0.6115275502603
315,8.74,-1.60545190634784
315,8.7475,-2.59675178159151
315,8.755,2.63551768704541
315,8.7625,1.63468198401048
315,8.77,0.662623742342987
315,8.7775,-0.391648673905303
315,8.785,-1.40354302008301
315,8.7925,-2.20676214193138
315,8.8,-3.10770885444663
315,8.8075,2.29727482243242
315,8.815,1.51822854028464
315,8.8225,0.68214764840363
315,8.83,-0.197860553510294
315,8.8375,-1.03555121472523
315,8.845,-1.74394578863633
315,8.8525,-2.63680863425233
315,8.86,2.85773663565134
315,8.8675,2.08919028020461
315,8.875,1.32135493636067
315,8.8825,0.373368708701397
315,8.89,-0.484992842431546
315,8.8975,-1.35720953801353
315,8.905,-2.37791969654933
315,8.9125,3.08341432063713
315,8.92,2.1510928676183
315,8.9275,1.20683923667925
315,8.935,0.257408196913151
315,8.9425,-0.739008303117795
315,8.95,-1.65455846168423
315,8.9575,-2.66354454825234
315,8.965,2.61181108391078
315,8.9725,1.68876998426803
315,8.98,0.634364439372966
315,8.9875,-0.43030180347323
315,8.995,-1.38429591332131
315,9.0025,-2.40194557789587
315,9.01,2.80632163719888
315,9.0175,1.86345958345978
315,9.025,0.935418455475858
315,9.0325,-0.120914676031019
315,9.04,-1.00929393567094
315,9.0475,-1.83223372456042
315,9.055,-2.70608382075534
315,9.0625,3.12724520476908
315,9.07,2.36167143662039
315,9.0775,1.58212276900155
315,9.085,0.859257156710346
315,9.0925,-0.00797551980659129
315,9.1,-0.876111340359801
315,9.1075,-1.82678029215994
315,9.115,-2.84644714809969
315,9.1225,2.50159887059153
315,9.13,1.51859965652897
315,9.1375,0.564520272754421
315,9.145,-0.319218717698912
315,9.1525,-1.32498002149119
315,9.16,-2.14163669527632
315,9.1675,-3.0174311574662
315,9.175,2.33999410547437
315,9.1825,1.53152230655155
315,9.19,0.575124296560427
315,9.1975,-0.300794899703305
315,9.205,-1.21465837039194
315,9.2125,-2.13813643038479
315,9.22,-2.95077774868081
315,9.2275,2.40474252769523
315,9.235,1.51856692270382
315,9.2425,0.659037938179502
315,9.25,-0.340480739433003
315,9.2575,-1.30364785514506
315,9.265,-2.20090915231524
315,9.2725,3.02623171562551
315,9.28,2.07629255115205
315,9.2875,1.15336985680501
315,9.295,0.101752384455475
315,9.3025,-0.811922628873545
315,9.31,-1.79139141556896
315,9.3175,-2.7461153545849
315,9.325,2.67145497605968
315,9.3325,1.64000348292942
315,9.34,0.678249584135046
315,9.3475,-0.298331802909162
315,9.355,-1.33251081862668
315,9.3625,-2.29199614248192
315,9.37,3.05038190163367
315,9.3775,2.12922748060397
315,9.385,1.17403529130622
315,9.3925,0.130494250185173
315,9.4,-0.596768453459791
315,9.4075,-1.37749922818344
315,9.415,-1.11959523641056
315,9.4225,-1.82612754823205
315,9.43,-2.79542764104406
315,9.4375,2.72865077198134
315,9.445,1.6330869940428
315,9.4525,0.625035320880541
315,9.46,-0.302213733069712
315,9.4675,-1.31602231615072
315,9.475,-2.27111002585303
315,9.4825,3.12815508479608
315,9.49,2.14520167460752
315,9.4975,1.16436923239987
315,9.505,0.27018281740609
315,9.5125,-0.778491742027253
315,9.52,-1.80828288767347
315,9.5275,-2.77981156241687
315,9.535,2.41137214774687
315,9.5425,1.36915245670704
315,9.55,0.388699722091094
315,9.5575,-0.588963371331708
315,9.565,-1.54189280315659
315,9.5725,-2.49671078654706
315,9.58,2.98609065023588
315,9.5875,2.16750199887076
315,9.595,1.42604888529843
315,9.6025,0.693450455429646
315,9.61,-0.204417272350558
315,9.6175,-1.10093153256809
315,9.625,-2.02652670063191
315,9.6325,-2.90777582432061
315,9.64,2.47873021108053
315,9.6475,1.5575981725582
315,9.655,0.685093499221627
315,9.6625,-0.179519998135234
315,9.67,-0.996965624093226
315,9.6775,-1.84259378437832
315,9.685,-2.67997423564746
315,9.6925,2.65545067068221
315,9.7,1.65152088190558
315,9.7075,0.722697142416505
315,9.715,-0.24218438200103
315,9.7225,-1.26490105748271
315,9.73,-2.17577943497114
315,9.7375,-3.05951414559673
315,9.745,2.21374609448052
315,9.7525,1.42441322861303
315,9.76,0.576656333855945
315,9.7675,-0.422684385142552
315,9.775,-1.26051594122118
315,9.7825,-2.2080678224555
315,9.79,3.09001032768036
315,9.7975,2.14373133818243
315,9.805,1.21536438327114
315,9.8125,0.235548306423711
315,9.82,-0.667186435685583
315,9.8275,-1.41952223690969
315,9.835,-2.38108362594842
315,9.8425,3.05237926407287
315,9.85,2.1606638428297
315,9.8575,1.15699511055206
315,9.865,0.240470160941163
315,9.8725,-0.710830142335987
315,9.88,-1.7425808466464
315,9.8875,-2.74107558292656
315,9.895,2.63798726310176
315,9.9025,1.65347328081702
315,9.91,0.9003143362492
315,9.9175,0.218353285802423
315,9.925,-0.580598251286548
315,9.9325,-1.29281770921192
315,9.94,-2.20041380412663
315,9.9475,-3.00330653720056
315,9.955,2.40711126886766
315,9.9625,1.48116460590395
315,9.97,0.626340604766015
315,9.9775,-0.322117113807427
315,9.985,-1.24122313966764
315,9.9925,-2.11606606602483
315,10,-3.08698726889157
315,10.0075,2.2652155604081
315,10.015,1.32685158350603
315,10.0225,0.311409117132369
315,10.03,-0.694966560015998
315,10.0375,-1.6969911247465
315,10.045,-2.69464700572533
315,10.0525,2.58122859772409
315,10.06,1.58043200700905
315,10.0675,0.598642138023468
315,10.075,-0.42740503903125
315,10.0825,-1.39205828614638
315,10.09,-2.34599715526418
315,10.0975,2.95824737575611
315,10.105,2.02173485091794
315,10.1125,1.02437298484516
315,10.12,0.0858923260609865
315,10.1275,-0.893049260138896
315,10.135,-1.89819450219621
315,10.1425,-2.81881060058365
315,10.15,2.52330581434336
315,10.1575,1.63610244936579
315,10.165,0.829365302592092
315,10.1725,1.41930957879206
315,10.18,0.620318784824688
315,10.1875,0.0800621205580367
315,10.195,-0.907621468991081
315,10.2025,-1.86968953399573
315,10.21,-2.76114511517045
315,10.2175,2.54017581271712
315,10.225,1.53426866631022
315,10.2325,0.487331627810129
315,10.24,-0.4956937365913
315,10.2475,-1.51398403140621
315,10.255,-2.57794252427713
315,10.2625,2.71707756151109
315,10.27,1.70611113746798
315,10.2775,0.714324859546288
315,10.285,-0.273662953599914
315,10.2925,-1.24703938491169
315,10.3,-2.15488381308284
315,10.3075,3.11101998048023
315,10.315,2.19942662442945
315,10.3225,1.2949392636676
315,10.33,0.302810455017877
315,10.3375,-0.609103593403134
315,10.345,-1.54447905718271
315,10.3525,-2.45641317626606
315,10.36,2.89528628404543
315,10.3675,1.94321719604787
315,10.375,0.989385807126622
315,10.3825,0.0576524827133036
315,10.39,-0.981129876113843
315,10.3975,-1.91240849626492
315,10.405,-2.63119127230386
315,10.4125,2.64493302652286
315,10.42,2.00716791827458
315,10.4275,1.19218237774238
315,10.435,0.174965101570347
315,10.4425,-0.720974220091886
315,10.45,-1.66279381261081
315,10.4575,-2.47258254566579
315,10.465,2.94494347685472
315,10.4725,2.99231906030176
315,10.48,2.18110696456501
315,10.4875,1.27133670136311
315,10.495,0.432162329027675
315,10.5025,-0.589633686668693
315,10.51,-1.6556624087121
315,10.5175,-2.53946579769966
315,10.525,2.73540794334398
315,10.5325,1.67300658031834
315,10.54,0.806097275250519
315,10.5475,-0.185682667023478
315,10.555,-1.11583440919999
315,10.5625,-2.00137963205573
315,10.57,-3.01938031064631
315,10.5775,2.29670384523289
315,10.585,1.30778569930828
315,10.5925,0.292492047346973
315,10.6,-0.672955135439735
315,10.6075,-1.64190392940881
315,10.615,-2.60325283961024
315,10.6225,2.66723056812132
315,10.63,1.68690041656368
315,10.6375,0.719681967913211
315,10.645,-0.358946516174822
315,10.6525,-1.30220870216899
315,10.66,-2.16617698555296
315,10.6675,3.05698584292314
315,10.675,2.30792910826354
315,10.6825,1.53644356626184
315,10.69,0.537010237721572
315,10.6975,-0.00704057725692637
315,10.705,-0.874271285411524
315,10.7125,-1.23398189134409
315,10.72,-1.4677667687425
315,10.7275,-2.32558762328674
315,10.735,3.10273053626163
315,10.7425,2.14511908161302
315,10.75,1.06902554750044
315,10.7575,0.0552668224823706
315,10.765,-0.991961574597351
315,10.7725,-2.07327637916844
315,10.78,-3.07435019540295
315,10.7875,2.15622672310972
315,10.795,1.15159538852481
315,10.8025,0.155572626104081
315,10.81,-0.912194811352977
315,10.8175,-1.89228624899438
315,10.825,-2.87640143170354
315,10.8325,2.38525923182169
315,10.84,1.43520605056435
315,10.8475,0.455025655306661
315,10.855,-0.559423662292898
315,10.8625,-1.52081142900502
315,10.87,-2.48259741062122
315,10.8775,2.81033887840563
315,10.885,1.80150285465539
315,10.8925,0.849919078588937
315,10.9,-0.108007794806757
315,10.9075,-1.00767185548922
315,10.915,-1.74292444671606
315,10.9225,-2.61723304892078
315,10.93,-2.57923474745391
315,10.9375,-3.00832256325991
315,10.945,2.95032013310787
315,10.9525,1.89760462772096
315,10.96,0.810377392254626
315,10.9675,-0.0587678935692256
315,10.975,-1.04416565251902
315,10.9825,-1.99104061634022
315,10.99,-2.88586577177867
315,10.9975,2.35289458069451
315,11.005,1.35030084214793
315,11.0125,0.346604548330753
315,11.02,-0.718439949765798
315,11.0275,-1.66802157448195
315,11.035,-2.6210409528627
315,11.0425,2.64102745117506
315,11.05,1.7051977584128
315,11.0575,0.757256250560479
315,11.065,-0.243235588571126
315,11.0725,-1.26487249259221
315,11.08,-2.21632992534379
315,11.0875,3.10110814417055
315,11.095,2.10638802458959
315,11.1025,1.2404641026559
315,11.11,0.313274972249386
315,11.1175,-0.643028958672701
315,11.125,-1.57249704008483
315,11.1325,-2.51225998701567
315,11.14,2.83958842376105
315,11.1475,1.83985293466385
315,11.155,0.791615713356603
315,11.1625,-0.239870816934722
315,11.17,-1.34732917990122
315,11.1775,-2.61519180798745
315,11.185,2.45062682833526
315,11.1925,1.39775375516301
315,11.2,-0.10120522045789
315,11.2075,-2.07584584357896
315,11.215,2.46410444394492
315,11.2225,1.33812435908061
315,11.23,0.237984273519303
315,11.2375,-1.00877892180458
315,11.245,-2.0127916192049
315,11.2525,-2.93883674429529
315,11.26,2.31935365989312
315,11.2675,1.37991511503109
315,11.275,0.453495516447937
315,11.2825,-0.444113292340143
315,11.29,-1.43999352301894
315,11.2975,-2.43081714919493
315,11.305,2.91305479757945
315,11.3125,1.87595340220995
315,11.32,0.894182479017126
315,11.3275,-0.0964831062371918
315,11.335,-1.13391352588744
315,11.3425,-2.11754595018587
315,11.35,-3.10425436936389
315,11.3575,2.18409748664324
315,11.365,1.1916846732562
315,11.3725,0.216552737822127
315,11.38,-0.828595281922054
315,11.3875,-1.88613308654032
315,11.395,-2.86330979276265
315,11.4025,2.339858366228
315,11.41,1.27220176471551
315,11.4175,0.288508737670896
315,11.425,-0.842460243878219
315,11.4325,-2.01817647939449
315,11.44,3.10038363902606
315,11.4475,1.89378514583657
315,11.455,0.430688327383739
315,11.4625,-1.60633307590161
315,11.47,3.00234507215901
315,11.4775,1.88998197906199
315,11.485,0.764440547697398
315,11.4925,-0.406477836621858
315,11.5,-1.46364163902807
315,11.5075,-2.45409380949312
315,11.515,2.7769718994315
315,11.5225,1.78995884358232
315,11.53,0.874595239585624
315,11.5375,-0.14269108318312
315,11.545,-1.13789527986959
315,11.5525,-2.06177835534558
315,11.56,-3.0909961066778
315,11.5675,2.19578147322844
315,11.575,1.3097204842491
315,11.5825,0.316030062139902
315,11.59,-0.630006953409859
315,11.5975,-1.48519044302365
315,11.605,-2.44575041323204
315,11.6125,2.87568116755984
315,11.62,1.92152801391536
315,11.6275,0.956207048223258
315,11.635,0.00599993868397935
315,11.6425,-0.978569383775981
315,11.65,-1.98526442795493
315,11.6575,-2.96206616396095
315,11.665,2.31859501540878
315,11.6725,1.47469072405259
315,11.68,0.615184844592208
315,11.6875,-0.32186020069372
315,11.695,-0.951286360054775
315,11.7025,-1.90714258605575
315,11.71,-2.50841076803825
315,11.7175,2.96128926253144
315,11.725,1.95386820466386
315,11.7325,1.18882635980033
315,11.74,0.154597837709617
315,11.7475,-0.831293211409705
315,11.755,-1.72752681339175
315,11.7625,-2.67568905748876
315,11.77,2.66382116651234
315,11.7775,1.85099860494823
315,11.785,1.16769286302059
315,11.7925,0.361549808567466
315,11.8,-0.485578411400998
315,11.8075,-1.41054310385904
315,11.815,-2.38933315094776
315,11.8225,2.8835844412409
315,11.83,1.92754731861595
315,11.8375,1.00810857278389
315,11.845,0.0705842884368397
315,11.8525,-0.888919372154709
315,11.86,-1.80752950146898
315,11.8675,-2.81216015737087
315,11.875,2.40919716656145
315,11.8825,1.43921093540847
315,11.89,0.396741606817294
315,11.8975,-0.628970441835059
315,11.905,-1.59777639246166
315,11.9125,-2.64083997573546
315,11.92,2.64534400731416
315,11.9275,1.69302077165505
315,11.935,0.835341479660921
315,11.9425,-0.0367041509247346
315,11.95,-0.800966064174197
315,11.9575,-1.65386765937243
315,11.965,-2.71919163821195
315,11.9725,2.9436702741172
315,11.98,2.14345454425704
315,11.9875,1.89993492209637
315,11.995,1.52373365169042
315,12.0025,0.697747784835899
315,12.01,0.0492542426101993
315,12.0175,-0.913780574531013
315,12.025,-1.90078445069669
315,12.0325,-2.84121398120995
315,12.04,2.48522833724166
315,12.0475,1.46933261930237
315,12.055,0.461774976327571
315,12.0625,-0.563862395779244
315,12.07,-1.61633040000733
315,12.0775,-2.65170302114096
315,12.085,2.5857507002592
315,12.0925,1.55394485379266
315,12.1,0.496557075639334
315,12.1075,-0.538472049442096
315,12.115,-1.52510867079294
315,12.1225,-2.59397615898799
315,12.13,2.67000485696195
315,12.1375,1.66401212920782
315,12.145,0.562446140395566
315,12.1525,-0.472259332420211
315,12.16,-1.45730648466092
315,12.1675,-2.48695384660784
315,12.175,2.70379545081026
315,12.1825,1.64147715824058
315,12.19,0.676600693553047
315,12.1975,-0.419462285864189
315,12.205,-0.767424498684237
315,12.2125,-1.39002011409055
315,12.22,-2.94492951616751
315,12.2275,-0.250746829964798
315,12.235,-1.16345379137077
315,12.2425,-2.3255102095839
315,12.25,2.62246094576833
315,12.2575,1.58847409543114
315,12.265,0.736492925732553
315,12.2725,-0.369772317852706
315,12.28,-1.3585179328588
315,12.2875,-2.28363916981079
315,12.295,2.85294418356042
315,12.3025,1.82719739385015
315,12.31,0.897228009589941
315,12.3175,-0.147075965871391
315,12.325,-1.07664984749722
315,12.3325,-2.00585758192497
315,12.34,-3.00212924449471
315,12.3475,2.28823851941383
315,12.355,1.31045177403334
315,12.3625,0.343456726471484
315,12.37,-0.652090984827818
315,12.3775,-1.63659752239811
315,12.385,-2.62178996596267
315,12.3925,2.70759923136064
315,12.4,1.75392001104448
315,12.4075,0.788926382197111
315,12.415,-0.142975670627187
315,12.4225,-1.05478753910658
315,12.43,-1.95737843477988
315,12.4375,-2.93989614086808
315,12.445,2.34527603372586
315,12.4525,1.33027113366138
315,12.46,0.302454194187795
315,12.4675,-0.725605044228564
315,12.475,-1.74850594043515
315,12.4825,-2.79224212068061
315,12.49,2.41249508943033
315,12.4975,1.31757066924849
315,12.505,0.138264511504205
315,12.5125,-0.391236199863301
315,12.52,-1.50474967268281
315,12.5275,0.406962405024874
315,12.535,-1.02098779821372
315,12.5425,-1.05889712906382
315,12.55,-2.25503997083314
315,12.5575,2.94653829674715
315,12.565,2.10385203202134
315,12.5725,0.973898694514634
315,12.58,0.00324198809566743
315,12.5875,-0.961208993019198
315,12.595,-2.04182121227251
315,12.6025,-3.04497272139003
315,12.61,2.17166725160615
315,12.6175,1.08201963846043
315,12.625,0.0902434314833112
315,12.6325,-0.938511895300702
315,12.64,-1.96570717617011
315,12.6475,-2.90764776842125
315,12.655,2.3603225891807
315,12.6625,1.31901065281031
315,12.67,0.411510534691044
315,12.6775,-0.58143958872147
315,12.685,-1.61118617575825
315,12.6925,-2.57903363470592
315,12.7,2.59829198655519
315,12.7075,1.5041080252021
315,12.715,0.426543746856489
315,12.7225,-0.705985270508097
315,12.73,-1.7864227647404
315,12.7375,-3.01140483227199
315,12.745,1.78724515484368
315,12.7525,-0.0825008628626989
315,12.76,-1.84978228475204
315,12.7675,3.01658125897403
315,12.775,1.70440636017609
315,12.7825,0.495400916091414
315,12.79,-0.596497393531861
315,12.7975,-1.67022640086559
315,12.805,-2.66870307931146
315,12.8125,2.70419187393788
315,12.82,1.8470249552728
315,12.8275,0.971859237808828
315,12.835,-0.00578568387067675
315,12.8425,-0.942272881350342
315,12.85,-1.87664836089223
315,12.8575,-2.91693878958572
315,12.865,2.33102875975474
315,12.8725,1.39092275537299
315,12.88,0.337913132301245
315,12.8875,-0.72313001116037
315,12.895,-1.61042941477403
315,12.9025,-2.59423038543586
315,12.91,2.74344205650097
315,12.9175,1.89537467807629
315,12.925,0.860067389917546
315,12.9325,-0.201205508475274
315,12.94,-1.22563937751209
315,12.9475,-2.32688807146148
315,12.955,2.88420094321044
315,12.9625,1.8311281044063
315,12.97,0.729293729360067
315,12.9775,-0.410532874496677
315,12.985,-1.87983094111312
315,12.9925,1.8080803310137
315,13,-0.246527801912604
315,13.0075,-1.31853893512173
315,13.015,-2.38091361588806
315,13.0225,2.83323248931438
315,13.03,1.94464410231212
315,13.0375,0.93604477692087
315,13.045,-0.079197258046257
315,13.0525,-0.851184701771387
315,13.06,-1.83297009520051
315,13.0675,-2.71726743054603
315,13.075,2.75989840367482
315,13.0825,1.78120399043172
315,13.09,0.951876258266397
315,13.0975,0.0151047287120822
315,13.105,-0.956561048178738
315,13.1125,-1.83437110424331
315,13.12,-2.87358897939496
315,13.1275,2.36517937377762
315,13.135,1.39960463323159
315,13.1425,0.325372965762273
315,13.15,-0.664681776187128
315,13.1575,-1.56680826060453
315,13.165,-2.65353701107368
315,13.1725,2.63818470158811
315,13.18,1.65258362427826
315,13.1875,0.530238069632721
315,13.195,-0.461482462492286
315,13.2025,-1.46831160875547
315,13.21,-2.58019007296811
315,13.2175,2.77748616939886
315,13.225,1.74649406110485
315,13.2325,0.664221367539836
315,13.24,-0.110472561784616
315,13.2475,-1.12830312283526
315,13.255,-1.84905526180146
315,13.2625,-2.63905407242037
315,13.27,2.30843735410003
315,13.2775,0.858170963467199
315,13.285,-1.54658841893151
315,13.2925,3.11513325718932
315,13.3,1.81333711888323
315,13.3075,0.756615101139864
315,13.315,-0.308356968892999
315,13.3225,-1.41648364053493
315,13.33,-2.42572911350705
315,13.3375,2.84174910608343
315,13.345,1.77615790173825
315,13.3525,0.775410861094108
315,13.36,-0.247160407540674
315,13.3675,-1.27516619714264
315,13.375,-2.25326112373733
315,13.3825,2.97559126457518
315,13.39,1.93896264417144
315,13.3975,0.964867644666443
315,13.405,-0.0736880084260826
315,13.4125,-1.07190654301628
315,13.42,-2.01600898851796
315,13.4275,-3.03001993473503
315,13.435,2.24974209848859
315,13.4425,1.28128475901959
315,13.45,0.287237141814362
315,13.4575,-0.705199685959177
315,13.465,-1.60254230384723
315,13.4725,-2.47314360983918
315,13.48,2.942183674305
315,13.4875,2.07709299074705
315,13.495,1.23021118385984
315,13.5025,0.60392333952018
315,13.51,-0.374702921017764
315,13.5175,-1.21860315675756
315,13.525,-2.10418151701244
315,13.5325,3.07011224364274
315,13.54,2.61545677916011
315,13.5475,2.14818666589744
315,13.555,1.53653304335941
315,13.5625,0.781581740602189
315,13.57,-0.34332488238024
315,13.5775,-1.41028551217788
315,13.585,-2.29433012671309
315,13.5925,2.99075899192943
315,13.6,2.10421623102773
315,13.6075,1.24561622223128
315,13.615,0.290456892237546
315,13.6225,-0.643352481374169
315,13.63,-1.60932180085576
315,13.6375,-2.51100201523521
315,13.645,2.85750009647766
315,13.6525,1.82315985068898
315,13.66,0.900555926059319
315,13.6675,-0.0383236895578427
315,13.675,-1.01426203632048
315,13.6825,-1.77930596668767
315,13.69,-2.73501965917904
315,13.6975,2.59933262581706
315,13.705,1.63322666580103
315,13.7125,0.551340876561932
315,13.72,-0.378218946441389
315,13.7275,-1.37438966412544
315,13.735,-2.33874319992368
315,13.7425,3.09082117186089
315,13.75,2.04546189427964
315,13.7575,1.04417849858864
315,13.765,0.147456571987498
315,13.7725,-0.851766113539506
315,13.78,-1.70229351518122
315,13.7875,-2.54973903817249
315,13.795,2.70377853270294
315,13.8025,2.29118349130568
315,13.81,1.86902598110409
315,13.8175,1.62736430080159
315,13.825,0.577653689024584
315,13.8325,-0.524140956199176
315,13.84,-1.27934066867429
315,13.8475,-2.29969461580067
315,13.855,-3.12022465681809
315,13.8625,2.32033419057697
315,13.87,1.24913918878232
315,13.8775,0.335262551956726
315,13.885,-0.745651196408671
315,13.8925,-1.81758770905581
315,13.9,-2.76690035338485
315,13.9075,2.42632012383305
315,13.915,1.36681628074344
315,13.9225,0.341512836395905
315,13.93,-0.684671957357436
315,13.9375,-1.67567631310353
315,13.945,-2.66315281644428
315,13.9525,2.717945612803
315,13.96,1.7148572214193
315,13.9675,0.669086006369893
315,13.975,-0.358280867384483
315,13.9825,-1.40178077841307
315,13.99,-2.45603397401723
315,13.9975,2.7019614195307
315,14.005,1.74991301583399
315,14.0125,0.669775202931369
315,14.02,-0.851486496703328
315,14.0275,-2.87372342674209
315,14.035,1.43944984334004
315,14.0425,0.127920722821617
315,14.05,-1.22468720170207
315,14.0575,-2.340380233606
315,14.065,2.94410072659682
315,14.0725,1.88803969913489
315,14.08,1.0469158928225
315,14.0875,0.0380318604295667
315,14.095,-0.993716181331857
315,14.1025,-1.91876030325425
315,14.11,-2.9226694205403
315,14.1175,2.43303100778869
315,14.125,1.53343474284214
315,14.1325,0.575596509823847
315,14.14,-0.446729959456231
315,14.1475,-1.47987839300324
315,14.155,-2.50083516851376
315,14.1625,2.73672846952473
315,14.17,1.73544393002856
315,14.1775,0.7384782860712
315,14.185,-0.256938085734863
315,14.1925,-1.21639622111606
315,14.2,-2.24320500380294
315,14.2075,3.12396375941936
315,14.215,2.18450264783745
315,14.2225,1.14078065942302
315,14.23,0.231862267642869
315,14.2375,-0.786580660426909
315,14.245,-1.79655463788734
315,14.2525,-2.72704164900373
315,14.26,2.55461236877564
315,14.2675,1.63163149863809
315,14.275,0.656860239246267
315,14.2825,-0.321760781647275
315,14.29,-1.20980611550455
315,14.2975,-2.02553278386231
315,14.305,-2.72987510761492
315,14.3125,3.04625668033213
315,14.32,2.04085835486769
315,14.3275,1.64982489022539
315,14.335,0.739325049769113
315,14.3425,-0.36832002513467
315,14.35,-0.753256084085197
315,14.3575,-1.97903803770795
315,14.365,-2.3750654731097
315,14.3725,-2.99566311879569
315,14.38,2.26293747004832
315,14.3875,1.46765602630035
315,14.395,0.352426602772937
315,14.4025,-0.716573134654683
315,14.41,-1.67384639782328
315,14.4175,-2.72789691375444
315,14.425,2.58057739422268
315,14.4325,1.61142588869498
315,14.44,0.583250216317475
315,14.4475,-0.368029836415288
315,14.455,-1.40686753369873
315,14.4625,-2.44771545848903
315,14.47,2.89278449125609
315,14.4775,1.8328133252394
315,14.485,0.791553978648361
315,14.4925,-0.165643155278189
315,14.5,-1.25142233472051
315,14.5075,-2.23461706889046
315,14.515,3.08511316675933
315,14.5225,1.99375261485849
315,14.53,1.08918219899763
315,14.5375,0.153640895460228
315,14.545,-0.897177119660876
315,14.5525,-1.92382180212291
315,14.56,-3.04134503147558
315,14.5675,2.27642714730599
315,14.575,1.26810881656187
315,14.5825,0.0508682587965859
315,14.59,-0.636673844660024
315,14.5975,-2.14360268985456
315,14.605,1.65070503183036
315,14.6125,-0.0467204943803431
315,14.62,-1.0760623857383
315,14.6275,-2.13695176401051
315,14.635,2.94646783692133
315,14.6425,1.88121011945568
315,14.65,0.84756611226932
315,14.6575,-0.2301361311869
315,14.665,-1.28041172205751
315,14.6725,-2.30094242636212
315,14.68,2.96275563126097
315,14.6875,1.99299413245055
315,14.695,1.04939284086324
315,14.7025,0.023080289135404
315,14.71,-0.906612412089281
315,14.7175,-1.86531352491875
315,14.725,-2.89330362537831
315,14.7325,2.47120890034943
315,14.74,1.42590771570056
315,14.7475,0.382969255740533
315,14.755,-0.652944803383818
315,14.7625,-1.64609070755186
315,14.77,-2.456644347123
315,14.7775,2.80666759807904
315,14.785,1.83943433168636
315,14.7925,0.938159104825556
315,14.8,-0.159279842088154
315,14.8075,-1.17838458751073
315,14.815,-1.91557551080683
315,14.8225,-2.56768282894729
315,14.83,3.10151397720435
315,14.8375,2.81332604574593
315,14.845,1.86202118151439
315,14.8525,1.70642217760918
315,14.86,1.1421954345764
315,14.8675,0.203750717220517
315,14.875,-0.733960091403843
315,14.8825,-1.88748343730343
315,14.89,-2.9594322165652
315,14.8975,2.33060313344724
315,14.905,1.33277362253098
315,14.9125,0.383679652249589
315,14.92,-0.553467187553715
315,14.9275,-1.54468867934302
315,14.935,-2.54776983438751
315,14.9425,2.72052991848463
315,14.95,1.69663169701572
315,14.9575,0.744012649581852
315,14.965,-0.306642514182086
315,14.9725,-1.3088869628829
315,14.98,-2.33331303505224
315,14.9875,2.83795904053433
315,14.995,1.9704748415196
315,15.0025,1.06062243272003
315,15.01,0.196536107281033
315,15.0175,-0.65312320356182
315,15.025,-1.65482863314415
315,15.0325,-2.53536738231423
315,15.04,2.71810927512653
315,15.0475,1.71032170998104
315,15.055,0.79838546152377
315,15.0625,-0.168742339654163
315,15.07,-1.27857964603441
315,15.0775,-2.41080634955738
315,15.085,2.7658493206682
315,15.0925,1.22414212621403
315,15.1,-0.790008933878422
315,15.1075,-2.27995015024195
315,15.115,2.65657974611782
315,15.1225,1.24394477554856
315,15.13,0.187250941109955
315,15.1375,-0.869860029270179
315,15.145,-2.01397177219927
315,15.1525,-2.95435913771791
315,15.16,2.28197502161477
315,15.1675,1.20083208411601
315,15.175,0.272963438192017
315,15.1825,-0.784555096440419
315,15.19,-1.82063688905349
315,15.1975,-2.76578099262346
315,15.205,2.46657422086973
315,15.2125,1.47509219587268
315,15.22,0.471301714302829
315,15.2275,-0.554240555443319
315,15.235,-1.55846876101467
315,15.2425,-2.59996413839199
315,15.25,2.78108742224393
315,15.2575,1.83309815586036
315,15.265,0.824293474786961
315,15.2725,-0.0790425714491346
315,15.28,-1.04294707115684
315,15.2875,-2.12015173783277
315,15.295,-3.11673056613518
315,15.3025,2.23801361050557
315,15.31,1.06245305761385
315,15.3175,-0.0214939360514867
315,15.325,-0.842644699965474
315,15.3325,-2.11430192984668
315,15.34,2.73850238598688
315,15.3475,1.10778355612044
315,15.355,-0.992586547444941
315,15.3625,-2.47115622879714
315,15.37,2.72605240836913
315,15.3775,1.54553814611139
315,15.385,0.547954264634265
315,15.3925,-0.398303536083114
315,15.4,-1.53014814776403
315,15.4075,-2.56575541376831
315,15.415,2.6656162896797
315,15.4225,1.58843580351533
315,15.43,0.551073266690615
315,15.4375,-0.505645392135935
315,15.445,-1.46404830228788
315,15.4525,-2.41791554309239
315,15.46,2.84260839781552
315,15.4675,1.77960684082161
315,15.475,0.789789553785255
315,15.4825,-0.084524046807162
315,15.49,-1.05451476129852
315,15.4975,-1.8516257819477
315,15.505,-2.59204027650357
315,15.5125,2.68572785629936
315,15.52,1.92891178619214
315,15.5275,0.992169207374237
315,15.535,-0.0212725523274962
315,15.5425,-0.925078485719442
315,15.55,-1.93376659535401
315,15.5575,-2.94300384954714
315,15.565,2.27683094489638
315,15.5725,1.34808309795951
315,15.58,0.726471444227317
315,15.5875,-0.0217665990156716
315,15.595,-0.578281248593949
315,15.6025,-1.39743077195143
315,15.61,-2.50417164654123
315,15.6175,2.7861177120561
315,15.625,1.74445383815777
315,15.6325,0.565908487941651
315,15.64,-0.517345627688867
315,15.6475,-1.58541955019099
315,15.655,-2.67419319271623
315,15.6625,2.99844156203343
315,15.67,2.4090763258147
315,15.6775,2.1652329285509
315,15.685,1.5661757016054
315,15.6925,0.425899530730913
315,15.7,-0.555116401993674
315,15.7075,-1.3362460509383
315,15.715,-2.3404307513355
315,15.7225,3.04386596527508
315,15.73,2.14066426091212
315,15.7375,1.06256717302469
315,15.745,0.124847461783947
315,15.7525,-0.860594721494784
315,15.76,-1.9153119339088
315,15.7675,-2.87338702861855
315,15.775,2.36466211831845
315,15.7825,1.36605394940535
315,15.79,0.3193691490005
315,15.7975,-0.837469741475329
315,15.805,-1.83407969663438
315,15.8125,-2.87229546839368
315,15.82,2.254664496106
315,15.8275,1.24272362622867
315,15.835,0.116883673798766
315,15.8425,-0.985834836766075
315,15.85,-1.63561422544793
315,15.8575,-0.813224856271993
315,15.865,-1.83431431345343
315,15.8725,-3.10559311554776
315,15.88,2.32972581007323
315,15.8875,1.15963393234111
315,15.895,0.187168104981575
315,15.9025,-0.216561256169166
315,15.91,-0.520755837924589
315,15.9175,-1.00409930366528
315,15.925,-1.83427978177897
315,15.9325,-2.84057710037468
315,15.94,2.38695555649437
315,15.9475,1.36168964689157
315,15.955,0.190253312294087
315,15.9625,-0.94574055453281
315,15.97,-2.04052588054285
315,15.9775,3.13971201829326
315,15.985,2.16171130721465
315,15.9925,1.14793245708233
315,16,0.132094176962197
325,4,-2.24384592561035
325,4.0075,3.07829483137382
325,4.015,2.03898151347354
325,4.0225,1.08466794014743
325,4.03,0.168254974591112
325,4.0375,-0.81923907001215
325,4.045,-1.69418286618185
325,4.0525,-2.52347842389146
325,4.06,2.85547633211004
325,4.0675,2.02036332224544
325,4.075,1.09853564449393
325,4.0825,0.140700096455188
325,4.09,-0.808509490998664
325,4.0975,-1.63913851921841
325,4.105,-2.49942691507828
325,4.1125,2.80702946426639
325,4.12,2.00642699309284
325,4.1275,1.06330132850104
325,4.135,0.0612105591924065
325,4.1425,-0.778018710159628
325,4.15,-1.67484096462927
325,4.1575,-2.56463949647687
325,4.165,2.94397377055938
325,4.1725,2.12281870584188
325,4.18,1.41223345584007
325,4.1875,0.614587644118006
325,4.195,-0.340831308397694
325,4.2025,-1.20498047611227
325,4.21,-2.13862652315947
325,4.2175,3.10851473935612
325,4.225,2.30458314375527
325,4.2325,1.29591696987942
325,4.24,0.340839649484288
325,4.2475,-0.555584021896322
325,4.255,-1.59934022252918
325,4.2625,-2.4565005778159
325,4.27,2.78192384314557
325,4.2775,1.78704121056429
325,4.285,0.917596202776936
325,4.2925,-0.0810370140801875
325,4.3,-0.901338641896263
325,4.3075,-1.83946333229934
325,4.315,-2.88010525899842
325,4.3225,2.39520908476109
325,4.33,1.410477995057
325,4.3375,0.393145302034207
325,4.345,-0.628996180351097
325,4.3525,-1.61701760300321
325,4.36,-2.64244492144273
325,4.3675,2.56907987729917
325,4.375,1.5414188849812
325,4.3825,0.566938160711543
325,4.39,-0.404523888927965
325,4.3975,-1.18331415207119
325,4.405,-2.13741572454928
325,4.4125,-3.09329368326765
325,4.42,2.95749129792013
325,4.4275,-2.47882811251554
325,4.435,2.8769484352684
325,4.4425,2.03031073332037
325,4.45,1.01528412358028
325,4.4575,-0.0171311508858883
325,4.465,-1.0073747192374
325,4.4725,-2.05561622199452
325,4.48,-3.0551965674205
325,4.4875,2.25752256954677
325,4.495,1.26812580858219
325,4.5025,0.238866626767352
325,4.51,-0.759402742102825
325,4.5175,-1.69518775859759
325,4.525,-2.62281969632328
325,4.5325,2.72467652189304
325,4.54,1.78212782077894
325,4.5475,0.770797765933315
325,4.555,-0.235999790096739
325,4.5625,-1.21800146328019
325,4.57,-2.22498301702911
325,4.5775,3.06828797493735
325,4.585,2.10096166796117
325,4.5925,1.11369561140078
325,4.6,0.0517678881194174
325,4.6075,-1.01603669853075
325,4.615,-2.05136394221822
325,4.6225,-3.10065290224562
325,4.63,2.11759777392871
325,4.6375,1.00605732908823
325,4.645,-0.12218609728664
325,4.6525,-1.25041165747173
325,4.66,-1.94366515305029
325,4.6675,-1.97766845152139
325,4.675,-2.59286100507219
325,4.6825,3.04954115790311
325,4.69,2.12254036523055
325,4.6975,1.47229939891849
325,4.705,1.23120213516555
325,4.7125,0.885719764396108
325,4.72,0.0931035929837217
325,4.7275,-0.780966086854993
325,4.735,-1.67430383551848
325,4.7425,-2.71122564117476
325,4.75,2.53587786101254
325,4.7575,1.49465409761517
325,4.765,0.564682931044372
325,4.7725,-0.44505284910104
325,4.78,-1.50878752195565
325,4.7875,-2.42142055186812
325,4.795,2.8226857147216
325,4.8025,1.79109508036175
325,4.81,0.88514317187192
325,4.8175,-0.167525206409005
325,4.825,-1.19092281827449
325,4.8325,-2.1739684914508
325,4.84,3.08304647966021
325,4.8475,2.05786891956082
325,4.855,1.02064492039619
325,4.8625,-0.025749146449337
325,4.87,-1.05433758680115
325,4.8775,-2.0890310058773
325,4.885,3.13857309743695
325,4.8925,2.15163130471841
325,4.9,1.12224932203675
325,4.9075,0.0564384711048687
325,4.915,-0.859663979548773
325,4.9225,-1.89441078477586
325,4.93,-2.94868079033904
325,4.9375,2.40773244846061
325,4.945,1.29521600276903
325,4.9525,0.0425898246735443
325,4.96,-1.16830200994793
325,4.9675,-2.57214504467279
325,4.975,2.20673178627152
325,4.9825,0.874389000853699
325,4.99,-0.434967507380017
325,4.9975,-1.68033530028978
325,5.005,-2.80777008696886
325,5.0125,2.30895380854143
325,5.02,1.21467716589809
325,5.0275,0.216487788884781
325,5.035,-0.724257311685376
325,5.0425,-1.6658859001452
325,5.05,-2.63486775606052
325,5.0575,2.6888685677706
325,5.065,1.69291723794516
325,5.0725,0.717279869534149
325,5.08,-0.273866008144416
325,5.0875,-1.2494264915279
325,5.095,-2.21834539323801
325,5.1025,3.05341899646639
325,5.11,2.06856350763427
325,5.1175,1.07510861873653
325,5.125,-0.00307817740536344
325,5.1325,-1.09730855235477
325,5.14,-2.15937099373058
325,5.1475,3.01152378578671
325,5.155,1.89056336662165
325,5.1625,0.857183370790581
325,5.17,-0.170395260917686
325,5.1775,-1.2197042912049
325,5.185,-2.29629473031687
325,5.1925,2.98866755753062
325,5.2,1.87044169427211
325,5.2075,0.641991622584292
325,5.215,-0.513817220037749
325,5.2225,-1.9178860668716
325,5.23,2.93289823784245
325,5.2375,1.63045718127486
325,5.245,0.290566304331912
325,5.2525,-0.957859568913883
325,5.26,-2.07768451526081
325,5.2675,3.00802178182056
325,5.275,1.86990346959303
325,5.2825,0.840781247700266
325,5.29,-0.185357599968448
325,5.2975,-1.02210884891534
325,5.305,-1.90545822968614
325,5.3125,-2.86878140848015
325,5.32,2.45136676983098
325,5.3275,1.50425239575059
325,5.335,0.547071752559343
325,5.3425,-0.382764827725087
325,5.35,-1.32403176440241
325,5.3575,-2.34506321233899
325,5.365,2.99639470420657
325,5.3725,2.04827567941879
325,5.38,1.06842267669008
325,5.3875,0.048542498624928
325,5.395,-0.952251199689846
325,5.4025,-1.92924836856026
325,5.41,-3.0400467200765
325,5.4175,2.37818635442296
325,5.425,1.66611268750324
325,5.4325,0.742651511753889
325,5.44,-0.136867870290791
325,5.4475,-1.02645426097847
325,5.455,-2.0566359191302
325,5.4625,-3.00293492882172
325,5.47,2.33347572815057
325,5.4775,1.21470830896961
325,5.485,0.616658057148562
325,5.4925,-0.351385019472477
325,5.5,0.656965025591615
325,5.5075,-0.482772422016619
325,5.515,-1.30623417560915
325,5.5225,-2.37142464805287
325,5.53,2.96132147244006
325,5.5375,2.33453356075863
325,5.545,1.38431468551439
325,5.5525,0.523866974072619
325,5.56,-0.431582422962617
325,5.5675,-1.53539973003545
325,5.575,-2.55647814260995
325,5.5825,2.70638747065458
325,5.59,1.55837565066994
325,5.5975,0.473382957647469
325,5.605,-0.579673158441694
325,5.6125,-1.71382563740373
325,5.62,-2.78933362190045
325,5.6275,2.46061277274683
325,5.635,1.36938369180812
325,5.6425,0.316147945514743
325,5.65,-0.740951334841468
325,5.6575,-1.85474106563917
325,5.665,-2.9155215358875
325,5.6725,2.34022562958841
325,5.68,1.3405281428121
325,5.6875,0.41295555616011
325,5.695,-0.428296533897478
325,5.7025,-1.38029912220697
325,5.71,-2.44020535455938
325,5.7175,-1.90448594837619
325,5.725,-3.09053129861712
325,5.7325,-2.59229897856338
325,5.74,-2.60866860334672
325,5.7475,2.35378252295917
325,5.755,1.20104249749244
325,5.7625,0.228553868514486
325,5.77,-0.947385857820051
325,5.7775,-2.05760008119738
325,5.785,-2.93753041842671
325,5.7925,2.30297716052676
325,5.8,1.3267415425794
325,5.8075,0.41393242502496
325,5.815,-0.560678745520944
325,5.8225,-1.40263611600052
325,5.83,-2.33736668969701
325,5.8375,2.91109738901061
325,5.845,1.8709231314884
325,5.8525,0.824813039962613
325,5.86,-0.219440799224691
325,5.8675,-1.28738254264122
325,5.875,-2.21037836930168
325,5.8825,3.06326933271282
325,5.89,1.92460425420878
325,5.8975,0.953200509924506
325,5.905,-0.0105953556788456
325,5.9125,-1.04256248804364
325,5.92,-1.98971412338789
325,5.9275,-2.84383986681442
325,5.935,2.5308772743075
325,5.9425,1.76772882923912
325,5.95,1.19234940446238
325,5.9575,0.0867469780620641
325,5.965,-1.19859742903671
325,5.9725,-2.30890420824
325,5.98,3.06673339946665
325,5.9875,1.09185046572842
325,5.995,-2.27152456185244
325,6.0025,3.04380894320193
325,6.01,2.25039567379452
325,6.0175,0.873654685389573
325,6.025,-0.158415777244355
325,6.0325,-1.15993120739136
325,6.04,-2.37222056350817
325,6.0475,-2.95505171586954
325,6.055,2.77467633581833
325,6.0625,1.90340642335531
325,6.07,0.926068331732611
325,6.0775,-0.236329801165255
325,6.085,-1.37127781971995
325,6.0925,-2.36517600747992
325,6.1,2.81764476635059
325,6.1075,1.87132052091306
325,6.115,1.00061940237052
325,6.1225,-0.13258601839445
325,6.13,-1.00569339678153
325,6.1375,-1.9520227338495
325,6.145,-3.08526017670003
325,6.1525,2.3500731717722
325,6.16,1.33908088178033
325,6.1675,0.213714672220601
325,6.175,-0.706513079550908
325,6.1825,-1.68909540889827
325,6.19,-2.66493035573019
325,6.1975,3.00323760136272
325,6.205,2.04005452957136
325,6.2125,0.930017186232326
325,6.22,-0.0460307068994388
325,6.2275,-1.17738269662048
325,6.235,-2.22137975113609
325,6.2425,3.06098628180026
325,6.25,1.8543142032183
325,6.2575,0.981147561153984
325,6.265,-0.458493160116194
325,6.2725,3.00002625332508
325,6.28,1.10906896176623
325,6.2875,0.175967215207675
325,6.295,-0.79513281824694
325,6.3025,-1.75061796103348
325,6.31,-2.44228121926631
325,6.3175,2.86159882137914
325,6.325,1.65629359937294
325,6.3325,0.53593891217887
325,6.34,-0.501127716125034
325,6.3475,-1.55262284369504
325,6.355,-2.56667678501428
325,6.3625,2.7293768591283
325,6.37,1.75609384872705
325,6.3775,0.805214094690129
325,6.385,-0.166543234638787
325,6.3925,-1.15753813592083
325,6.4,-2.18871002753723
325,6.4075,3.05392904312892
325,6.415,2.06027222976423
325,6.4225,1.08928860293288
325,6.43,0.252485136277531
325,6.4375,-0.565585308062535
325,6.445,-1.50668930431208
325,6.4525,-2.40670078498667
325,6.46,2.88989118587026
325,6.4675,1.89983077148161
325,6.475,0.952650000137516
325,6.4825,-0.0704564658135001
325,6.49,-1.11065827602767
325,6.4975,-2.08213769170746
325,6.505,-2.96574504781699
325,6.5125,2.27986029008516
325,6.52,1.55450785910593
325,6.5275,0.853821206121496
325,6.535,0.398568840416202
325,6.5425,-0.0494612098373416
325,6.55,-1.00511181196912
325,6.5575,-1.7206495673131
325,6.565,-2.67908087923565
325,6.5725,2.62111519862975
325,6.58,1.77456077876982
325,6.5875,0.754266434105433
325,6.595,-0.219122576261844
325,6.6025,-1.04877597469897
325,6.61,-2.1159617616044
325,6.6175,-2.85673921245268
325,6.625,2.52886409577802
325,6.6325,1.45341542352794
325,6.64,0.600831690686429
325,6.6475,-0.558838367445718
325,6.655,-1.63722284177222
325,6.6625,-2.31655767386896
325,6.67,2.94908230190893
325,6.6775,2.11397500988899
325,6.685,1.42320786741252
325,6.6925,0.444078764541914
325,6.7,-0.43474354725751
325,6.7075,-1.37379203624063
325,6.715,-2.44831928131381
325,6.7225,2.86634435336613
325,6.73,1.83867117571891
325,6.7375,0.780940179029051
325,6.745,-0.0871671174123705
325,6.7525,-1.11146781093594
325,6.76,-2.05628090053992
325,6.7675,-2.86572713115917
325,6.775,2.44575545883696
325,6.7825,1.62278087090054
325,6.79,0.92569955396797
325,6.7975,0.0558091253175416
325,6.805,-0.96841224512016
325,6.8125,-1.88044749536727
325,6.82,-2.68143974458451
325,6.8275,2.72269231985634
325,6.835,1.85538290648055
325,6.8425,1.10930834937076
325,6.85,0.0790571151891472
325,6.8575,-0.788513214608218
325,6.865,-1.37218979588129
325,6.8725,-2.3775024683999
325,6.88,3.09890760755191
325,6.8875,2.1124431658886
325,6.895,1.10176954121202
325,6.9025,0.138126300548642
325,6.91,-0.865623060753983
325,6.9175,-1.74613910381005
325,6.925,-2.73770929549152
325,6.9325,2.60700999629808
325,6.94,1.75820658547437
325,6.9475,0.733866446694178
325,6.955,-0.256773920291131
325,6.9625,-1.18426495422059
325,6.97,-2.27955343649282
325,6.9775,3.01982267484738
325,6.985,2.18863721464374
325,6.9925,1.19463117770712
325,7,0.494116011030877
325,7.0075,-0.271547986170846
325,7.015,-1.12208867630929
325,7.0225,-1.93447156070568
325,7.03,-2.83987645544713
325,7.0375,2.60819389365144
325,7.045,1.75449245893558
325,7.0525,0.864885042533676
325,7.06,0.0304268764383358
325,7.0675,-0.872854435471658
325,7.075,-1.84292476546524
325,7.0825,-2.77841628382239
325,7.09,2.5335914412059
325,7.0975,1.55138093537491
325,7.105,0.641411851780382
325,7.1125,-0.318004985762554
325,7.12,-1.39589257100922
325,7.1275,-2.34155372223841
325,7.135,3.04153617753272
325,7.1425,1.9903799503288
325,7.15,1.11562817244753
325,7.1575,0.173134567770518
325,7.165,-0.8530906404324
325,7.1725,-1.61365255389586
325,7.18,-2.55844430638038
325,7.1875,2.856315935287
325,7.195,2.12390911388068
325,7.2025,1.08118127312025
325,7.21,0.273650704527321
325,7.2175,-0.49245875682857
325,7.225,-1.37540516697727
325,7.2325,-2.05201189154966
325,7.24,-3.06346612434405
325,7.2475,2.33008869530501
325,7.255,1.41399414025196
325,7.2625,0.371581971672953
325,7.27,-0.451088872435505
325,7.2775,-1.44432022876859
325,7.285,-2.44622622213277
325,7.2925,2.92383338102023
325,7.3,1.96307447635576
325,7.3075,1.06172917618593
325,7.315,0.141839482458593
325,7.3225,-0.809162404272993
325,7.33,-1.81455371166063
325,7.3375,-2.77672200833102
325,7.345,2.56481317454109
325,7.3525,1.62710544148375
325,7.36,0.653125055491012
325,7.3675,-0.300651740504455
325,7.375,-1.22226003755607
325,7.3825,-2.20357049803708
325,7.39,-2.90688738977144
325,7.3975,2.48286123764122
325,7.405,1.69255111712827
325,7.4125,0.911383396474682
325,7.42,0.00561165633839569
325,7.4275,-0.558066849890828
325,7.435,-1.59588049640433
325,7.4425,-2.45165886797383
325,7.45,2.95817912345838
325,7.4575,1.92716966974759
325,7.465,1.09191124129099
325,7.4725,0.252109512645737
325,7.48,-0.741528231849275
325,7.4875,-1.64643905091741
325,7.495,-2.56871491351984
325,7.5025,2.62111807493597
325,7.51,1.71247315317736
325,7.5175,0.698972426402332
325,7.525,-0.391447917764558
325,7.5325,-1.30321023305265
325,7.54,-2.33825797886588
325,7.5475,3.01222920114754
325,7.555,2.18960946585336
325,7.5625,1.2778847348568
325,7.57,0.568891910049691
325,7.5775,-0.263784634357987
325,7.585,-1.17553323457426
325,7.5925,-2.02858331619882
325,7.6,-3.04355723426086
325,7.6075,2.26311947931064
325,7.615,1.37064881215674
325,7.6225,0.484985602029138
325,7.63,-0.377787034123471
325,7.6375,-1.30973447256774
325,7.645,-2.18217299008254
325,7.6525,3.12953504068847
325,7.66,2.17392412231912
325,7.6675,1.33111290285954
325,7.675,0.352932032655024
325,7.6825,-0.622984317739689
325,7.69,-1.5180465288838
325,7.6975,-2.45055030537289
325,7.705,2.8154568476037
325,7.7125,1.97585031837966
325,7.72,1.21161099392252
325,7.7275,0.322673079309637
325,7.735,-0.0758588755627894
325,7.7425,-0.829667157754565
325,7.75,-1.80767827409994
325,7.7575,-2.69256846567858
325,7.765,2.60350475012892
325,7.7725,1.57901075748144
325,7.78,0.608347651659337
325,7.7875,-0.358529017594038
325,7.795,-1.31392068941034
325,7.8025,-2.27053472710056
325,7.81,3.13034184605421
325,7.8175,2.27497207027519
325,7.825,1.39142810364668
325,7.8325,0.533546623227287
325,7.84,-0.441818361083813
325,7.8475,-1.41325465885989
325,7.855,-2.37257402651655
325,7.8625,2.89356676956722
325,7.87,1.88864776226304
325,7.8775,0.941565533362525
325,7.885,-0.0656347635370618
325,7.8925,-1.06576462306263
325,7.9,-1.93064522430071
325,7.9075,-2.96857635961291
325,7.915,2.34526427239766
325,7.9225,1.49714764901139
325,7.93,0.413859952479879
325,7.9375,-0.393455952651603
325,7.945,-1.28542813961448
325,7.9525,-2.26983003760841
325,7.96,-2.79288127013239
325,7.9675,2.70453130009132
325,7.975,2.17181068455016
325,7.9825,1.48119815591449
325,7.99,0.41002744917002
325,7.9975,-0.357356529186311
325,8.005,-1.25904373954467
325,8.0125,-2.28199960035411
325,8.02,-3.13535824814932
325,8.0275,2.12729853460522
325,8.035,1.19134205976582
325,8.0425,0.225888981268534
325,8.05,-0.82410958316349
325,8.0575,-1.70958065952
325,8.065,-2.65927778536484
325,8.0725,2.6549129346018
325,8.08,1.81492413355943
325,8.0875,0.961891802945982
325,8.095,0.0519975839009869
325,8.1025,-0.809441718050095
325,8.11,-1.79731034096413
325,8.1175,-2.726075172602
325,8.125,2.63683231092711
325,8.1325,1.5997042128034
325,8.14,0.760187479802514
325,8.1475,-0.257996578238818
325,8.155,-1.214436944663
325,8.1625,-2.06145410927629
325,8.17,-3.07570754091162
325,8.1775,2.33181943983962
325,8.185,1.41468363793331
325,8.1925,0.488461021159773
325,8.2,-0.395700252470651
325,8.2075,-1.30818976972576
325,8.215,-2.1889474573334
325,8.2225,3.13829023580232
325,8.23,2.14101612031125
325,8.2375,1.1761262254199
325,8.245,0.188314674260064
325,8.2525,-0.806669703796441
325,8.26,-1.7856446657136
325,8.2675,-2.74916061506184
325,8.275,2.74996168899861
325,8.2825,1.82065665034804
325,8.29,0.975865653517348
325,8.2975,0.420518528353924
325,8.305,-0.493687169627791
325,8.3125,-1.13920839876687
325,8.32,-1.81826203398899
325,8.3275,-2.75512279880746
325,8.335,2.75834009727272
325,8.3425,1.97484154177411
325,8.35,1.01482557826003
325,8.3575,0.081855411534614
325,8.365,-0.893935854604043
325,8.3725,-1.91985605361829
325,8.38,-2.93192209261723
325,8.3875,2.32883456061252
325,8.395,1.28781957582689
325,8.4025,0.261269717659851
325,8.41,-0.750233461337906
325,8.4175,-1.80453211379901
325,8.425,-2.77251957937679
325,8.4325,2.55327752920523
325,8.44,1.54085475176022
325,8.4475,0.702229527072502
325,8.455,-0.217032693318229
325,8.4625,-1.14328616447116
325,8.47,-1.94698167788049
325,8.4775,-2.86652854499415
325,8.485,2.48977740815262
325,8.4925,1.51231785706648
325,8.5,0.532873454147286
325,8.5075,-0.337920220702968
325,8.515,-1.15271739026893
325,8.5225,-1.86204978512297
325,8.53,-2.48248795712799
325,8.5375,2.85364998313604
325,8.545,1.9860634550654
325,8.5525,1.04568797478678
325,8.56,0.000583849295745272
325,8.5675,-0.915422122228143
325,8.575,-1.83026444130434
325,8.5825,-2.78393261185249
325,8.59,2.82601213703404
325,8.5975,2.00805928943608
325,8.605,1.07360306365271
325,8.6125,0.302149899397167
325,8.62,-0.776733690628724
325,8.6275,-1.74958303731096
325,8.635,-2.70133040821686
325,8.6425,2.506291254379
325,8.65,1.58990855234998
325,8.6575,0.528013387311681
325,8.665,-0.373885867316828
325,8.6725,-1.25332242444473
325,8.68,-2.27003549493408
325,8.6875,-2.86152190020882
325,8.695,2.52059375302413
325,8.7025,1.77745743960832
325,8.71,0.940781880671781
325,8.7175,0.0492591769230812
325,8.725,-0.880084320776042
325,8.7325,-1.83916295512803
325,8.74,-2.80918439028988
325,8.7475,2.47193145288088
325,8.755,1.49872253021118
325,8.7625,0.50973364933513
325,8.77,-0.396727785651446
325,8.7775,-1.41806065137111
325,8.785,-2.39278226887723
325,8.7925,3.00526004974008
325,8.8,1.94186868936869
325,8.8075,1.03881809342243
325,8.815,0.131663773302034
325,8.8225,-0.887826209696985
325,8.83,-1.61449399947512
325,8.8375,-2.26477604398264
325,8.845,-2.72919633890521
325,8.8525,2.81582374243854
325,8.86,1.88985437553874
325,8.8675,0.995654120759899
325,8.875,-0.0448313112807563
325,8.8825,-1.01490687455786
325,8.89,-1.97781377958936
325,8.8975,-2.9865454082925
325,8.905,2.35644371411908
325,8.9125,1.46502172525169
325,8.92,0.575689175820278
325,8.9275,-0.359965233892308
325,8.935,-1.2012471681412
325,8.9425,-2.16649124321719
325,8.95,3.12977723130538
325,8.9575,2.24796472460882
325,8.965,1.27819534543867
325,8.9725,0.33162461187712
325,8.98,-0.656476439839784
325,8.9875,-1.66633812281797
325,8.995,-2.63631742548138
325,9.0025,2.63346895553156
325,9.01,1.65255646185561
325,9.0175,0.740249962808938
325,9.025,-0.288933278394498
325,9.0325,-1.28023610742513
325,9.04,-2.05731955945736
325,9.0475,-3.07313656684236
325,9.055,2.35420686416168
325,9.0625,1.792173497543
325,9.07,1.12035277786965
325,9.0775,0.724736044233982
325,9.085,0.0201376036726236
325,9.0925,-0.89501469277757
325,9.1,-1.87918433515971
325,9.1075,-2.86015762749871
325,9.115,2.38946399372047
325,9.1225,1.4024418295388
325,9.13,0.388731702515157
325,9.1375,-0.615789570004112
325,9.145,-1.60923781624068
325,9.1525,-2.59537760592398
325,9.16,2.74774761638059
325,9.1675,1.7983655158478
325,9.175,0.96795347006701
325,9.1825,-0.0190320392907908
325,9.19,-0.936556605706641
325,9.1975,-1.78746895981016
325,9.205,-2.80772680993263
325,9.2125,2.58936014021621
325,9.22,1.68190393075509
325,9.2275,0.746046890010797
325,9.235,-0.163162491536891
325,9.2425,-1.06432112094373
325,9.25,-1.98018554353313
325,9.2575,-2.9112977264279
325,9.265,2.40800605555197
325,9.2725,1.47061724419225
325,9.28,0.629784955428017
325,9.2875,-0.397509169060681
325,9.295,-1.24201390194681
325,9.3025,-2.15898692341487
325,9.31,3.09684914118584
325,9.3175,2.25346055183852
325,9.325,1.2860037682131
325,9.3325,0.432638769278303
325,9.34,-0.471786200868747
325,9.3475,-1.44001644020232
325,9.355,-2.2967379883827
325,9.3625,2.99971748712928
325,9.37,1.92615967764617
325,9.3775,1.10477411730479
325,9.385,0.230459098879286
325,9.3925,-0.717495001887802
325,9.4,-1.00191950068071
325,9.4075,-1.7316465996348
325,9.415,-2.34941545271016
325,9.4225,3.06538242083827
325,9.43,2.17874817348041
325,9.4375,1.19499202734906
325,9.445,0.244653434529402
325,9.4525,-0.666324821663628
325,9.46,-1.64637504052301
325,9.4675,-2.60834910753908
325,9.475,2.72146185180079
325,9.4825,1.75835404159034
325,9.49,0.696939397346809
325,9.4975,-0.349872284523032
325,9.505,-1.35263091117522
325,9.5125,-2.41114482476051
325,9.52,2.82854764020944
325,9.5275,1.80868830474319
325,9.535,0.785892846063693
325,9.5425,-0.243110840209556
325,9.55,-1.23088565022387
325,9.5575,-2.16195204895965
325,9.565,-3.09595297580371
325,9.5725,2.305831886003
325,9.58,1.36177522763086
325,9.5875,0.498058248260472
325,9.595,-0.340619325753854
325,9.6025,-1.22643410754781
325,9.61,-2.0455754965992
325,9.6175,-2.95893585008511
325,9.625,2.44089468198053
325,9.6325,1.63134648353432
325,9.64,1.38256238298352
325,9.6475,0.664479433370265
325,9.655,-0.0963626425090007
325,9.6625,-0.977210750034959
325,9.67,-2.10619304563081
325,9.6775,-3.05125680033216
325,9.685,2.34175594211537
325,9.6925,1.29322421424225
325,9.7,0.400125613252286
325,9.7075,-0.425346253277947
325,9.715,-1.30202814775954
325,9.7225,-2.08810313728134
325,9.73,-2.99427351259111
325,9.7375,2.33022603043551
325,9.745,1.3168131322175
325,9.7525,0.305715603417187
325,9.76,-0.671487096216938
325,9.7675,-1.70184882754726
325,9.775,-2.70038247092759
325,9.7825,2.61414719312667
325,9.79,1.58517694840387
325,9.7975,0.669126020217827
325,9.805,-0.139055436452763
325,9.8125,-1.05162070696281
325,9.82,-1.8847872253987
325,9.8275,-2.72192299706826
325,9.835,2.56758740620446
325,9.8425,1.58200438518586
325,9.85,0.634581625805641
325,9.8575,-0.415170964323102
325,9.865,-1.48167359241186
325,9.8725,-2.4230389951999
325,9.88,2.82617715406765
325,9.8875,1.84057029813192
325,9.895,0.977567053085082
325,9.9025,0.00632453704314174
325,9.91,-0.773182204031929
325,9.9175,-1.71429618012012
325,9.925,-2.55451005925158
325,9.9325,2.87089989446518
325,9.94,1.83784630850903
325,9.9475,1.03696993931182
325,9.955,0.228060350470231
325,9.9625,0.0661000062887079
325,9.97,-0.598193255887229
325,9.9775,-1.27477294975488
325,9.985,-2.1695939038546
325,9.9925,3.06754422383284
325,10,2.12269483455531
325,10.0075,1.15225322104903
325,10.015,0.0649755564232967
325,10.0225,-0.946278552265116
325,10.03,-1.85939962723065
325,10.0375,-2.85516587666278
325,10.045,2.4969344617535
325,10.0525,1.5864722196903
325,10.06,0.590173434795998
325,10.0675,-0.387468201465517
325,10.075,-1.37188477024655
325,10.0825,-2.3475519898925
325,10.09,2.93008752408299
325,10.0975,1.88484086961226
325,10.105,0.878761096627149
325,10.1125,-0.148920201991292
325,10.12,-1.15761137264796
325,10.1275,-2.09740247353426
325,10.135,-3.11271118810855
325,10.1425,2.20096135961965
325,10.15,1.33680184849403
325,10.1575,0.350221908793729
325,10.165,-0.410874609121193
325,10.1725,-0.961272954603894
325,10.18,-1.90836231100706
325,10.1875,-2.34729094383558
325,10.195,-3.09941691161001
325,10.2025,2.34319542742846
325,10.21,1.57560340369863
325,10.2175,0.627265628997753
325,10.225,-0.383953350547089
325,10.2325,-1.36461650114367
325,10.24,-2.22880447935562
325,10.2475,3.01504667744307
325,10.255,1.99256659656418
325,10.2625,1.07511591869509
325,10.27,0.116066786734412
325,10.2775,-0.821818526027689
325,10.285,-1.73841990530172
325,10.2925,-2.60055048408952
325,10.3,2.6766400510888
325,10.3075,1.75818318376934
325,10.315,0.930363290089375
325,10.3225,-0.0127726807462886
325,10.33,-0.892276600875383
325,10.3375,-1.79574875062781
325,10.345,-2.68473167300372
325,10.3525,2.67763873853098
325,10.36,1.7967771921551
325,10.3675,0.892856200173718
325,10.375,-0.0241412460279196
325,10.3825,-0.915226163902752
325,10.39,-1.9316881254646
325,10.3975,-2.82156520562411
325,10.405,2.47715876256696
325,10.4125,1.43480936398983
325,10.42,0.519283017553578
325,10.4275,-0.451494778345358
325,10.435,-1.36866573710096
325,10.4425,-2.21424456209422
325,10.45,-3.07282168522518
325,10.4575,2.22868943208101
325,10.465,1.24873838027931
325,10.4725,0.391845677892441
325,10.48,-0.596703600307732
325,10.4875,-1.47258851798834
325,10.495,-2.06015793773951
325,10.5025,-2.51222790887153
325,10.51,-3.09908020448911
325,10.5175,2.66210384926128
325,10.525,1.54843590464609
325,10.5325,0.567190184194781
325,10.54,-0.307594560609648
325,10.5475,-1.42771696114022
325,10.555,-2.38803284424187
325,10.5625,2.92857183506089
325,10.57,1.82004709286427
325,10.5775,0.802789979239561
325,10.585,-0.180205906516026
325,10.5925,-1.15870818875646
325,10.6,-2.11818335981664
325,10.6075,-3.09113654681492
325,10.615,2.26961173124042
325,10.6225,1.22006082928825
325,10.63,0.182838300552523
325,10.6375,-0.721148888756362
325,10.645,-1.78705343143655
325,10.6525,-2.84479387605019
325,10.66,2.46639031383363
325,10.6675,1.36271693052967
325,10.675,0.254940025922191
325,10.6825,-0.634563122450102
325,10.69,-1.44480845552639
325,10.6975,-2.22890016314609
325,10.705,-2.75121337425935
325,10.7125,2.54149100980671
325,10.72,2.53353229555507
325,10.7275,1.67582739093623
325,10.735,0.987696247835867
325,10.7425,0.406170888967718
325,10.75,-0.422537606339329
325,10.7575,-1.02397697638481
325,10.765,-2.05019613501495
325,10.7725,-3.06791199470969
325,10.78,2.15365204872807
325,10.7875,1.06590943118915
325,10.795,0.0259435348422086
325,10.8025,-1.04094743672067
325,10.81,-2.06423210440054
325,10.8175,-3.10007932571594
325,10.825,2.12248319050885
325,10.8325,1.12695565346396
325,10.84,0.15317663186922
325,10.8475,-0.788519641753514
325,10.855,-1.62182128984131
325,10.8625,-2.44298233341463
325,10.87,2.95032254925025
325,10.8775,2.02661555696138
325,10.885,1.03564702388311
325,10.8925,0.0321229211035018
325,10.9,-0.979639613786013
325,10.9075,-1.97598750293011
325,10.915,-2.91659626613057
325,10.9225,2.38697011795824
325,10.93,1.45101256145568
325,10.9375,0.595885146396196
325,10.945,-0.348743281704771
325,10.9525,-1.23757099829833
325,10.96,-2.12831079397286
325,10.9675,3.08098420020619
325,10.975,2.03620334973815
325,10.9825,1.00753207767907
325,10.99,-0.125974401856688
325,10.9975,-1.29338999862481
325,11.005,-2.51122519241479
325,11.0125,2.36048924365492
325,11.02,1.32929374569749E-05
325,11.0275,-1.81515675603754
325,11.035,3.12403314430826
325,11.0425,1.98389088000598
325,11.05,0.876483586524597
325,11.0575,-0.153289863901755
325,11.065,-1.07512748513077
325,11.0725,-1.98760913982291
325,11.08,-2.8644776896379
325,11.0875,2.46421542443748
325,11.095,1.52843769121993
325,11.1025,0.556802006155946
325,11.11,-0.471598181372769
325,11.1175,-1.4484412688967
325,11.125,-2.45189439111573
325,11.1325,2.80719759461677
325,11.14,1.78080874157253
325,11.1475,0.780390470491441
325,11.155,-0.216262378705638
325,11.1625,-1.14465378586686
325,11.17,-2.03746462494914
325,11.1775,-3.03486170348516
325,11.185,2.28796582927598
325,11.1925,1.2787445689381
325,11.2,0.247949975931649
325,11.2075,-0.709858319442706
325,11.215,-1.73365608097211
325,11.2225,-2.74429656935037
325,11.23,2.55305403843567
325,11.2375,1.44944760785446
325,11.245,0.477061342559456
325,11.2525,-0.395858415282534
325,11.26,-1.52973945054499
325,11.2675,-2.13933704215299
325,11.275,-2.79889891650229
325,11.2825,-2.95347672862404
325,11.29,3.00280909629814
325,11.2975,1.88863271681327
325,11.305,0.987374583408523
325,11.3125,0.252632563819841
325,11.32,-0.388358270095236
325,11.3275,-1.00491798038001
325,11.335,-1.91014238296154
325,11.3425,-2.94634745633144
325,11.35,2.43598752763867
325,11.3575,1.43158720305631
325,11.365,0.426206182890533
325,11.3725,-0.504731365767654
325,11.38,-1.53398086889804
325,11.3875,-2.53156622665123
325,11.395,2.81973105740963
325,11.4025,1.85331442045402
325,11.41,0.848390894095196
325,11.4175,-0.13797189781997
325,11.425,-1.1167704621805
325,11.4325,-2.19739455739323
325,11.44,3.06448423086731
325,11.4475,2.13713955774592
325,11.455,1.09933828921315
325,11.4625,0.174478099548011
325,11.47,-0.698823587053166
325,11.4775,-1.66664370645622
325,11.485,-2.5303944251836
325,11.4925,2.83992365337043
325,11.5,1.88796062783019
325,11.5075,0.958914779323566
325,11.515,0.0464091345539907
325,11.5225,-0.930143334033265
325,11.53,-1.92141823913084
325,11.5375,-2.83058773629359
325,11.545,2.48422365868024
325,11.5525,1.60576065130124
325,11.56,0.71352790463534
325,11.5675,-0.212690245645705
325,11.575,-1.08196632288368
325,11.5825,-1.81326965078049
325,11.59,-2.26666317799275
325,11.5975,-2.89038095118039
325,11.605,2.86011491058473
325,11.6125,1.91411365131056
325,11.62,1.0957418084509
325,11.6275,0.313735519848427
325,11.635,-0.63194627716021
325,11.6425,-1.58558965698678
325,11.65,-2.54138788787218
325,11.6575,2.70466742693842
325,11.665,1.63086437449778
325,11.6725,0.672311939289771
325,11.68,-0.34582272891778
325,11.6875,-1.41106096299303
325,11.695,-2.37540331260607
325,11.7025,2.88194199044513
325,11.71,1.85233040840138
325,11.7175,0.994322367267781
325,11.725,0.114564495541352
325,11.7325,-0.851116784548634
325,11.74,-1.78898730330497
325,11.7475,-2.79396874084154
325,11.755,2.43213668978891
325,11.7625,1.42950751343562
325,11.77,0.4040383866396
325,11.7775,-0.582381448121817
325,11.785,-1.57344936921691
325,11.7925,-2.61295094584614
325,11.8,2.85838787548222
325,11.8075,2.19234144758462
325,11.815,1.52273762692974
325,11.8225,0.801984906261003
325,11.83,-0.141914778227108
325,11.8375,-1.21820346038793
325,11.845,-2.08641572259487
325,11.8525,-2.92134514912155
325,11.86,2.38205638466583
325,11.8675,1.71411855131909
325,11.875,1.26932763542084
325,11.8825,0.763845480921024
325,11.89,-0.000165618064460999
325,11.8975,-0.908114745021476
325,11.905,-1.98116797362158
325,11.9125,-3.04565929564978
325,11.92,2.15177514126134
325,11.9275,1.09428557619226
325,11.935,0.0550727489917401
325,11.9425,-1.04327838522363
325,11.95,-2.0180816533015
325,11.9575,-2.99146274583601
325,11.965,2.25222791249829
325,11.9725,1.36633845669316
325,11.98,0.496253688275742
325,11.9875,-0.468206205167836
325,11.995,-1.45758455516762
325,12.0025,-2.3874703330478
325,12.01,2.83865915039318
325,12.0175,1.69836958613412
325,12.025,0.769806665066752
325,12.0325,-0.140887812034067
325,12.04,-0.862532997434471
325,12.0475,-1.30743789142294
325,12.055,-1.97074774025023
325,12.0625,-2.71363910126786
325,12.07,2.61947462970379
325,12.0775,1.62947891108377
325,12.085,0.509414101113378
325,12.0925,-0.557266836197022
325,12.1,-1.61330105617713
325,12.1075,-2.76952165387338
325,12.115,2.89623242288329
325,12.1225,2.36833937284769
325,12.13,2.1071170667241
325,12.1375,1.31560496640633
325,12.145,0.309974130593167
325,12.1525,-0.569387929822138
325,12.16,-1.57160778401796
325,12.1675,-2.59521066858867
325,12.175,2.6286508612435
325,12.1825,1.59032762873481
325,12.19,0.614640667227457
325,12.1975,-0.297231518126821
325,12.205,-1.14134933285384
325,12.2125,-2.06101944909366
325,12.22,-2.98356936651025
325,12.2275,2.39823724114914
325,12.235,1.41593060538034
325,12.2425,0.454548912871456
325,12.25,-0.501647243325104
325,12.2575,-1.59521318926711
325,12.265,-2.61598167469261
325,12.2725,2.76480614055666
325,12.28,1.76388869210275
325,12.2875,0.914323975840771
325,12.295,-0.0103318453810588
325,12.3025,-1.03565884981288
325,12.31,-2.08081554661217
325,12.3175,3.08672528798914
325,12.325,2.09020292339604
325,12.3325,1.02634296411419
325,12.34,-0.151724146290213
325,12.3475,-1.22186604739592
325,12.355,-2.52291901764895
325,12.3625,2.08709912929328
325,12.37,0.217986275116365
325,12.3775,-1.34833118826171
325,12.385,-2.67785051854978
325,12.3925,2.44516745504881
325,12.4,1.46329803846022
325,12.4075,0.458410541805075
325,12.415,-0.648800561698913
325,12.4225,-1.71472663191195
325,12.43,-2.74751564544777
325,12.4375,2.52285431858193
325,12.445,1.51586152920795
325,12.4525,0.537831467777374
325,12.46,-0.389458262653027
325,12.4675,-1.43660192864568
325,12.475,-2.49811628813945
325,12.4825,2.82894815590928
325,12.49,1.84124030054859
325,12.4975,0.822888268656107
325,12.505,-0.062177047050201
325,12.5125,-0.968205724770787
325,12.52,-2.03262991173108
325,12.5275,-2.94027018545177
325,12.535,2.44078536980311
325,12.5425,1.43745858331548
325,12.55,0.561806011459791
325,12.5575,-0.417505599301979
325,12.565,-1.43136294409732
325,12.5725,-2.49307305726765
325,12.58,2.67139588094444
325,12.5875,1.68044689216176
325,12.595,0.695387710782133
325,12.6025,-0.419163061921432
325,12.61,-1.39448861798218
325,12.6175,-2.37698588082607
325,12.625,2.58644503850327
325,12.6325,1.31506340684
325,12.64,1.19956723572435
325,12.6475,2.86926449356991
325,12.655,1.52063022859578
325,12.6625,0.564326184684126
325,12.67,-0.0961120127515943
325,12.6775,-0.994067264473659
325,12.685,-1.86619121653114
325,12.6925,-3.02479679564338
325,12.7,2.2425306998493
325,12.7075,1.34206913672188
325,12.715,0.310817698227819
325,12.7225,-0.525147443950809
325,12.73,-1.472529741867
325,12.7375,-2.46635560914673
325,12.745,3.04955597773775
325,12.7525,2.23449616918795
325,12.76,1.31172404549367
325,12.7675,0.319568748310596
325,12.775,-0.722409808420651
325,12.7825,-1.79074211050339
325,12.79,-2.87020030222417
325,12.7975,2.34804072022662
325,12.805,1.31617054286767
325,12.8125,0.277456185506393
325,12.82,-0.779674217936693
325,12.8275,-1.8291466680644
325,12.835,-2.90408763083814
325,12.8425,2.30705275492347
325,12.85,1.26776060313418
325,12.8575,0.258063075653009
325,12.865,-0.697969786261255
325,12.8725,-1.73885699864664
325,12.88,-2.7787218232517
325,12.8875,2.49272382219901
325,12.895,1.37073839290749
325,12.9025,0.243288602440473
325,12.91,-0.9653035229374
325,12.9175,-2.31193984723845
325,12.925,2.49544910315518
325,12.9325,0.777697899596554
325,12.94,-0.750163320796356
325,12.9475,-1.73925774013667
325,12.955,-2.95872386474363
325,12.9625,2.17240110262032
325,12.97,1.5958736802318
325,12.9775,0.735050746556764
325,12.985,-0.213614978848241
325,12.9925,-1.15389621417746
325,13,-2.19123467142993
325,13.0075,3.03107073789151
325,13.015,2.02464597098175
325,13.0225,0.943879467348314
325,13.03,-0.163387756248077
325,13.0375,-1.24198899759632
325,13.045,-2.34219712203477
325,13.0525,2.89176471005982
325,13.06,1.88052973193288
325,13.0675,0.884325533337989
325,13.075,-0.112238888952829
325,13.0825,-1.11106270313508
325,13.09,-2.07089705425614
325,13.0975,-3.04326838654179
325,13.105,2.38823158219226
325,13.1125,1.46286066219287
325,13.12,0.49594782643588
325,13.1275,-0.448387485184365
325,13.135,-1.46819929381971
325,13.1425,-2.25680699051485
325,13.15,-3.04677115660611
325,13.1575,2.46792997861594
325,13.165,1.50508103980728
325,13.1725,0.501337604306054
325,13.18,-0.460614434954539
325,13.1875,-1.34050227410289
325,13.195,-1.70200066411382
325,13.2025,-2.71189192842173
325,13.21,2.71836752074703
325,13.2175,2.0877014395589
325,13.225,1.10634633382228
325,13.2325,0.849165291103186
325,13.24,0.176092519097644
325,13.2475,-0.906089868388216
325,13.255,-1.83328153212937
325,13.2625,-2.83934110603075
325,13.27,2.39560400875657
325,13.2775,1.42188524352594
325,13.285,0.383555663866225
325,13.2925,-0.683470804237176
325,13.3,-1.67089363686338
325,13.3075,-2.66303015775182
325,13.315,2.81695033730324
325,13.3225,2.139583238672
325,13.33,1.22298713334173
325,13.3375,0.355273248892645
325,13.345,-0.642785400217715
325,13.3525,-1.64805789691911
325,13.36,-2.54355241634921
325,13.3675,2.78238174530077
325,13.375,1.8719383459362
325,13.3825,0.841854070988888
325,13.39,-0.239168126562127
325,13.3975,-1.18375154245622
325,13.405,-2.19208614130725
325,13.4125,3.06747737749632
325,13.42,2.14319796914173
325,13.4275,1.10658030247491
325,13.435,0.0621842920036123
325,13.4425,-0.85747437706094
325,13.45,-1.79226482203798
325,13.4575,-2.61444752881281
325,13.465,2.88086092709307
325,13.4725,1.87000065851877
325,13.48,1.15602051301973
325,13.4875,0.858324876796974
325,13.495,0.772657333248368
325,13.5025,0.120668180162179
325,13.51,-1.00484637712306
325,13.5175,-2.06469181095673
325,13.525,-2.95406375193765
325,13.5325,2.30364024862511
325,13.54,1.31679620786143
325,13.5475,0.387517732923612
325,13.555,-0.65457846516056
325,13.5625,-1.65266613500743
325,13.57,-2.64561045019787
325,13.5775,2.66590706132939
325,13.585,1.70272392374454
325,13.5925,0.697059290437736
325,13.6,-0.284927541637863
325,13.6075,-1.32333609880262
325,13.615,-2.34715337681433
325,13.6225,2.99123417379582
325,13.63,2.09453118346443
325,13.6375,1.21017075767213
325,13.645,0.365020364979685
325,13.6525,-0.627016238795299
325,13.66,-1.62616692568129
325,13.6675,-2.40610892558736
325,13.675,2.91659414263972
325,13.6825,2.21762123704635
325,13.69,1.43334029368737
325,13.6975,0.527393818211788
325,13.705,-0.259390169742439
325,13.7125,-1.14071552743844
325,13.72,-1.93960544743892
325,13.7275,-2.86016584113417
325,13.735,2.5308295701507
325,13.7425,1.65085849655071
325,13.75,0.738563151553812
325,13.7575,-0.181157166064619
325,13.765,-1.00692844953454
325,13.7725,-1.98248569216939
325,13.78,-2.90597695220847
325,13.7875,2.56958743965044
325,13.795,1.69387268266562
325,13.8025,1.06388569171547
325,13.81,0.0664160326742527
325,13.8175,-0.837421343825676
325,13.825,-1.77530998104497
325,13.8325,-2.8778854361352
325,13.84,2.51272942349652
325,13.8475,1.52139031583152
325,13.855,0.451760868250783
325,13.8625,-0.389949161843374
325,13.87,-1.38500996109888
325,13.8775,-2.30590715032657
325,13.885,-3.02375620941997
325,13.8925,2.21847308666682
325,13.9,1.28683616943811
325,13.9075,0.347253807323222
325,13.915,-0.759974036016495
325,13.9225,-1.71716757518422
325,13.93,-2.66484678742107
325,13.9375,2.57237240816996
325,13.945,1.59717677600694
325,13.9525,0.590330149013977
325,13.96,-0.459219959380578
325,13.9675,-1.43991442454729
325,13.975,-2.4649400679854
325,13.9825,2.71927873027674
325,13.99,1.73535975316823
325,13.9975,0.685043836610165
325,14.005,-0.399299144891852
325,14.0125,0.500813239570244
325,14.02,-0.0461076303004759
325,14.0275,-0.734407945483837
325,14.035,-1.73160545575143
325,14.0425,-2.43537503639279
325,14.05,2.94382515519553
325,14.0575,2.05303484384606
325,14.065,1.03367114568945
325,14.0725,-0.0604901558172018
325,14.08,-1.07929529155185
325,14.0875,-2.11609576955146
325,14.095,3.11113497020743
325,14.1025,2.11685816889716
325,14.11,1.16299794384333
325,14.1175,0.166550447213014
325,14.125,-0.814546291269747
325,14.1325,-1.78242885905102
325,14.14,-2.76952066622896
325,14.1475,2.48779232927358
325,14.155,1.50280785858151
325,14.1625,0.534585383264427
325,14.17,-0.560008077863672
325,14.1775,-1.55711404139203
325,14.185,-2.49666295746784
325,14.1925,2.74971163441082
325,14.2,1.81373818189736
325,14.2075,0.913052114240483
325,14.215,0.0319899820839967
325,14.2225,-0.914368400827275
325,14.23,-1.77386551910606
325,14.2375,-2.70435252360085
325,14.245,2.62395485925911
325,14.2525,1.81556930448783
325,14.26,0.74223802459106
325,14.2675,-0.279408070276224
325,14.275,-1.03695190686511
325,14.2825,-2.07567861941568
325,14.29,-2.9757146716378
325,14.2975,2.70566643708168
325,14.305,1.55352615823701
325,14.3125,1.06095236612603
325,14.32,0.461545374713109
325,14.3275,-0.265036742407916
325,14.335,-0.98968811605481
325,14.3425,-2.2032003705762
325,14.35,-3.02192723249423
325,14.3575,2.41744923628396
325,14.365,1.75425965370763
325,14.3725,1.06495930830618
325,14.38,0.0819653975464522
325,14.3875,-0.787663143636702
325,14.395,-1.78031235441354
325,14.4025,-2.83591463432644
325,14.41,2.47147362073478
325,14.4175,1.45541077584956
325,14.425,0.358468087524367
325,14.4325,-0.659689910844293
325,14.44,-1.70081868147266
325,14.4475,-2.72316658470177
325,14.455,2.67994798082581
325,14.4625,1.67213435317255
325,14.47,0.722141040558383
325,14.4775,-0.206904599152226
325,14.485,-1.28961045054433
325,14.4925,-2.27469088740823
325,14.5,2.97849457818574
325,14.5075,1.88789948401912
325,14.515,0.927031319233577
325,14.5225,-0.10964485431703
325,14.53,-1.12496230372756
325,14.5375,-2.0632505108596
325,14.545,-3.09907945711888
325,14.5525,2.35535504611385
325,14.56,1.42526016934464
325,14.5675,0.409850132220831
325,14.575,-0.446208497810298
325,14.5825,-1.68015713209623
325,14.59,-3.0348091409684
325,14.5975,-1.64466067691598
325,14.605,-1.58856519017867
325,14.6125,-2.48067822562899
325,14.62,2.70878621561277
325,14.6275,1.73894480223709
325,14.635,0.695214876259989
325,14.6425,-0.337717112089847
325,14.65,-1.36315257109352
325,14.6575,-2.32399110252194
325,14.665,2.98901662015691
325,14.6725,2.01972496977799
325,14.68,1.07590775750395
325,14.6875,0.0875150565041994
325,14.695,-0.864451678564775
325,14.7025,-1.80646889658192
325,14.71,-2.76337473324729
325,14.7175,2.51989417149191
325,14.725,1.45820820172449
325,14.7325,0.426474027830782
325,14.74,-0.606937920839286
325,14.7475,-1.61416646011048
325,14.755,-2.56477368379131
325,14.7625,2.6451412010282
325,14.77,1.60032947503475
325,14.7775,0.597443425330133
325,14.785,-0.377413048367897
325,14.7925,-1.14338665050606
325,14.8,-2.00466226852798
325,14.8075,-2.55087931060563
325,14.815,2.86532483736007
325,14.8225,1.99264268934669
325,14.83,1.07737527595208
325,14.8375,0.211650267360896
325,14.845,-0.593723309631328
325,14.8525,-1.30324030370443
325,14.86,-1.8697730662857
325,14.8675,-2.91193000179266
325,14.875,2.6980035506927
325,14.8825,1.7670044978294
325,14.89,0.752766949619342
325,14.8975,-0.0185491621349624
325,14.905,-0.957105375015968
325,14.9125,-1.99927633408054
325,14.92,-2.79411793292002
325,14.9275,2.743570242649
325,14.935,1.92369789044491
325,14.9425,1.14776363056977
325,14.95,0.113519994064286
325,14.9575,-0.821903163037886
325,14.965,-1.79576542670884
325,14.9725,-2.85435556626626
325,14.98,2.41927468608528
325,14.9875,1.35629586907954
325,14.995,0.301993896024928
325,15.0025,-0.755679837843762
325,15.01,-1.78035641031735
325,15.0175,-2.74794078693482
325,15.025,2.53221484172275
325,15.0325,1.60879619802591
325,15.04,0.773452777558481
325,15.0475,-0.138482232528279
325,15.055,-1.05394948422804
325,15.0625,-1.92813082638528
325,15.07,-2.92172531458629
325,15.0775,2.3815486390371
325,15.085,1.45136630172843
325,15.0925,0.474525040247768
325,15.1,-0.302356213852231
325,15.1075,-1.03368916558865
325,15.115,-1.71501947018195
325,15.1225,-2.40828418503819
325,15.13,-3.13527469296998
325,15.1375,2.59622584817591
325,15.145,1.65102868950057
325,15.1525,0.929357431586794
325,15.16,0.279153508429648
325,15.1675,-0.740149616246235
325,15.175,-1.63528588660093
325,15.1825,-2.55061767523655
325,15.19,2.74175752473305
325,15.1975,1.83876585670627
325,15.205,0.772637172103643
325,15.2125,-0.296742469564465
325,15.22,-1.33816802014365
325,15.2275,-2.42065491885878
325,15.235,2.87654740615414
325,15.2425,1.844293943273
325,15.25,0.824327151315941
325,15.2575,-0.105663889137031
325,15.265,-1.11481829096412
325,15.2725,-2.06052989602551
325,15.28,-3.01968232521484
325,15.2875,2.29705225439221
325,15.295,1.3427934188317
325,15.3025,0.32072674396484
325,15.31,-0.514167657545728
325,15.3175,-1.46865260185919
325,15.325,-2.41441492878686
325,15.3325,3.097705888754
325,15.34,2.13615641454753
325,15.3475,1.3411768592998
325,15.355,0.418672429412051
325,15.3625,-0.313840500682636
325,15.37,-1.16915001741329
325,15.3775,-2.13976077699544
325,15.385,-2.7411210071201
325,15.3925,2.96421163361152
325,15.4,2.21122449189728
325,15.4075,1.40714133868195
325,15.415,0.638462582359541
325,15.4225,-0.357089907831314
325,15.43,-1.15357159729627
325,15.4375,-2.11097735401458
325,15.445,3.05698883432808
325,15.4525,2.13088030171712
325,15.46,1.10661338556969
325,15.4675,-0.0177144067350589
325,15.475,-1.10200851613923
325,15.4825,-2.14463854119891
325,15.49,3.09122613258663
325,15.4975,2.04876106980207
325,15.505,1.36394408031018
325,15.5125,0.628997403254462
325,15.52,-0.0724595293934395
325,15.5275,-0.806995789332408
325,15.535,-1.82910984442217
325,15.5425,-2.70616666484792
325,15.55,2.6518761286425
325,15.5575,1.59630443976091
325,15.565,0.657963820001604
325,15.5725,-0.375631526995469
325,15.58,-1.5027072171732
325,15.5875,-2.46895907003449
325,15.595,2.80648536739952
325,15.6025,1.70369307539967
325,15.61,0.634815098597751
325,15.6175,-0.446667955821606
325,15.625,-1.49646761457716
325,15.6325,-2.55652971187436
325,15.64,2.66544162781327
325,15.6475,1.6317079186052
325,15.655,0.451635249732584
325,15.6625,-0.952890126614071
325,15.67,-2.77747799790528
325,15.6775,1.7032596047441
325,15.685,0.431401657550038
325,15.6925,-0.979694399691222
325,15.7,-2.22239253587418
325,15.7075,3.00511095791665
325,15.715,1.90149392545874
325,15.7225,0.792651926821197
325,15.73,-0.333124049687134
325,15.7375,-1.42568214965117
325,15.745,-2.43887994289436
325,15.7525,2.87685242563542
325,15.76,2.00837158351473
325,15.7675,1.25058306278328
325,15.775,0.517106193060101
325,15.7825,-0.271325000219584
325,15.79,-1.08753145282476
325,15.7975,-2.15459963596783
325,15.805,3.02861966609971
325,15.8125,1.97393157199533
325,15.82,0.908949038862068
325,15.8275,-0.0384975208553267
325,15.835,-1.06809399808676
325,15.8425,-2.08368180585884
325,15.85,-2.93455746750426
325,15.8575,2.340116618091
325,15.865,1.38438973939576
325,15.8725,0.409181379298216
325,15.88,-0.611084668555243
325,15.8875,-1.63054249135614
325,15.895,-2.69992965053009
325,15.9025,2.82574372621104
325,15.91,1.90814857689668
325,15.9175,1.18044081434385
325,15.925,0.598223624098337
325,15.9325,-0.571488426157623
325,15.94,-1.52888303365721
325,15.9475,-2.49026752414712
325,15.955,2.75588782223941
325,15.9625,1.78006081679922
325,15.97,0.698724411615545
325,15.9775,-0.301441138618487
325,15.985,-1.42889424590869
325,15.9925,-2.45165964642997
325,16,3.10553762943622
335,4,3.1394937230139
335,4.0075,2.19800851363384
335,4.015,1.23017994548601
335,4.0225,0.224625961720668
335,4.03,-0.732494362985169
335,4.0375,-1.74528134153846
335,4.045,-2.79634381135985
335,4.0525,2.49169195656854
335,4.06,1.525818471408
335,4.0675,0.530803276699932
335,4.075,-0.280504874708651
335,4.0825,-1.15215330647135
335,4.09,-1.85122397717453
335,4.0975,-2.19792198102466
335,4.105,3.13442024375983
335,4.1125,2.43770640903907
335,4.12,1.45132146863839
335,4.1275,0.551594953670731
335,4.135,-0.180978071968795
335,4.1425,-1.10447911807519
335,4.15,-1.75526459267032
335,4.1575,-2.65396255764639
335,4.165,2.78376476115211
335,4.1725,1.9606643367963
335,4.18,0.887021415356705
335,4.1875,-0.0348894453842403
335,4.195,-0.950882885576203
335,4.2025,-1.90957679399832
335,4.21,-2.79394318215577
335,4.2175,2.5372421950488
335,4.225,1.58346831331157
335,4.2325,0.65845345123652
335,4.24,-0.320839552315348
335,4.2475,-1.3356496285986
335,4.255,-2.32270067964626
335,4.2625,2.89544554147297
335,4.27,1.83531546531185
335,4.2775,0.876798113645454
335,4.285,-0.15202502284102
335,4.2925,-0.987614891801006
335,4.3,-1.91025308303176
335,4.3075,-2.85653674784982
335,4.315,2.6141083677004
335,4.3225,1.60745908925634
335,4.33,0.708011250027271
335,4.3375,-0.291491543976967
335,4.345,-1.38560455966697
335,4.3525,-2.36984391908194
335,4.36,2.85848169827095
335,4.3675,1.7880813406835
335,4.375,0.810517970713651
335,4.3825,-0.237073173189883
335,4.39,-1.18312979761219
335,4.3975,-1.74216684975399
335,4.405,-2.59917898566697
335,4.4125,2.72645385408667
335,4.42,1.61195862201064
335,4.4275,0.0872677283656788
335,4.435,-2.02416532981345
335,4.4425,2.32515367642321
335,4.45,1.08152619481814
335,4.4575,-0.160051946275275
335,4.465,-1.28840695823519
335,4.4725,-2.34440459670513
335,4.48,2.78475282262598
335,4.4875,1.63133620666618
335,4.495,0.52926442785325
335,4.5025,-0.551691290454791
335,4.51,-1.58981109561491
335,4.5175,-2.5502891640363
335,4.525,2.7907657809758
335,4.5325,1.82023190698355
335,4.54,0.913351124794928
335,4.5475,-0.02520399794229
335,4.555,-1.03209891641894
335,4.5625,-2.06623983112459
335,4.57,-3.12339700928491
335,4.5775,2.1403097599098
335,4.585,1.10979165881832
335,4.5925,0.0488102764265818
335,4.6,-0.994302840299947
335,4.6075,-2.08963851052427
335,4.615,3.0835545393141
335,4.6225,2.07368922107893
335,4.63,1.22758077361604
335,4.6375,0.802737235224037
335,4.645,0.432274656874889
335,4.6525,-0.474589167423801
335,4.66,-1.48605278461277
335,4.6675,-2.52178798511111
335,4.675,2.60383518134724
335,4.6825,1.50510976158833
335,4.69,0.487501290677305
335,4.6975,-2.1210179550304
335,4.705,1.21036562047718
335,4.7125,-0.135116693976739
335,4.72,-1.13625637765022
335,4.7275,-2.27941320162799
335,4.735,2.85917505081797
335,4.7425,1.80597159987117
335,4.75,0.783990663479082
335,4.7575,-0.218161120516753
335,4.765,-0.96180884933645
335,4.7725,-1.60774218659937
335,4.78,-2.27096257253557
335,4.7875,3.09207257344542
335,4.795,2.11480339108781
335,4.8025,1.16386968331988
335,4.81,0.0657575180743648
335,4.8175,-0.934498290146502
335,4.825,-1.92594108939702
335,4.8325,-2.97360247927476
335,4.84,2.35762362267732
335,4.8475,1.40235088725593
335,4.855,0.413504487352188
335,4.8625,-0.563458315649746
335,4.87,-1.56757905896901
335,4.8775,-2.59257923854022
335,4.885,2.68004393589691
335,4.8925,1.61893504991212
335,4.9,0.526691490074665
335,4.9075,-0.502256262090393
335,4.915,-1.5612615234973
335,4.9225,-2.66020990612391
335,4.93,2.57959350396785
335,4.9375,1.43682533620286
335,4.945,0.132968581503615
335,4.9525,-1.21668880321464
335,4.96,-3.08930655541993
335,4.9675,1.01605550631712
335,4.975,-0.427228091026945
335,4.9825,-1.55210266172811
335,4.99,-2.78956080991547
335,4.9975,2.74644307049768
335,5.005,1.87657842541333
335,5.0125,0.891846013911308
335,5.02,0.275202716095895
335,5.0275,-0.669079974945982
335,5.035,-1.75931909854106
335,5.0425,-2.85216954045621
335,5.05,2.3803660640964
335,5.0575,1.31387894071383
335,5.065,0.325644195326151
335,5.0725,-0.496398138062394
335,5.08,-1.31322555857281
335,5.0875,-2.17791455614661
335,5.095,-2.8624169102562
335,5.1025,2.54325618062692
335,5.11,1.46153382508722
335,5.1175,0.403566239225291
335,5.125,-0.67591673018132
335,5.1325,-1.76999554173017
335,5.14,-2.77345817634344
335,5.1475,2.56755254888853
335,5.155,1.57048460739573
335,5.1625,0.600366712122442
335,5.17,-0.412173519847982
335,5.1775,-1.45248362440745
335,5.185,-2.32352979207204
335,5.1925,3.08370439537267
335,5.2,2.00446253935826
335,5.2075,0.928290303344479
335,5.215,-0.134395219479865
335,5.2225,-1.32441680184924
335,5.23,-2.08761596687566
335,5.2375,-2.54831758372415
335,5.245,1.73909791094474
335,5.2525,-1.66071667014085
335,5.26,-3.07391308665485
335,5.2675,2.01847440399204
335,5.275,0.93090973349819
335,5.2825,-0.189513819378029
335,5.29,-1.25310152352601
335,5.2975,-2.1740554721467
335,5.305,-3.02464979831974
335,5.3125,2.91480260016555
335,5.32,2.55409104242118
335,5.3275,1.56086159240705
335,5.335,0.494829625414147
335,5.3425,-0.602360977745782
335,5.35,-1.65966994680782
335,5.3575,-2.73496364267273
335,5.365,2.40712215575116
335,5.3725,1.39399585888396
335,5.38,0.337596629688702
335,5.3875,-0.71315762455129
335,5.395,-1.58007035082848
335,5.4025,-2.53456369260217
335,5.41,2.90636630859736
335,5.4175,2.03181717981402
335,5.425,0.896466398637423
335,5.4325,-0.168559045787312
335,5.44,-1.15644324043633
335,5.4475,-2.29015463235761
335,5.455,2.91743362620504
335,5.4625,1.84694187570908
335,5.47,0.66022522727637
335,5.4775,-0.378386339504779
335,5.485,-1.46613987364238
335,5.4925,-2.02804841546544
335,5.5,-2.51777869655329
335,5.5075,2.57738899962261
335,5.515,1.60532073060068
335,5.5225,-0.192130026081571
335,5.53,-2.33722897198665
335,5.5375,2.39321186832297
335,5.545,1.0827778431646
335,5.5525,0.104707594624114
335,5.56,-1.0704774947137
335,5.5675,-2.22190673877766
335,5.575,3.05846708873565
335,5.5825,1.85506501548031
335,5.59,0.732140588127499
335,5.5975,-0.303038152558526
335,5.605,-1.40191521365159
335,5.6125,-2.42801179502659
335,5.62,2.74909254341011
335,5.6275,1.68533747641774
335,5.635,0.71319850620564
335,5.6425,-0.326114084783413
335,5.65,-1.14050538545725
335,5.6575,-1.92927240662729
335,5.665,-2.96437350093497
335,5.6725,2.42034122112854
335,5.68,1.45452776992387
335,5.6875,0.328578659890396
335,5.695,-0.58065697394166
335,5.7025,-1.51899577032975
335,5.71,-2.56551285056223
335,5.7175,2.80744669930011
335,5.725,1.98610465252436
335,5.7325,1.27428518435211
335,5.74,0.470334326013654
335,5.7475,-0.575869319049699
335,5.755,-1.66754067012821
335,5.7625,-2.69050078738483
335,5.77,2.67818759807855
335,5.7775,1.9991110709166
335,5.785,1.51123112568682
335,5.7925,0.624935848752585
335,5.8,-0.549454900586943
335,5.8075,-1.42297620255062
335,5.815,-2.03917168798511
335,5.8225,-2.982649684921
335,5.83,2.84857378458165
335,5.8375,2.02475089279686
335,5.845,1.16314701058584
335,5.8525,0.543560822079248
335,5.86,-0.262263923297962
335,5.8675,-1.32326635668642
335,5.875,-2.25910231036842
335,5.8825,3.07976453697075
335,5.89,1.94978087889898
335,5.8975,0.957063920505929
335,5.905,-0.0290481279125263
335,5.9125,-1.14088245635753
335,5.92,-2.15375095355624
335,5.9275,-3.12628683206421
335,5.935,2.06484000936855
335,5.9425,1.09960079097773
335,5.95,0.310944370373589
335,5.9575,-0.622437110311562
335,5.965,-1.28418058048345
335,5.9725,-2.19441996845289
335,5.98,2.96844969826498
335,5.9875,1.90089372947162
335,5.995,0.765293186373936
335,6.0025,-0.377786872804405
335,6.01,-1.39993740106821
335,6.0175,-2.12253404733713
335,6.025,-2.23412260733951
335,6.0325,3.12970615599097
335,6.04,2.26829342239682
335,6.0475,1.23819576428699
335,6.055,0.00219985491916764
335,6.0625,-1.06090522629155
335,6.07,-2.23038808204486
335,6.0775,2.48786633617578
335,6.085,0.248379166041174
335,6.0925,-1.85373823165985
335,6.1,-3.09671579308651
335,6.1075,1.90144528582641
335,6.115,0.863673086562183
335,6.1225,-0.222626382360765
335,6.13,-1.45066815635675
335,6.1375,-2.56586308371672
335,6.145,2.61154749879908
335,6.1525,1.41705880875691
335,6.16,0.462657723518171
335,6.1675,-0.337868021825444
335,6.175,-1.3502155834704
335,6.1825,-2.20030620741633
335,6.19,-3.04835079680356
335,6.1975,2.43204161783279
335,6.205,1.79145878909542
335,6.2125,0.763907253962868
335,6.22,-0.311583937015421
335,6.2275,-1.39906167912377
335,6.235,-2.57085169360728
335,6.2425,2.77495965497247
335,6.25,2.04195353938077
335,6.2575,1.26722256377649
335,6.265,0.468780394367874
335,6.2725,-0.536352151749556
335,6.28,-1.46516722107708
335,6.2875,-2.38821733742869
335,6.295,2.85864365335548
335,6.3025,1.87262273700556
335,6.31,0.791115899689389
335,6.3175,-0.371016591009388
335,6.325,-1.31970597473987
335,6.3325,-2.18190358600627
335,6.34,-2.99888314402202
335,6.3475,2.83070355756584
335,6.355,1.9288103083441
335,6.3625,1.12837450302469
335,6.37,0.347182524806846
335,6.3775,-0.538610132356174
335,6.385,-1.50038126231864
335,6.3925,-2.51520695682609
335,6.4,2.69085768249718
335,6.4075,1.68546388178261
335,6.415,1.51668761918374
335,6.4225,1.14148137218262
335,6.43,0.637234460702509
335,6.4375,-0.504234808160403
335,6.445,-1.61921331739349
335,6.4525,-2.54495325062854
335,6.46,2.69785791086013
335,6.4675,1.62222995053009
335,6.475,0.575721345715257
335,6.4825,-0.454514397937656
335,6.49,-1.39837898020909
335,6.4975,-2.38704653913636
335,6.505,2.98518245809973
335,6.5125,2.07137913520175
335,6.52,0.969205233460283
335,6.5275,-0.00420720489518977
335,6.535,-0.981722463490116
335,6.5425,-2.1187747879028
335,6.55,-3.09470420497379
335,6.5575,2.1876254162072
335,6.565,1.05473795409321
335,6.5725,0.22914601499901
335,6.58,-0.67876007320454
335,6.5875,-1.60159346479128
335,6.595,-2.20264398247845
335,6.6025,3.0056398146251
335,6.61,2.15363706860202
335,6.6175,1.41898725339584
335,6.625,0.59879499514949
335,6.6325,0.125172467210841
335,6.64,-0.717131048118292
335,6.6475,-1.67971458965564
335,6.655,-2.40830537643958
335,6.6625,2.97015227495936
335,6.67,1.94355296588882
335,6.6775,1.14384359796804
335,6.685,0.234167092862384
335,6.6925,-0.604727551753654
335,6.7,-1.55535620625509
335,6.7075,-2.46417437257856
335,6.715,2.97546073840824
335,6.7225,2.00053441802547
335,6.73,1.45287411803515
335,6.7375,0.378485908472468
335,6.745,-0.579648944095891
335,6.7525,-1.33408984108916
335,6.76,-2.47245789962191
335,6.7675,2.81337212129267
335,6.775,1.8803580391297
335,6.7825,0.776955781717846
335,6.79,-0.297160109970447
335,6.7975,-1.29895419184028
335,6.805,-2.30283275504162
335,6.8125,3.14142425550289
335,6.82,2.256630377322
335,6.8275,1.26339845009926
335,6.835,0.570928831706752
335,6.8425,-0.443351361710661
335,6.85,-1.41902718477468
335,6.8575,-2.18740076998958
335,6.865,3.02328765625226
335,6.8725,2.08699473226128
335,6.88,1.16735799707684
335,6.8875,0.203719535970552
335,6.895,-0.608130733171516
335,6.9025,-1.57614319091151
335,6.91,-2.53387634478971
335,6.9175,2.76157277064923
335,6.925,1.64488643869651
335,6.9325,0.710936689973553
335,6.94,-0.189863082151878
335,6.9475,-1.24834848008404
335,6.955,-2.12700823311632
335,6.9625,-2.84621309551645
335,6.97,-2.82574937013764
335,6.9775,3.0897147283229
335,6.985,2.26925743580213
335,6.9925,1.18093649772674
335,7,0.142602422747419
335,7.0075,-0.821065853922691
335,7.015,-1.8253791036467
335,7.0225,-2.83749231663819
335,7.03,2.37901908171942
335,7.0375,1.36228939332095
335,7.045,0.410484364707
335,7.0525,-0.636989053228903
335,7.06,-1.55027724783253
335,7.0675,-2.31835157324969
335,7.075,2.98690260527496
335,7.0825,2.02134534112604
335,7.09,1.12100290383992
335,7.0975,0.206794033664235
335,7.105,-0.728498455989019
335,7.1125,-1.62477894838146
335,7.12,-2.51075858774805
335,7.1275,2.78411111979051
335,7.135,1.87818679123429
335,7.1425,0.895351417157128
335,7.15,-0.117810918893783
335,7.1575,-1.02223031092306
335,7.165,-2.05640944871379
335,7.1725,-3.01968595590286
335,7.18,2.36419666867262
335,7.1875,1.30905425806158
335,7.195,0.378148376701313
335,7.2025,-0.462485949267529
335,7.21,-1.5508669504491
335,7.2175,-2.45043166787682
335,7.225,-3.02189608318133
335,7.2325,2.16393138273157
335,7.24,1.8089513443178
335,7.2475,1.05461857791779
335,7.255,-0.0442036806531931
335,7.2625,-0.851946031687925
335,7.27,-1.91330152950454
335,7.2775,-2.9466706621276
335,7.285,2.42776375948748
335,7.2925,1.45700729393826
335,7.3,0.443235138033372
335,7.3075,-0.408097196714139
335,7.315,-1.27038718473846
335,7.3225,-2.09784452549364
335,7.33,-2.59374514426944
335,7.3375,2.90526945331316
335,7.345,2.17773264841186
335,7.3525,1.25612330321486
335,7.36,0.391684068232332
335,7.3675,-0.614589867875023
335,7.375,-1.70201011243342
335,7.3825,-2.67888345774959
335,7.39,2.52365885673558
335,7.3975,1.44081045587195
335,7.405,0.488470457268457
335,7.4125,-0.553701154437038
335,7.42,-1.58228949542488
335,7.4275,-2.55709525381571
335,7.435,2.65273616359143
335,7.4425,1.72531630287413
335,7.45,0.828503868307592
335,7.4575,-0.118238303227495
335,7.465,-0.900678021774299
335,7.4725,-1.86876518531727
335,7.48,-2.72394599489784
335,7.4875,2.76887353858029
335,7.495,1.86210438802887
335,7.5025,0.954752158721893
335,7.51,0.00513360166967667
335,7.5175,-0.842896171404566
335,7.525,-1.85317227405313
335,7.5325,-2.64376438731028
335,7.54,2.94421523846062
335,7.5475,1.89018463817159
335,7.555,0.96154076960973
335,7.5625,0.0477595131046847
335,7.57,-0.928262376192563
335,7.5775,-1.78426361913319
335,7.585,-2.50145739058299
335,7.5925,2.92756517086468
335,7.6,2.1555016297497
335,7.6075,1.58715915579446
335,7.615,0.662338904392885
335,7.6225,-0.196074132383452
335,7.63,-1.13188935668273
335,7.6375,-2.21695200439586
335,7.645,3.03975565018617
335,7.6525,2.01467130612159
335,7.66,0.938602472587071
335,7.6675,-0.0921391088198991
335,7.675,-1.079198103465
335,7.6825,-2.03080658240411
335,7.69,-2.92440388914994
335,7.6975,2.49155635796402
335,7.705,1.77607670833304
335,7.7125,0.911828505609578
335,7.72,0.041357765407751
335,7.7275,-0.729778154761803
335,7.735,-1.69390404174207
335,7.7425,-2.65373949341588
335,7.75,2.69714904810519
335,7.7575,1.70591705300687
335,7.765,0.761969020840898
335,7.7725,-0.187410379106312
335,7.78,-1.14324581319106
335,7.7875,-2.08993083695657
335,7.795,-3.0883569940787
335,7.8025,2.26960725822037
335,7.81,1.306620446421
335,7.8175,0.24149575669623
335,7.825,-0.729410571895488
335,7.8325,-1.62804309178096
335,7.84,-2.5721301907631
335,7.8475,2.998660248964
335,7.855,2.60027690917087
335,7.8625,1.72268187526702
335,7.87,0.984483828292397
335,7.8775,0.0809098978528356
335,7.885,-0.975262259203096
335,7.8925,-1.78506618049042
335,7.9,-2.86767215707094
335,7.9075,2.31063994993115
335,7.915,1.47384682919816
335,7.9225,0.442864133795895
335,7.93,-0.526293328502472
335,7.9375,-1.23549275683894
335,7.945,-2.19036650820132
335,7.9525,-2.99703379273938
335,7.96,2.60181329526869
335,7.9675,1.66022551179031
335,7.975,0.819254028902543
335,7.9825,-0.139262200143752
335,7.99,-1.14389724290141
335,7.9975,-2.06320840596806
335,8.005,-3.03168492365486
335,8.0125,2.30836623842142
335,8.02,1.32475145446512
335,8.0275,0.412857867623521
335,8.035,-0.569994895131972
335,8.0425,-1.60226273100591
335,8.05,-2.44266034145261
335,8.0575,2.85168740203181
335,8.065,1.81730600150293
335,8.0725,0.994799385601816
335,8.08,-0.00897385464345431
335,8.0875,-0.955984228635669
335,8.095,-1.57920995475046
335,8.1025,-2.56436284791912
335,8.11,2.88203594873097
335,8.1175,2.11563077409613
335,8.125,1.09199208652067
335,8.1325,0.199907638322325
335,8.14,-0.751131652506922
335,8.1475,-1.75408852138028
335,8.155,-2.71703281147057
335,8.1625,2.51860614910499
335,8.17,1.49155544765987
335,8.1775,0.534785458410177
335,8.185,-0.479043441698359
335,8.1925,-1.31661210219049
335,8.2,-2.01122590412946
335,8.2075,-2.77798226545727
335,8.215,3.06974553363059
335,8.2225,2.23333433762174
335,8.23,1.37210337411607
335,8.2375,0.529133966096013
335,8.245,-0.512736428862982
335,8.2525,-1.44426105418016
335,8.26,-2.36787300199604
335,8.2675,2.86020368256888
335,8.275,1.93390677356596
335,8.2825,1.00994084729968
335,8.29,-0.0336050593911121
335,8.2975,-0.966254993991942
335,8.305,-1.93013594431037
335,8.3125,-2.97092462015866
335,8.32,2.40317065816192
335,8.3275,1.46107152855951
335,8.335,0.520112391214121
335,8.3425,-0.343232034233147
335,8.35,-1.25062964927107
335,8.3575,-2.08240028172742
335,8.365,-2.97765505397996
335,8.3725,2.36013197106441
335,8.38,1.48585581883426
335,8.3875,0.574103733881163
335,8.395,-0.416444598503131
335,8.4025,-1.32045013205269
335,8.41,-2.24253320344674
335,8.4175,2.97275066345897
335,8.425,1.99411505221755
335,8.4325,1.04348146181122
335,8.44,-0.0082362322562657
335,8.4475,-0.991520498316548
335,8.455,-1.95206056086849
335,8.4625,-2.93958551977927
335,8.47,2.46504223133382
335,8.4775,1.69690492810876
335,8.485,1.52491769582473
335,8.4925,0.956589915474521
335,8.5,0.167156648341077
335,8.5075,-0.759415521215735
335,8.515,-1.84910418252803
335,8.5225,-2.85178413388027
335,8.53,2.35074906077255
335,8.5375,1.26116500421776
335,8.545,0.284591281405623
335,8.5525,-0.818482077408574
335,8.56,-1.74837934693007
335,8.5675,-2.54114822899866
335,8.575,2.74893125322715
335,8.5825,2.09553936783422
335,8.59,1.22412842124635
335,8.5975,0.33697771775455
335,8.605,-0.491235588775014
335,8.6125,-1.51773421844328
335,8.62,-2.4302845904448
335,8.6275,2.90727058348599
335,8.635,1.93708363275801
335,8.6425,1.08087724830751
335,8.65,0.170418873396299
335,8.6575,-0.767434342387268
335,8.665,-1.69876703952615
335,8.6725,-2.66996506848088
335,8.68,2.58658933807422
335,8.6875,1.61810943817419
335,8.695,0.560691533514117
335,8.7025,-0.489297675761618
335,8.71,-1.3928955609351
335,8.7175,-2.4803578159526
335,8.725,3.07095374113714
335,8.7325,2.44371648140139
335,8.74,1.80087747976799
335,8.7475,1.38889837255645
335,8.755,0.382067496707151
335,8.7625,-0.507387242024459
335,8.77,-1.55720554308578
335,8.7775,-2.60009123276474
335,8.785,2.65100081154232
335,8.7925,1.54057798035071
335,8.8,0.540772936797873
335,8.8075,-0.415221128435602
335,8.815,-1.37847483567347
335,8.8225,-2.16653289222143
335,8.83,-2.6990600840043
335,8.8375,2.8888442867174
335,8.845,2.08030840844609
335,8.8525,1.22623158509293
335,8.86,0.235612143061723
335,8.8675,-0.752932652829213
335,8.875,-1.76862964030956
335,8.8825,-2.73246594462483
335,8.89,2.57212307751283
335,8.8975,1.53689762085887
335,8.905,0.664771761298574
335,8.9125,-0.258998880972726
335,8.92,-1.24848908235076
335,8.9275,-2.15627400365446
335,8.935,-3.10730504394318
335,8.9425,2.1909171939883
335,8.95,1.18446066921813
335,8.9575,0.302093243120135
335,8.965,-0.545783691678089
335,8.9725,-1.53493994796875
335,8.98,-2.19569260584995
335,8.9875,-2.93457078940071
335,8.995,2.38769378086448
335,9.0025,1.58390589269506
335,9.01,0.663141349407879
335,9.0175,-0.361265465532406
335,9.025,-1.3649083602998
335,9.0325,-2.33611624064113
335,9.04,2.93742582728615
335,9.0475,1.86175099245906
335,9.055,0.892153124164725
335,9.0625,-0.00605882372182699
335,9.07,-0.98786283219537
335,9.0775,-1.74353205834627
335,9.085,-2.37381305852536
335,9.0925,-3.12868266500905
335,9.1,2.47170458887294
335,9.1075,1.72427850041299
335,9.115,0.84874473890427
335,9.1225,-0.151609865007016
335,9.13,-1.10773510210291
335,9.1375,-2.14795469402128
335,9.145,3.07924620629574
335,9.1525,2.13240373587059
335,9.16,1.09821874314139
335,9.1675,0.0900392317985982
335,9.175,-0.817367383994835
335,9.1825,-1.83025999766861
335,9.19,-2.78481963240997
335,9.1975,2.696404446469
335,9.205,1.71593382640474
335,9.2125,0.913218927337675
335,9.22,0.149001060960636
335,9.2275,-0.863397510000599
335,9.235,-1.56844758557717
335,9.2425,-2.50232243876673
335,9.25,2.8823870693106
335,9.2575,2.04494916071258
335,9.265,1.01841205841532
335,9.2725,0.124576309244329
335,9.28,-0.849199805602694
335,9.2875,-1.85670592317522
335,9.295,-2.83993308250317
335,9.3025,2.44244899847833
335,9.31,1.42236376371838
335,9.3175,0.384709603079471
335,9.325,-0.57505606883997
335,9.3325,-1.58695255298648
335,9.34,-2.51806745164714
335,9.3475,2.97347812949896
335,9.355,2.44718752148423
335,9.3625,1.89976478908443
335,9.37,1.01691376132782
335,9.3775,0.299737981970295
335,9.385,-0.785529697757739
335,9.3925,-1.81671863692441
335,9.4,-2.69946555606947
335,9.4075,2.48914021280208
335,9.415,1.49047130515979
335,9.4225,0.613502909480496
335,9.43,-0.227267998454077
335,9.4375,-1.05934776408542
335,9.445,-1.92086719624794
335,9.4525,-2.61386588121964
335,9.46,2.63737960712008
335,9.4675,1.70440728482965
335,9.475,0.897000799634855
335,9.4825,-0.189426634972785
335,9.49,-1.14366012091363
335,9.4975,-2.09954861460199
335,9.505,3.13469728019824
335,9.5125,2.18870569516855
335,9.52,1.25859701690034
335,9.5275,0.368637050223065
335,9.535,-0.575794809227076
335,9.5425,-1.52872145273913
335,9.55,-2.52295691829613
335,9.5575,2.76086938948161
335,9.565,1.76930418665643
335,9.5725,0.688165767885761
335,9.58,-0.258601320291188
335,9.5875,-1.29833804884998
335,9.595,-2.37077828567267
335,9.6025,-2.88568662430559
335,9.61,2.99802140324317
335,9.6175,2.59194419185126
335,9.625,1.70964200332675
335,9.6325,0.733627451552682
335,9.64,-0.327572576373413
335,9.6475,-1.34422411567287
335,9.655,-2.39919094385412
335,9.6625,2.83681506996333
335,9.67,1.83269878261515
335,9.6775,0.855984822458307
335,9.685,0.104507481359698
335,9.6925,-0.660616516148417
335,9.7,-1.30333661326256
335,9.7075,-2.01694282343106
335,9.715,-2.9231962738612
335,9.7225,2.49501889484179
335,9.73,1.52289709878058
335,9.7375,0.464050637711335
335,9.745,-0.498131951577089
335,9.7525,-1.46445431595158
335,9.76,-2.45356157295614
335,9.7675,2.93584312978225
335,9.775,1.96526921561226
335,9.7825,1.01902108073636
335,9.79,0.0633879332403003
335,9.7975,-0.926802589281759
335,9.805,-1.87146798534149
335,9.8125,-2.88834091489057
335,9.82,2.38055783046014
335,9.8275,1.36373446597455
335,9.835,0.325872976282609
335,9.8425,-0.5860775021677
335,9.85,-1.50356788403999
335,9.8575,-2.41364147549749
335,9.865,-3.12238858366909
335,9.8725,2.26914430621784
335,9.88,1.39733832616744
335,9.8875,0.622304195032308
335,9.895,-0.399679265248821
335,9.9025,-1.39254389077405
335,9.91,-2.32198673385432
335,9.9175,2.93325243089768
335,9.925,1.90507020219925
335,9.9325,0.988716195012436
335,9.94,0.218026763635528
335,9.9475,-0.514478373739581
335,9.955,-0.800955071008848
335,9.9625,-1.36881369578643
335,9.97,-2.28419445361637
335,9.9775,3.09675230896249
335,9.985,2.20272615370441
335,9.9925,1.12798383252839
335,10,0.170322993782914
335,10.0075,-0.743032201781878
335,10.015,-1.83249150210104
335,10.0225,-2.78765336375025
335,10.03,2.54741781802384
335,10.0375,1.53894570997648
335,10.045,0.609210995855505
335,10.0525,-0.375418770359711
335,10.06,-1.35638050681046
335,10.0675,-2.32859345305857
335,10.075,2.95316693999508
335,10.0825,1.99983818844788
335,10.09,1.07114597493042
335,10.0975,0.0862427327549969
335,10.105,-0.836754154828978
335,10.1125,-1.76238941885327
335,10.12,-2.73587868289505
335,10.1275,2.64320697015926
335,10.135,1.6642979936269
335,10.1425,0.747181117050506
335,10.15,-0.167882576545628
335,10.1575,-1.11542896933891
335,10.165,-1.96556405294737
335,10.1725,-2.97170082325481
335,10.18,2.31162108397511
335,10.1875,1.34190550422381
335,10.195,0.318021346496765
335,10.2025,-0.647390967473316
335,10.21,-1.55788527410293
335,10.2175,-2.21701555493273
335,10.225,-2.73135232727864
335,10.2325,-2.54607174291233
335,10.24,2.73164673949877
335,10.2475,1.69391004685882
335,10.255,0.718428826785429
335,10.2625,-0.399112497108484
335,10.27,-1.41205422456732
335,10.2775,-2.32135553492706
335,10.285,2.95751387836084
335,10.2925,2.04455309170118
335,10.3,1.14249081664622
335,10.3075,0.33399748437057
335,10.315,-0.391724016460518
335,10.3225,-1.293327222961
335,10.33,-2.17555330089337
335,10.3375,3.09823428574969
335,10.345,2.05004159245481
335,10.3525,1.06542951729299
335,10.36,0.031963996555295
335,10.3675,-1.01198996228174
335,10.375,-2.02305118217404
335,10.3825,-3.05213750627429
335,10.39,2.24086834635278
335,10.3975,1.37447998090847
335,10.405,0.508449648429124
335,10.4125,-0.370301205162434
335,10.42,-1.31345025209504
335,10.4275,-2.34492779866646
335,10.435,2.92421591262319
335,10.4425,1.85531293536481
335,10.45,0.776467664349236
335,10.4575,-0.295276792000279
335,10.465,-1.44335056075229
335,10.4725,-2.57103610328696
335,10.48,2.62527641266446
335,10.4875,1.43683200976525
335,10.495,-2.83243697589368
335,10.5025,2.10914726865642
335,10.51,1.02884422442858
335,10.5175,0.0617307942637591
335,10.525,-1.13767802087401
335,10.5325,-2.10996902158805
335,10.54,-3.04149242367695
335,10.5475,2.29556032516916
335,10.555,2.32265461758668
335,10.5625,1.63238876025836
335,10.57,0.884057073580744
335,10.5775,-0.195148477889833
335,10.585,-1.22649415753084
335,10.5925,-2.26435810717012
335,10.6,2.90790538052979
335,10.6075,1.81919116340052
335,10.615,0.778872923959363
335,10.6225,-0.260755272958224
335,10.63,-1.33639028742706
335,10.6375,-2.28462406990059
335,10.645,3.06181389631131
335,10.6525,2.13314021243521
335,10.66,1.31387403753594
335,10.6675,0.381432013942174
335,10.675,-0.495561016515595
335,10.6825,-1.44921036330306
335,10.69,-2.47466026366301
335,10.6975,2.82600650952525
335,10.705,1.77652142634637
335,10.7125,0.742259074699285
335,10.72,-0.164542521448575
335,10.7275,-1.1391879817827
335,10.735,-2.07429595195111
335,10.7425,-2.94410034317189
335,10.75,2.42382184037663
335,10.7575,1.51526924521464
335,10.765,0.494716677224472
335,10.7725,-0.477229392112903
335,10.78,-1.45256936019412
335,10.7875,-2.51375545860534
335,10.795,2.80050721509501
335,10.8025,1.81466451971321
335,10.81,0.807359486387744
335,10.8175,0.198845824620492
335,10.825,0.597173940386147
335,10.8325,0.036381496849174
335,10.84,-0.763573195735825
335,10.8475,-1.7399190676912
335,10.855,-2.74690528094463
335,10.8625,2.60586892514864
335,10.87,1.67625827323782
335,10.8775,0.706571677516011
335,10.885,-0.185076033442514
335,10.8925,-1.1067085376904
335,10.9,-2.09475983054966
335,10.9075,-3.00710722900419
335,10.915,2.32891613035871
335,10.9225,1.32689289574063
335,10.93,0.341981985127801
335,10.9375,-0.605484459051074
335,10.945,-1.6063915940935
335,10.9525,-2.63401445949039
335,10.96,2.71859963961154
335,10.9675,1.72022764389646
335,10.975,0.666776621915308
335,10.9825,-0.298496986171832
335,10.99,-1.30888299317274
335,10.9975,-2.35383593438622
335,11.005,2.92956152977953
335,11.0125,1.94142551124309
335,11.02,0.949261010018833
335,11.0275,-0.0400504720977544
335,11.035,-0.992549265898329
335,11.0425,-1.86783358495592
335,11.05,-2.70566107401522
335,11.0575,2.7158865479867
335,11.065,1.92417788847319
335,11.0725,0.961197444819187
335,11.08,-0.0350632495567979
335,11.0875,-0.901764289473428
335,11.095,-1.85054320461821
335,11.1025,-2.77757837868707
335,11.11,2.64653378710364
335,11.1175,2.05367762155632
335,11.125,1.78123731518219
335,11.1325,1.16783365547067
335,11.14,0.293973918490987
335,11.1475,-0.544087740086679
335,11.155,-1.59250648905374
335,11.1625,-2.48391303728777
335,11.17,3.01329392543738
335,11.1775,2.03234251554067
335,11.185,1.40755200569829
335,11.1925,0.552685275448383
335,11.2,-0.420217222960244
335,11.2075,-1.38328217888049
335,11.215,-2.46342536288979
335,11.2225,2.77705569445576
335,11.23,1.7405967796433
335,11.2375,0.665236579093417
335,11.245,-0.338594240446996
335,11.2525,-1.35092007022706
335,11.26,-2.37235784241468
335,11.2675,2.99308923111525
335,11.275,2.07386882331783
335,11.2825,1.18305608914282
335,11.29,0.289120874889992
335,11.2975,-0.677530456036827
335,11.305,-1.66567157626384
335,11.3125,-2.70343364524299
335,11.32,2.54631025405688
335,11.3275,1.50349762570966
335,11.335,0.433391917119956
335,11.3425,-0.607497516168043
335,11.35,-1.61550622899305
335,11.3575,-2.56644214789472
335,11.365,2.83644054041517
335,11.3725,2.11630370236297
335,11.38,1.41850937943523
335,11.3875,0.649541470054001
335,11.395,-0.281148490530426
335,11.4025,-1.08164754523408
335,11.41,-2.19248580586271
335,11.4175,2.31828147655942
335,11.425,-1.42870178804013
335,11.4325,-2.65533348843496
335,11.44,2.79900300958347
335,11.4475,1.59319482887846
335,11.455,0.426284631815008
335,11.4625,-0.633797991618459
335,11.47,-1.71583040482052
335,11.4775,-2.83681718286829
335,11.485,2.36327036110998
335,11.4925,1.3919730356404
335,11.5,0.379080984856049
335,11.5075,-0.615119532979958
335,11.515,-1.36439343237917
335,11.5225,-2.23172690756974
335,11.53,-3.09498382820285
335,11.5375,2.32684025289314
335,11.545,1.33423167817231
335,11.5525,0.322061261167326
335,11.56,-0.718786600891221
335,11.5675,-1.74953448312767
335,11.575,-2.818068538902
335,11.5825,2.37860034568813
335,11.59,1.36575820684111
335,11.5975,0.355343985295582
335,11.605,-0.677990990699887
335,11.6125,-1.63475243796699
335,11.62,-2.52739741196256
335,11.6275,2.78650394164653
335,11.635,1.86494025796509
335,11.6425,0.999983978108257
335,11.65,0.00178368572963255
335,11.6575,-0.891167941274978
335,11.665,-1.82189862446931
335,11.6725,-2.9117621116714
335,11.68,2.45945543136081
335,11.6875,1.56095117472173
335,11.695,2.04562913654152
335,11.7025,1.51223216823875
335,11.71,0.539744014119822
335,11.7175,-0.236387113613728
335,11.725,-1.30550936502876
335,11.7325,-2.3185430243236
335,11.74,-3.09962451721143
335,11.7475,2.24668568837452
335,11.755,1.31183717605459
335,11.7625,0.445743603408655
335,11.77,-0.417663514420322
335,11.7775,-1.34186406759211
335,11.785,-2.32296370679104
335,11.7925,3.04115330579597
335,11.8,2.07324218947579
335,11.8075,1.07622186034094
335,11.815,0.116120759975615
335,11.8225,-0.881139769740639
335,11.83,-1.93711315684892
335,11.8375,-2.98938200937751
335,11.845,2.26005626447825
335,11.8525,1.20475451200559
335,11.86,0.144296386566159
335,11.8675,-0.887160945795296
335,11.875,-1.88953731820548
335,11.8825,-2.89014331029161
335,11.89,2.36836168877969
335,11.8975,1.44812562991923
335,11.905,0.459184314217102
335,11.9125,-0.526202987561532
335,11.92,-1.35789853934145
335,11.9275,-2.39322173143846
335,11.935,2.92929684831858
335,11.9425,1.9766271910611
335,11.95,1.01659237222413
335,11.9575,0.160252960817177
335,11.965,-0.826576077210991
335,11.9725,-1.77019207411527
335,11.98,-3.11566728687212
335,11.9875,-0.816529505861798
335,11.995,-2.26199269610809
335,12.0025,-3.11618781380927
335,12.01,1.9369219762789
335,12.0175,0.798228274309584
335,12.025,0.0493972224958076
335,12.0325,-0.699921837254833
335,12.04,-1.39978538074102
335,12.0475,-2.2624138429623
335,12.055,-3.12932907458237
335,12.0625,2.14141610166948
335,12.07,1.12624626598574
335,12.0775,0.0983251627579615
335,12.085,-1.05382201240335
335,12.0925,-2.16246415734986
335,12.1,3.06131267766603
335,12.1075,1.94247423569626
335,12.115,0.887129281351881
335,12.1225,-0.09320420604179
335,12.13,-1.14185875647078
335,12.1375,-2.13710523464183
335,12.145,-3.02573689359582
335,12.1525,2.29116171025744
335,12.16,1.40038808239842
335,12.1675,0.5449615773613
335,12.175,-0.435331906376809
335,12.1825,-1.35883691228863
335,12.19,-2.33822343610973
335,12.1975,2.90214626355488
335,12.205,1.86890095767322
335,12.2125,0.840949685869706
335,12.22,-0.17269725728944
335,12.2275,-1.23944749079728
335,12.235,-2.23630435354942
335,12.2425,3.04622830775295
335,12.25,1.87455720146293
335,12.2575,0.990413074911373
335,12.265,0.0899999558237026
335,12.2725,-1.7775768486962
335,12.28,2.01962994798861
335,12.2875,0.974817748084819
335,12.295,-0.00666991929811885
335,12.3025,-1.18445763941724
335,12.31,-2.34536905416288
335,12.3175,2.88232653201307
335,12.325,1.84384536697202
335,12.3325,0.771176971076126
335,12.34,-0.329554694132557
335,12.3475,-1.41169457941751
335,12.355,-2.44437620117127
335,12.3625,2.78825166526243
335,12.37,1.80435442727496
335,12.3775,0.853856052088407
335,12.385,-0.0707414211702233
335,12.3925,-0.996475691589832
335,12.4,-1.95874136736611
335,12.4075,-2.83475355314127
335,12.415,2.46989787688342
335,12.4225,1.5421699621896
335,12.43,0.572496295455104
335,12.4375,-0.490176643582623
335,12.445,-1.47677004938104
335,12.4525,-2.50554881776706
335,12.46,2.75884456303388
335,12.4675,1.7982340098722
335,12.475,0.769007423924752
335,12.4825,-0.246349587551728
335,12.49,-1.23101128381409
335,12.4975,-2.29124611940989
335,12.505,2.96632479456659
335,12.5125,1.99112272766202
335,12.52,0.840941726688517
335,12.5275,-0.291950858110833
335,12.535,-1.35460648960975
335,12.5425,-2.75541727935453
335,12.55,1.3102347695485
335,12.5575,-0.719874314487793
335,12.565,-2.00314738293724
335,12.5725,-3.13135721063114
335,12.58,2.01726685256094
335,12.5875,1.01425585887537
335,12.595,0.0654391508420783
335,12.6025,-0.995062927804293
335,12.61,-1.90927204483456
335,12.6175,-2.77401245359094
335,12.625,2.60701567963312
335,12.6325,1.74300620857808
335,12.64,0.712828957372428
335,12.6475,-0.248221475415103
335,12.655,-1.14805534376261
335,12.6625,-2.14792574466077
335,12.67,-3.07776597405305
335,12.6775,2.24949145777485
335,12.685,1.30913799539925
335,12.6925,0.385221751290743
335,12.7,-0.609909891286773
335,12.7075,-1.55846974215314
335,12.715,-2.56853208235435
335,12.7225,2.62609898333288
335,12.73,1.57551827180141
335,12.7375,0.506151174624805
335,12.745,-0.600967252921659
335,12.7525,-1.67379216834139
335,12.76,-2.72199664009239
335,12.7675,2.54208454779769
335,12.775,1.49296935985059
335,12.7825,0.355131450415903
335,12.79,-0.594340268630279
335,12.7975,-1.35955109218869
335,12.805,-2.21250821638501
335,12.8125,-2.74755359133149
335,12.82,2.88624198716976
335,12.8275,2.33324467650703
335,12.835,1.48155352425603
335,12.8425,0.906223255132265
335,12.85,0.357041111453085
335,12.8575,0.217321614085811
335,12.865,-0.90517403613175
335,12.8725,-1.90023013949643
335,12.88,-2.87218993361122
335,12.8875,2.31752207976146
335,12.895,1.35732894319213
335,12.9025,0.374691430217284
335,12.91,-0.574841546209019
335,12.9175,-1.42259045277515
335,12.925,-2.33930182757264
335,12.9325,3.09446762444709
335,12.94,2.22922607624227
335,12.9475,1.22815464199695
335,12.955,0.227302941459842
335,12.9625,-0.834272027749953
335,12.97,-1.93854747228026
335,12.9775,-2.98882344374667
335,12.985,2.20676201886089
335,12.9925,1.09466636256313
335,13,0.0696759110429517
335,13.0075,-0.97191676488984
335,13.015,-1.9400731476112
335,13.0225,-2.70898692885659
335,13.03,2.74904279985589
335,13.0375,1.92839215278011
335,13.045,1.01078784282457
335,13.0525,0.0864151683238099
335,13.06,-0.824119178042115
335,13.0675,-1.89235045023989
335,13.075,-3.06124892677954
335,13.0825,2.1184504806449
335,13.09,0.888305781545281
335,13.0975,-0.642351656278369
335,13.105,-2.71231176843603
335,13.1125,1.26005253731626
335,13.12,0.0318886060581842
335,13.1275,-1.3274747876453
335,13.135,-2.29467376808534
335,13.1425,3.09833395552045
335,13.15,2.01382762316795
335,13.1575,1.27144752187643
335,13.165,0.500922288449663
335,13.1725,-0.20553513929875
335,13.18,-1.0622474239386
335,13.1875,-2.17720210196823
335,13.195,3.09322299251581
335,13.2025,2.04117429538215
335,13.21,0.912996343583307
335,13.2175,-0.121432821588291
335,13.225,-1.16314798613628
335,13.2325,-2.23514640147542
335,13.24,3.02115421732801
335,13.2475,1.95013488076019
335,13.255,0.942430733804593
335,13.2625,0.110820425107499
335,13.27,-0.818976236960645
335,13.2775,-1.642383202009
335,13.285,-2.49151313898055
335,13.2925,2.77322279801941
335,13.3,1.84631634159104
335,13.3075,0.89597269505797
335,13.315,-0.0153272591272722
335,13.3225,-0.980342089817806
335,13.33,-2.01696886770226
335,13.3375,-2.87808400366564
335,13.345,2.38455063426449
335,13.3525,1.38470658663774
335,13.36,0.840345924273427
335,13.3675,-0.247382287530597
335,13.375,-1.34324954792693
335,13.3825,-2.04938963744126
335,13.39,3.04955079074681
335,13.3975,2.03309804392238
335,13.405,2.37379557002654
335,13.4125,2.15628475887656
335,13.42,1.36878707844516
335,13.4275,0.653396651082407
335,13.435,-0.380706987260832
335,13.4425,-1.55923143029188
335,13.45,-2.53025809803101
335,13.4575,2.76302972140839
335,13.465,1.72696379111973
335,13.4725,0.715467621919955
335,13.48,-0.340592442100568
335,13.4875,-1.29929740239289
335,13.495,-2.24413535451311
335,13.5025,3.11924595682878
335,13.51,2.1977924359915
335,13.5175,1.17076773094632
335,13.525,0.152406499149247
335,13.5325,-0.840774643493725
335,13.54,-1.83489165813811
335,13.5475,-2.78805285432303
335,13.555,2.58430373525814
335,13.5625,1.63880008192287
335,13.57,0.748024508402423
335,13.5775,-0.118894343237469
335,13.585,-1.03314387618379
335,13.5925,-1.96795131264221
335,13.6,-2.9865328868212
335,13.6075,2.26627173786092
335,13.615,1.1954391720055
335,13.6225,0.153658719548198
335,13.63,-0.78228815957005
335,13.6375,-1.9037382567075
335,13.645,3.11928606389172
335,13.6525,1.95347442831488
335,13.66,0.690880234509496
335,13.6675,-2.39555738088887
335,13.675,2.08825699907031
335,13.6825,0.945092309398565
335,13.69,0.133146925495358
335,13.6975,-0.808941835155233
335,13.705,-1.76688951434091
335,13.7125,-2.84197385679503
335,13.72,2.38831494703342
335,13.7275,1.4433194376554
335,13.735,0.416003032656942
335,13.7425,-0.528895925751714
335,13.75,-1.39499328489397
335,13.7575,-2.38119984619873
335,13.765,2.99543895662564
335,13.7725,2.07071675326489
335,13.78,1.06257610581005
335,13.7875,0.0940090407282295
335,13.795,-0.980402312852531
335,13.8025,-1.98848634286131
335,13.81,-2.77588811678053
335,13.8175,2.54780123386461
335,13.825,1.74664605566486
335,13.8325,0.831630120889093
335,13.84,-0.293557748433852
335,13.8475,-1.18712207572684
335,13.855,-2.24804880787624
335,13.8625,2.91357812989006
335,13.87,2.03863206134646
335,13.8775,0.884667270558132
335,13.885,-0.198950278969151
335,13.8925,-0.938495555775764
335,13.9,-2.01196522278107
335,13.9075,-2.70675273223985
335,13.915,2.84977839094505
335,13.9225,2.0041383218122
335,13.93,1.16047431052914
335,13.9375,0.20168043422998
335,13.945,-0.538843129088193
335,13.9525,-1.5830438583704
335,13.96,-2.52923207671547
335,13.9675,-3.06285339925192
335,13.975,2.24929660919134
335,13.9825,1.244113191914
335,13.99,0.546561340328541
335,13.9975,-0.549621056577046
335,14.005,-1.44933418690361
335,14.0125,-1.83747455499649
335,14.02,-2.75748611356562
335,14.0275,2.83708484407086
335,14.035,1.83841644917235
335,14.0425,0.990909645025336
335,14.05,0.107740932122377
335,14.0575,-0.925635525737766
335,14.065,-1.75233163014613
335,14.0725,-2.70480201127122
335,14.08,2.50111601684434
335,14.0875,1.51519593038974
335,14.095,0.528013755902061
335,14.1025,-0.580132751849921
335,14.11,-1.64676065281218
335,14.1175,-2.64257370242757
335,14.125,2.5706893796661
335,14.1325,1.49769330123099
335,14.14,0.530016487998597
335,14.1475,-0.38408631231072
335,14.155,-1.33252200518742
335,14.1625,-2.17618801011154
335,14.17,-3.03375005762263
335,14.1775,2.38947578778832
335,14.185,1.43117845222865
335,14.1925,0.440845939857447
335,14.2,-0.42266696808495
335,14.2075,-1.42405014254746
335,14.215,-2.21846150155752
335,14.2225,-2.98381207251162
335,14.23,2.336147022351
335,14.2375,1.40626418603066
335,14.245,0.366531352146752
335,14.2525,-0.698436229065785
335,14.26,-1.77417670451095
335,14.2675,-2.89875793045024
335,14.275,2.42213052944165
335,14.2825,1.58610378439605
335,14.29,0.657280806446828
335,14.2975,0.338425864993081
335,14.305,-0.476696871573017
335,14.3125,-1.42705574855623
335,14.32,-2.27945685542264
335,14.3275,3.01559449892743
335,14.335,2.52564066735476
335,14.3425,1.75143422120856
335,14.35,0.888552496302663
335,14.3575,0.119438578052333
335,14.365,-0.861461094785693
335,14.3725,-1.72020973854808
335,14.38,-2.6659365543368
335,14.3875,2.49339170082003
335,14.395,1.49805070625593
335,14.4025,0.523317754867729
335,14.41,-0.52192399610287
335,14.4175,-1.38726590470819
335,14.425,-2.36466334635603
335,14.4325,2.96074185388162
335,14.44,2.15847431164399
335,14.4475,1.23308655034705
335,14.455,0.498719759073873
335,14.4625,-0.439741895122447
335,14.47,-1.48154667021146
335,14.4775,-2.43638499415913
335,14.485,2.74924437174555
335,14.4925,1.63521825127487
335,14.5,0.622387830889298
335,14.5075,-0.493460021951064
335,14.515,-1.63061806007692
335,14.5225,-2.6703961686382
335,14.53,2.53007741323601
335,14.5375,1.53906941519589
335,14.545,0.704130946783111
335,14.5525,-0.240542336818919
335,14.56,-1.08693383685858
335,14.5675,-2.08972451471182
335,14.575,-2.98249807937909
335,14.5825,2.45907987478915
335,14.59,1.10061642059802
335,14.5975,-0.255632591383702
335,14.605,-1.57990646648177
335,14.6125,2.10600727425546
335,14.62,0.455988605528982
335,14.6275,-0.674934305500093
335,14.635,-1.71152761773344
335,14.6425,-2.8560498772765
335,14.65,2.40634166004519
335,14.6575,1.32821149433464
335,14.665,0.250510636678533
335,14.6725,-0.635958728420015
335,14.68,-1.56865665169979
335,14.6875,-2.3672600084078
335,14.695,-3.10442280868821
335,14.7025,2.29129395088652
335,14.71,1.34152723444116
335,14.7175,0.366703334711098
335,14.725,-0.629581843853867
335,14.7325,-1.71141193129924
335,14.74,-2.78315550479813
335,14.7475,2.39867214107294
335,14.755,1.29474020680012
335,14.7625,0.284474588076599
335,14.77,-0.762635299638753
335,14.7775,-1.76765835705384
335,14.785,-2.70374509759334
335,14.7925,2.59396129093268
335,14.8,1.70753888276288
335,14.8075,0.868899140118474
335,14.815,-0.0657772326029764
335,14.8225,-1.01653663208426
335,14.83,-1.86402463405403
335,14.8375,-2.76973910760678
335,14.845,2.61602272336021
335,14.8525,1.8068006376499
335,14.86,0.859443045606651
335,14.8675,-0.0984471932356212
335,14.875,-1.12485734471264
335,14.8825,-2.12334099416792
335,14.89,-2.42045234729658
335,14.8975,-3.08825683748059
335,14.905,2.92514482380319
335,14.9125,2.50916434134674
335,14.92,1.89673714295196
335,14.9275,1.14767704547022
335,14.935,0.0730537951965819
335,14.9425,-0.931605833861147
335,14.95,-2.02294717484424
335,14.9575,-3.10501347400182
335,14.965,2.15621736223291
335,14.9725,1.03795037453841
335,14.98,0.0088810385935077
335,14.9875,-0.970447680369743
335,14.995,-2.06031820927223
335,15.0025,-3.0618284862556
335,15.01,2.23824369626923
335,15.0175,1.2092468004725
335,15.025,0.218186289055619
335,15.0325,-0.838760336962634
335,15.04,-1.8416916529058
335,15.0475,-2.76564594635337
335,15.055,2.50910512504439
335,15.0625,1.64839864534987
335,15.07,0.895994502616658
335,15.0775,-0.054265971353665
335,15.085,-0.931039507884449
335,15.0925,-1.80245345454075
335,15.1,-2.86649836419546
335,15.1075,2.45862184026672
335,15.115,1.57807021811897
335,15.1225,0.500279111017932
335,15.13,-0.501816289239482
335,15.1375,-1.53458346626899
335,15.145,-2.69350785109839
335,15.1525,2.90705599391106
335,15.16,1.91811428560628
335,15.1675,-2.44813989940383
335,15.175,2.47214903515815
335,15.1825,1.49316773634477
335,15.19,0.425580417318433
335,15.1975,-0.702659235160984
335,15.205,-1.77231140720126
335,15.2125,-2.80107963231733
335,15.22,2.67420572358686
335,15.2275,1.72579641263627
335,15.235,0.749077431506068
335,15.2425,-0.108841290034851
335,15.25,-1.14983584986568
335,15.2575,-2.16130715010943
335,15.265,-3.09277224687159
335,15.2725,2.15641045814065
335,15.28,1.08342377853966
335,15.2875,-0.00780444934876453
335,15.295,-1.05009717220766
335,15.3025,-2.02450203486966
335,15.31,-2.88699165917184
335,15.3175,2.6978579062948
335,15.325,1.83097273006493
335,15.3325,1.03812164408614
335,15.34,0.15842120417681
335,15.3475,-0.798812954540688
335,15.355,-1.75869622636173
335,15.3625,-2.85989072972365
335,15.37,2.31608108679206
335,15.3775,1.24291553903832
335,15.385,0.138253052525833
335,15.3925,-0.919787438974115
335,15.4,-1.96264181189399
335,15.4075,-2.89365276850269
335,15.415,2.69978370303001
335,15.4225,1.95406923631086
335,15.43,1.45898497803447
335,15.4375,0.767412237364771
335,15.445,-0.23208614444745
335,15.4525,-1.23072887155982
335,15.46,-2.21508190102569
335,15.4675,3.05192129181332
335,15.475,2.34703251097239
335,15.4825,2.02751187279065
335,15.49,1.4302563658793
335,15.4975,0.5599806073539
335,15.505,-0.469491628716649
335,15.5125,-1.53705995760016
335,15.52,-2.60435559053888
335,15.5275,2.61286494673929
335,15.535,1.55097477797096
335,15.5425,0.456529005152744
335,15.55,-0.601473891390946
335,15.5575,-1.54382272780654
335,15.565,-2.31050457116247
335,15.5725,-2.79888273350368
335,15.58,2.68399567471416
335,15.5875,1.74176919024952
335,15.595,0.736052662349608
335,15.6025,-0.358667409775041
335,15.61,-1.45616591121832
335,15.6175,-2.53693409538831
335,15.625,2.61372879883824
335,15.6325,1.48467372451377
335,15.64,0.449983756687296
335,15.6475,-0.562883648311811
335,15.655,-1.49160969741629
335,15.6625,-2.16927425383462
335,15.67,-2.63780429087802
335,15.6775,2.8528989797283
335,15.685,1.78639500891774
335,15.6925,1.04250264536104
335,15.7,0.116933990105268
335,15.7075,-0.915532964886802
335,15.715,-1.72238463714548
335,15.7225,-2.73882916712476
335,15.73,2.6399695086388
335,15.7375,1.83480649460526
335,15.745,0.892492722242068
335,15.7525,-0.0461002636141918
335,15.76,-0.94746774071803
335,15.7675,-1.84621346951339
335,15.775,-2.8847105772608
335,15.7825,2.5452306499694
335,15.79,1.57799888280523
335,15.7975,0.419933939229115
335,15.805,-0.532671123323393
335,15.8125,-1.56470694389043
335,15.82,-2.43220165590507
335,15.8275,-2.64168320165058
335,15.835,3.02274688679499
335,15.8425,2.11873154284472
335,15.85,1.06163509157385
335,15.8575,0.0885884912843803
335,15.865,-0.943164501964972
335,15.8725,-1.90982454485284
335,15.88,-2.87382623478479
335,15.8875,2.33885948098467
335,15.895,1.3751417518965
335,15.9025,0.342701566291631
335,15.91,-0.707636627392732
335,15.9175,-1.74310788939261
335,15.925,-2.83546447717612
335,15.9325,2.51702088736834
335,15.94,1.52780863621719
335,15.9475,0.642168785379828
335,15.955,0.00825431214026129
335,15.9625,-0.540392563619282
335,15.97,-1.12706314382963
335,15.9775,-2.21884564247809
335,15.985,3.13405793629935
335,15.9925,2.10959342899694
335,16,1.0353246853828
345,4,2.20638305275605
345,4.0075,1.21231934692771
345,4.015,0.33680661344974
345,4.0225,-0.426549656699861
345,4.03,-1.28781823710002
345,4.0375,-1.99099887121378
345,4.045,-2.74564636069517
345,4.0525,2.51214302108649
345,4.06,1.78438017687881
345,4.0675,0.965282212520631
345,4.075,0.166695664183367
345,4.0825,-0.643670242489816
345,4.09,-1.57598155541612
345,4.0975,-2.56106883634013
345,4.105,2.65017499442775
345,4.1125,1.58723180612348
345,4.12,0.554042087909873
345,4.1275,-0.518434225189123
345,4.135,-1.49587066742661
345,4.1425,-2.42865711952921
345,4.15,2.8620144312041
345,4.1575,2.08561410344954
345,4.165,1.32954097146723
345,4.1725,0.630871833028537
345,4.18,-0.105272216678063
345,4.1875,-1.11979681102491
345,4.195,-1.98091860671409
345,4.2025,-2.96144666310649
345,4.21,2.28432511251246
345,4.2175,1.34577032141993
345,4.225,0.362848665619753
345,4.2325,-0.600922922419023
345,4.24,-1.51760803820092
345,4.2475,-2.4956426010791
345,4.255,2.77638987762521
345,4.2625,1.75220877438343
345,4.27,0.686637872298085
345,4.2775,-0.362132005481514
345,4.285,-1.31940488160455
345,4.2925,-2.34628945870086
345,4.3,2.87370138351735
345,4.3075,1.81953533724345
345,4.315,0.631420010236199
345,4.3225,-0.466822470354807
345,4.33,-1.32251623056603
345,4.3375,-2.41369264988462
345,4.345,-1.34754457181003
345,4.3525,-2.20741694350428
345,4.36,-2.84856148672579
345,4.3675,2.34999161005641
345,4.375,1.24909783800082
345,4.3825,0.2078213352778
345,4.39,-0.752020813945334
345,4.3975,-1.4725036350408
345,4.405,-2.41739533219297
345,4.4125,3.05855140851911
345,4.42,2.40061040878296
345,4.4275,1.42354012288891
345,4.435,0.533771776203932
345,4.4425,-0.40340983621066
345,4.45,-1.47077394716707
345,4.4575,-2.45069621847961
345,4.465,2.93790750657755
345,4.4725,2.02489008765564
345,4.48,1.09548679655696
345,4.4875,0.149229214465884
345,4.495,-0.836711209508967
345,4.5025,-1.8355552996152
345,4.51,-2.80637179303589
345,4.5175,2.48252741994956
345,4.525,1.4711990487629
345,4.5325,0.44932140394373
345,4.54,-0.560010020399574
345,4.5475,-1.52794631503291
345,4.555,-2.46488479738078
345,4.5625,2.87291938976524
345,4.57,1.95132844391911
345,4.5775,1.01257932009632
345,4.585,0.0618656168790303
345,4.5925,-0.880123635079565
345,4.6,-1.90104457179697
345,4.6075,-2.94366060745385
345,4.615,2.32808536250263
345,4.6225,1.33073921990585
345,4.63,0.783306778668493
345,4.6375,0.0687199297219908
345,4.645,-0.777076738846287
345,4.6525,-1.60302987479687
345,4.66,-2.76354812855207
345,4.6675,2.86565646940602
345,4.675,2.19920872659469
345,4.6825,2.13422936419885
345,4.69,1.56674078966363
345,4.6975,0.548990631958545
345,4.705,-0.360929361637055
345,4.7125,-1.43892584136609
345,4.72,-2.54031521748252
345,4.7275,2.76948917025431
345,4.735,1.83796853604837
345,4.7425,0.902313541282802
345,4.75,0.0294865763691397
345,4.7575,-0.890671107757247
345,4.765,-1.65540170715321
345,4.7725,-2.55295172169718
345,4.78,2.78883828264974
345,4.7875,1.85668270488788
345,4.795,0.822577718604688
345,4.8025,-0.218059208016836
345,4.81,-1.23140046895442
345,4.8175,-2.22400385394313
345,4.825,3.01079625029128
345,4.8325,1.99041692863989
345,4.84,0.973031387890015
345,4.8475,-0.0742514430016982
345,4.855,-1.04217168388968
345,4.8625,-2.00885991779927
345,4.87,-2.84528134305508
345,4.8775,2.59391728833276
345,4.885,1.61345077476942
345,4.8925,0.673736907581802
345,4.9,-0.372781872369348
345,4.9075,-1.49613912466228
345,4.915,-2.60255316491739
345,4.9225,2.58670998031592
345,4.93,1.40393398616956
345,4.9375,0.175537614085713
345,4.945,-1.10273756022399
345,4.9525,-3.01025905041816
345,4.96,0.805205522245709
345,4.9675,-0.643831002755043
345,4.975,-1.94532787550934
345,4.9825,3.06671418316286
345,4.99,2.06966976610156
345,4.9975,1.28136171281685
345,5.005,0.506133139057315
345,5.0125,-0.0928722204832281
345,5.02,-0.970705213879568
345,5.0275,-1.96234981664334
345,5.035,-2.90752188227862
345,5.0425,2.39468596338743
345,5.05,1.44893999003252
345,5.0575,0.435906816470225
345,5.065,-0.549265117152941
345,5.0725,-1.31462460437449
345,5.08,-2.24694762834425
345,5.0875,-3.1146474652278
345,5.095,2.29512726913321
345,5.1025,1.34436938285084
345,5.11,0.488551695115443
345,5.1175,-0.37650609857314
345,5.125,-1.3831032294739
345,5.1325,-2.43638981871363
345,5.14,2.81464469709327
345,5.1475,1.73828457130175
345,5.155,0.635201929078335
345,5.1625,-0.41815569425432
345,5.17,-1.46211291429964
345,5.1775,-2.58869650678609
345,5.185,2.6104985862462
345,5.1925,1.65902249472472
345,5.2,0.631014658335173
345,5.2075,-0.372874661845997
345,5.215,-1.30757171598337
345,5.2225,-2.42648991715066
345,5.23,2.76759746667664
345,5.2375,1.70491645703913
345,5.245,0.436037248960911
345,5.2525,-1.29019149424475
345,5.26,2.68820767623951
345,5.2675,1.15743877161222
345,5.275,0.00240182806130243
345,5.2825,-1.12483320109922
345,5.29,-2.19929238462801
345,5.2975,-2.53713071274145
345,5.305,2.80936550611163
345,5.3125,1.79120414152275
345,5.32,0.944254249187081
345,5.3275,-0.149856462663831
345,5.335,-0.907207617182086
345,5.3425,-1.68237125871922
345,5.35,-2.71906738596415
345,5.3575,2.55993475491602
345,5.365,1.56176868458263
345,5.3725,0.62096337716463
345,5.38,-0.38524162523129
345,5.3875,-1.40274928213059
345,5.395,-2.38398125418471
345,5.4025,2.89444289775398
345,5.41,1.88160158265035
345,5.4175,0.860167374003738
345,5.425,-0.132378324849724
345,5.4325,-1.14672201910199
345,5.44,-2.2406830512642
345,5.4475,2.99894294242648
345,5.455,1.96912946068697
345,5.4625,0.92088203829139
345,5.47,-0.113370057531295
345,5.4775,-1.09512825169417
345,5.485,-1.76624273959143
345,5.4925,-2.71232919619255
345,5.5,-3.03525199306517
345,5.5075,2.4868789235927
345,5.515,1.37861307321328
345,5.5225,0.578436017578018
345,5.53,-0.464969007236462
345,5.5375,-1.53627898041718
345,5.545,-2.5987391409316
345,5.5525,2.54791772522944
345,5.56,1.55156974001482
345,5.5675,0.966836680793041
345,5.575,0.216310794576257
345,5.5825,0.471134217282808
345,5.59,0.170553936423337
345,5.5975,-0.857406721028163
345,5.605,-1.88054020112511
345,5.6125,-3.05009073507086
345,5.62,2.18669937979842
345,5.6275,1.29004573581003
345,5.635,0.271988129395919
345,5.6425,-0.716243436441842
345,5.65,-1.6788042973915
345,5.6575,-2.65229677232017
345,5.665,2.68399367164108
345,5.6725,1.72545294829968
345,5.68,0.717382073905332
345,5.6875,-0.313317357781681
345,5.695,-1.35545966022125
345,5.7025,-2.42505157541415
345,5.71,2.82507574612005
345,5.7175,1.94848803527991
345,5.725,1.13005856732467
345,5.7325,0.251918690060928
345,5.74,-0.578764322383053
345,5.7475,-1.30270171811907
345,5.755,-2.23081256997911
345,5.7625,3.01536757659138
345,5.77,2.01148719731683
345,5.7775,0.923219619252811
345,5.785,-0.200680110261599
345,5.7925,-1.17213702112655
345,5.8,-2.19964635099706
345,5.8075,2.91395754890155
345,5.815,1.87480025140412
345,5.8225,0.824285598244611
345,5.83,-0.443206863951395
345,5.8375,-1.59459406414389
345,5.845,-2.72302169656482
345,5.8525,1.57965474373307
345,5.86,-0.676234299154011
345,5.8675,-2.14689896515323
345,5.875,2.98578366443495
345,5.8825,1.8124678719627
345,5.89,0.630076639648362
345,5.8975,-0.452903125457671
345,5.905,-1.30938850015378
345,5.9125,-2.2999212779302
345,5.92,2.99370482377466
345,5.9275,2.20104754709882
345,5.935,1.32930559045404
345,5.9425,0.320608620038651
345,5.95,-0.626491672958957
345,5.9575,-1.54372265648264
345,5.965,-2.66627274594404
345,5.9725,2.87422481119498
345,5.98,2.50675408283759
345,5.9875,1.76202383790366
345,5.995,0.829210579314961
345,6.0025,-0.279479252392457
345,6.01,-1.25954611924269
345,6.0175,-2.29984427768702
345,6.025,2.87940685315285
345,6.0325,1.98912381836042
345,6.04,0.968204041353923
345,6.0475,-0.220492544723438
345,6.055,-1.26836010359545
345,6.0625,-2.29662535994612
345,6.07,2.85833344405203
345,6.0775,1.98503456446378
345,6.085,1.31379320161158
345,6.0925,0.598254252659511
345,6.1,0.20111387930425
345,6.1075,-0.737410965475488
345,6.115,-1.63464459374062
345,6.1225,-2.66081685105007
345,6.13,2.43025744042436
345,6.1375,1.46819381343704
345,6.145,0.332878888434178
345,6.1525,-0.844199127642144
345,6.16,-1.81723223190042
345,6.1675,-2.88924262593148
345,6.175,2.61543228325782
345,6.1825,1.46131752903433
345,6.19,0.0570283950231645
345,6.1975,1.31862175450094
345,6.205,1.77858246989482
345,6.2125,0.599916242596019
345,6.22,-0.464200635348956
345,6.2275,-1.23112523004059
345,6.235,-2.3795136130409
345,6.2425,2.77609575389636
345,6.25,1.80246279304042
345,6.2575,0.731415085762647
345,6.265,-0.250406523690312
345,6.2725,-1.25561066216352
345,6.28,-2.32116072136757
345,6.2875,2.93396317053387
345,6.295,1.82346929389151
345,6.3025,0.780769435945737
345,6.31,-0.255518139152336
345,6.3175,-1.29579659925288
345,6.325,-2.21927063298782
345,6.3325,3.09037459919685
345,6.34,2.16252378928019
345,6.3475,1.32225228269271
345,6.355,0.661561246435073
345,6.3625,-0.20987651669924
345,6.37,-1.11981301392839
345,6.3775,-2.0337014293653
345,6.385,-3.12404397811311
345,6.3925,2.20688948029752
345,6.4,1.30585758724575
345,6.4075,0.193683796563108
345,6.415,-0.876607439675708
345,6.4225,-1.75308772438966
345,6.43,-2.8064703719497
345,6.4375,2.38422999538071
345,6.445,1.42402521636549
345,6.4525,0.371320012127443
345,6.46,-0.720787788044644
345,6.4675,-1.05537211469878
345,6.475,-0.669378215390371
345,6.4825,-1.31732875383865
345,6.49,-2.3048367780767
345,6.4975,2.83229756086782
345,6.505,1.97126199048325
345,6.5125,1.10474477436059
345,6.52,0.157517774765128
345,6.5275,-0.673591963135973
345,6.535,-1.69001640770516
345,6.5425,-2.75915569070623
345,6.55,2.49190690998048
345,6.5575,1.40176633583502
345,6.565,0.409477003864629
345,6.5725,-0.435586373259367
345,6.58,-1.26315052819381
345,6.5875,-1.90655849498146
345,6.595,-2.66154245398345
345,6.6025,2.78403377879901
345,6.61,1.86187176857394
345,6.6175,0.878860327703184
345,6.625,-0.0698574170744477
345,6.6325,-1.16720249328868
345,6.64,-2.19783024001033
345,6.6475,3.09641882798336
345,6.655,1.92713669841132
345,6.6625,0.86100773318365
345,6.67,-0.100707072593361
345,6.6775,-1.26241786379784
345,6.685,-2.37066752566712
345,6.6925,2.98632868494782
345,6.7,1.81111363176768
345,6.7075,0.677194145134345
345,6.715,-0.227876128290574
345,6.7225,-1.50517220244029
345,6.73,-0.00546215435238675
345,6.7375,-1.03701479293486
345,6.745,-1.5820746892838
345,6.7525,-2.67042376879986
345,6.76,2.56673778104641
345,6.7675,1.62968970998296
345,6.775,0.597628334185189
345,6.7825,-0.51111871119846
345,6.79,-1.60770547822926
345,6.7975,-2.62907156226406
345,6.805,2.61105952687756
345,6.8125,1.54016906167419
345,6.82,0.571797897989359
345,6.8275,-0.124519439812772
345,6.835,-0.884869627145507
345,6.8425,-1.4864738869578
345,6.85,-2.28596716577344
345,6.8575,3.00808782748361
345,6.865,2.14964427282643
345,6.8725,1.22658248982239
345,6.88,0.18554987122228
345,6.8875,-0.791596657482739
345,6.895,-1.80008842852211
345,6.9025,-2.80264901907471
345,6.91,2.56687348913058
345,6.9175,1.58794509830205
345,6.925,0.710148112446343
345,6.9325,-0.268692932619736
345,6.94,-1.34607504573897
345,6.9475,-2.29051015458166
345,6.955,3.0007984926699
345,6.9625,2.06587309373786
345,6.97,1.45556178209155
345,6.9775,0.603598421083209
345,6.985,-0.0196385853957009
345,6.9925,-0.664200700065207
345,7,-1.69143121483162
345,7.0075,-2.63271378828199
345,7.015,2.57234127093784
345,7.0225,1.47661520315643
345,7.03,0.456252841304624
345,7.0375,-0.637651533806792
345,7.045,-1.69072522886309
345,7.0525,-2.71806598247185
345,7.06,2.45086655450188
345,7.0675,1.46299115951607
345,7.075,0.694741003083982
345,7.0825,-0.16743198017303
345,7.09,-0.51235299605867
345,7.0975,-1.07194940787789
345,7.105,-2.00930248697649
345,7.1125,-2.653501906645
345,7.12,2.75187569298239
345,7.1275,1.7165792487015
345,7.135,0.825086774243907
345,7.1425,-0.234410298013229
345,7.15,-1.3237543875799
345,7.1575,-2.20633779931515
345,7.165,3.06505117136602
345,7.1725,1.99639106751515
345,7.18,1.12878444913424
345,7.1875,0.0602929632064069
345,7.195,-1.05832771655491
345,7.2025,-1.99759421459516
345,7.21,-3.05323800311274
345,7.2175,2.3007496597919
345,7.225,1.72851768245545
345,7.2325,1.05685077917739
345,7.24,0.544415502591378
345,7.2475,-0.244686492207329
345,7.255,-1.1513180241759
345,7.2625,-2.1930743387567
345,7.27,2.9966913134597
345,7.2775,1.95779246946934
345,7.285,0.863839497372722
345,7.2925,-0.0978425478558316
345,7.3,-1.02700618441142
345,7.3075,-2.08375915280705
345,7.315,-2.92245252052507
345,7.3225,2.35653923852926
345,7.33,1.38505386048757
345,7.3375,0.728374964427234
345,7.345,-0.267231052091249
345,7.3525,-1.09546417265973
345,7.36,-1.94412937084979
345,7.3675,-2.85610461247312
345,7.375,2.58938623985059
345,7.3825,1.80439197101628
345,7.39,0.879237660442426
345,7.3975,-0.158747019580222
345,7.405,-1.13116851403445
345,7.4125,-2.19495254332693
345,7.42,3.05536694541933
345,7.4275,2.03194483866051
345,7.435,0.935396711225285
345,7.4425,-0.0700202684179419
345,7.45,-1.13409621373052
345,7.4575,-2.12697011819083
345,7.465,-2.89300608844856
345,7.4725,2.93863390181662
345,7.48,2.95768810940613
345,7.4875,1.93062651541726
345,7.495,1.24722674056208
345,7.5025,0.299520052041355
345,7.51,-0.805656742162205
345,7.5175,-1.71831452670975
345,7.525,-2.72568712762248
345,7.5325,2.51499324154657
345,7.54,1.55550916080793
345,7.5475,0.555101579315112
345,7.555,-0.445307741390116
345,7.5625,-1.49411772318379
345,7.57,-2.55508835009491
345,7.5775,2.77351088923569
345,7.585,1.73842763804578
345,7.5925,0.717399161419462
345,7.6,-0.0225820745551412
345,7.6075,-0.850970926727608
345,7.615,-1.56838135843398
345,7.6225,-2.0647321739241
345,7.63,-2.92461552808021
345,7.6375,2.39721614098664
345,7.645,1.39901838360777
345,7.6525,0.345625025248922
345,7.66,-0.748362456117707
345,7.6675,-1.82345862504672
345,7.675,-2.82186363833502
345,7.6825,2.43057317347495
345,7.69,1.39261149110262
345,7.6975,0.451103470465567
345,7.705,-0.435390029234914
345,7.7125,-1.30844080794774
345,7.72,-2.10002223660171
345,7.7275,-2.66422753031421
345,7.735,2.75745882740228
345,7.7425,1.94348686927204
345,7.75,1.17845938744682
345,7.7575,0.210304513372036
345,7.765,-0.638270216245912
345,7.7725,-1.56435462726232
345,7.78,-2.5955485876685
345,7.7875,2.7592785733516
345,7.795,1.71030420210465
345,7.8025,0.673036431813366
345,7.81,-0.262943203497983
345,7.8175,-1.41704112598481
345,7.825,-2.39956636241001
345,7.8325,3.0379451547922
345,7.84,1.97612367672443
345,7.8475,2.06715209275922
345,7.855,1.42692865107056
345,7.8625,0.817549005174591
345,7.87,-0.225625329125718
345,7.8775,-1.21103524242433
345,7.885,-2.25214707880114
345,7.8925,2.92697026569936
345,7.9,1.88908237934936
345,7.9075,0.784884553322112
345,7.915,-0.278684410108831
345,7.9225,-1.3063787777392
345,7.93,-2.33750002193267
345,7.9375,2.91620003202662
345,7.945,1.96458146534538
345,7.9525,1.06661108955363
345,7.96,-0.0148379273520041
345,7.9675,-0.765110273524998
345,7.975,-1.58349542968007
345,7.9825,-2.68514492770809
345,7.99,-3.06714100347954
345,7.9975,2.27117929982502
345,8.005,1.41962786552068
345,8.0125,0.791551364675517
345,8.02,-0.247446600583175
345,8.0275,-1.17170484614871
345,8.035,-2.16949136204696
345,8.0425,3.02864912340843
345,8.05,2.03783877316579
345,8.0575,0.979826931647588
345,8.065,-0.0959778655581885
345,8.0725,-0.994425014048457
345,8.08,-2.02842463594614
345,8.0875,-3.01303721346786
345,8.095,2.67839302939594
345,8.1025,1.82552401344772
345,8.11,1.27021758321017
345,8.1175,0.546422040178223
345,8.125,-0.359099128957583
345,8.1325,-1.15695688950634
345,8.14,-2.13745335448101
345,8.1475,-2.94649738768822
345,8.155,2.39992937532014
345,8.1625,1.36992421127876
345,8.17,0.563348087187193
345,8.1775,-0.464928120394015
345,8.185,-1.49038959066226
345,8.1925,-2.4271862217527
345,8.2,2.77653397950962
345,8.2075,1.82754168160146
345,8.215,0.905860773025912
345,8.2225,-0.00420473327349955
345,8.23,-0.774592710525988
345,8.2375,-1.58324038998358
345,8.245,-2.34059424236924
345,8.2525,3.04290674227531
345,8.26,2.13000864283212
345,8.2675,1.13169473351321
345,8.275,0.0812031639060954
345,8.2825,-0.932994525391406
345,8.29,-2.01583396126536
345,8.2975,-3.08102528531358
345,8.305,2.1779093941726
345,8.3125,1.08823592475435
345,8.32,0.0463318062383856
345,8.3275,-0.946118430420052
345,8.335,-1.97421111384901
345,8.3425,-2.8828256222398
345,8.35,2.55760852962044
345,8.3575,1.78547277026649
345,8.365,1.06392276740707
345,8.3725,0.480025452441894
345,8.38,-0.167835408616289
345,8.3875,-0.983248867042026
345,8.395,-1.70610626679468
345,8.4025,-2.65678713113433
345,8.41,2.69879550976858
345,8.4175,1.7545616073495
345,8.425,0.644358392374427
345,8.4325,-0.386782276222088
345,8.44,-1.37643545841367
345,8.4475,-2.44745419439483
345,8.455,2.85822097098272
345,8.4625,1.92173009229426
345,8.47,1.03210310629741
345,8.4775,0.476577186132515
345,8.485,-0.026703253014394
345,8.4925,-0.710036749852268
345,8.5,-1.62741105225666
345,8.5075,-2.64145311822049
345,8.515,2.62027629066928
345,8.5225,1.57798264622379
345,8.53,0.535627973231202
345,8.5375,-0.5025685941836
345,8.545,-1.55339490193584
345,8.5525,-2.59344532603148
345,8.56,2.69280554743679
345,8.5675,1.65739980922126
345,8.575,0.652092923340627
345,8.5825,-0.226147884168689
345,8.59,-1.24502261647561
345,8.5975,-2.13695433557843
345,8.605,-2.90610085999954
345,8.6125,2.40427910330336
345,8.62,1.88098613134814
345,8.6275,1.02823442204464
345,8.635,0.150002181868696
345,8.6425,-0.520183628328958
345,8.65,-1.59381018404337
345,8.6575,-2.54998776637845
345,8.665,2.75789790593129
345,8.6725,1.60733238039471
345,8.68,0.603209936242498
345,8.6875,-0.471845569682104
345,8.695,-1.61143204409134
345,8.7025,-2.5009760016716
345,8.71,2.72842846431998
345,8.7175,1.85185612647969
345,8.725,1.43093262070045
345,8.7325,0.841730229139362
345,8.74,0.548570932296192
345,8.7475,-0.471808437552444
345,8.755,-1.17812128027922
345,8.7625,-2.17692565726396
345,8.77,3.13966812182736
345,8.7775,2.24683277827112
345,8.785,1.20378602636743
345,8.7925,0.238444833622137
345,8.8,-0.793701321741674
345,8.8075,-1.90307429583558
345,8.815,-2.93048021144833
345,8.8225,2.32436004336925
345,8.83,1.24007180963055
345,8.8375,0.253380235503687
345,8.845,-0.648235798242202
345,8.8525,-1.60768969646243
345,8.86,-2.24912967016148
345,8.8675,-2.78044614071261
345,8.875,2.73043992676052
345,8.8825,1.96836195133742
345,8.89,0.961832776303103
345,8.8975,-0.0839916819203714
345,8.905,-1.08074680606646
345,8.9125,-2.12454774638717
345,8.92,3.10778747232512
345,8.9275,2.10282420560547
345,8.935,1.09912498809415
345,8.9425,0.104999900457954
345,8.95,-0.767193246522697
345,8.9575,-1.61287806021106
345,8.965,-2.47284616955383
345,8.9725,2.94070930781726
345,8.98,1.98848883918747
345,8.9875,1.09509591026687
345,8.995,0.217090577845441
345,9.0025,-0.633668425108151
345,9.01,-1.53305787278767
345,9.0175,-2.45464522765876
345,9.025,3.04493498132989
345,9.0325,2.15768768424943
345,9.04,1.25035623061027
345,9.0475,0.425329290756754
345,9.055,-0.637486145441596
345,9.0625,-1.73043814697828
345,9.07,-2.68052316271225
345,9.0775,2.53165859257316
345,9.085,1.4582311208455
345,9.0925,0.614230145695378
345,9.1,-0.26145874025296
345,9.1075,-0.809601001593368
345,9.115,-0.816443729361805
345,9.1225,-1.67194021121367
345,9.13,-2.56377568351222
345,9.1375,2.66363841425508
345,9.145,1.629241865283
345,9.1525,0.629127654175054
345,9.16,-0.473068357654503
345,9.1675,-1.49887829032984
345,9.175,-2.53732686263781
345,9.1825,2.66703522435643
345,9.19,1.70449221149132
345,9.1975,0.69049352141086
345,9.205,-0.296710681918594
345,9.2125,-1.19135362279479
345,9.22,-2.15184485164621
345,9.2275,-3.06632994603276
345,9.235,2.37630304258434
345,9.2425,1.41385308480076
345,9.25,0.559817407146328
345,9.2575,-0.212958382386158
345,9.265,-1.16824974885381
345,9.2725,-1.91675647635684
345,9.28,-2.84519024729403
345,9.2875,2.44796321182567
345,9.295,1.55091911339559
345,9.3025,0.475129329836129
345,9.31,-0.490129476872786
345,9.3175,-1.5067783095995
345,9.325,-2.62820442306985
345,9.3325,2.76954667700413
345,9.34,1.66671374270569
345,9.3475,0.645531846830443
345,9.355,0.110008659541143
345,9.3625,-0.861405929987037
345,9.37,-1.05943512882925
345,9.3775,-1.91759610827592
345,9.385,-2.66568694242787
345,9.3925,2.84417252186351
345,9.4,1.96664912101212
345,9.4075,1.06281699063412
345,9.415,0.0530364640352266
345,9.4225,-0.94431035624718
345,9.43,-1.97897505411144
345,9.4375,-3.02169622182872
345,9.445,2.24231141645853
345,9.4525,1.27850421957543
345,9.46,0.24799387899674
345,9.4675,-0.697494534277454
345,9.475,-1.46447408280621
345,9.4825,-2.365964269697
345,9.49,-3.04234860158173
345,9.4975,2.54680342119054
345,9.505,1.59971989244526
345,9.5125,0.718672853526598
345,9.52,-0.25069329455614
345,9.5275,-1.32223332091819
345,9.535,-2.32690746555672
345,9.5425,2.90630793419865
345,9.55,1.83191837404554
345,9.5575,0.801865848891738
345,9.565,-0.261979593351658
345,9.5725,-1.2748392046924
345,9.58,-2.2936825343596
345,9.5875,2.95595185881916
345,9.595,2.01468363559703
345,9.6025,1.05189735648129
345,9.61,0.12112470544097
345,9.6175,-0.814383674963534
345,9.625,-1.72818748908757
345,9.6325,-2.52854879235533
345,9.64,2.83309174012469
345,9.6475,2.3663207920115
345,9.655,2.29268907629349
345,9.6625,1.37170844748626
345,9.67,0.504830689342764
345,9.6775,-0.486511309901496
345,9.685,-1.64615268177432
345,9.6925,-2.70166983944201
345,9.7,2.67213929648102
345,9.7075,1.64087530304956
345,9.715,0.587660952078694
345,9.7225,-0.0256600877229891
345,9.73,-0.66299741980742
345,9.7375,-1.31755919863713
345,9.745,-1.96462868156311
345,9.7525,-2.96325594748194
345,9.76,2.33257062700208
345,9.7675,1.32520519078247
345,9.775,0.270345429490593
345,9.7825,-0.7652759940875
345,9.79,-1.80587345453342
345,9.7975,-2.85111759098745
345,9.805,2.45539655934607
345,9.8125,1.45888994044682
345,9.82,0.449532973853783
345,9.8275,-0.47916483616756
345,9.835,-1.42492154034647
345,9.8425,-2.37270775945021
345,9.85,2.92398405297001
345,9.8575,1.99959122429834
345,9.865,1.05816761292261
345,9.8725,0.0547706220699157
345,9.88,-0.797723942732862
345,9.8875,-1.67424573785732
345,9.895,-2.60662230486115
345,9.9025,2.74978411958504
345,9.91,1.89967016262738
345,9.9175,0.921415415017272
345,9.925,-0.0456430052197563
345,9.9325,-0.956712385937692
345,9.94,-2.03780860875337
345,9.9475,-3.04451777278637
345,9.955,2.16075142486369
345,9.9625,1.12151352965483
345,9.97,0.338881396086291
345,9.9775,-0.729781236512163
345,9.985,-1.03745016079406
345,9.9925,-1.43766253771789
345,10,-1.83369705841615
345,10.0075,-2.43494481614163
345,10.015,2.78417325167477
345,10.0225,1.96853934155957
345,10.03,0.969539929765946
345,10.0375,-0.0791605442230204
345,10.045,-1.05196821245608
345,10.0525,-2.11575930698311
345,10.06,3.1372224518036
345,10.0675,2.13015434558236
345,10.075,1.10558558473436
345,10.0825,0.0961395482421607
345,10.09,-0.907412665274358
345,10.0975,-1.88483613681197
345,10.105,-2.81964930221639
345,10.1125,2.5700558057255
345,10.12,1.7115210941097
345,10.1275,0.950148677555732
345,10.135,0.024753109312712
345,10.1425,-0.879217129337745
345,10.15,-1.79259891870966
345,10.1575,-2.85448702512522
345,10.165,2.44532249046925
345,10.1725,1.42302603824544
345,10.18,0.374912109539668
345,10.1875,-0.601549084820827
345,10.195,-1.62543730132889
345,10.2025,-2.57778450729224
345,10.21,2.76532333688304
345,10.2175,1.77865589594111
345,10.225,0.893429821258917
345,10.2325,-0.0803751007745645
345,10.24,-1.08253382070559
345,10.2475,-1.99106763305225
345,10.255,-2.98172487769659
345,10.2625,2.4426267867141
345,10.27,1.8156972458255
345,10.2775,1.48866342232384
345,10.285,1.10599319128854
345,10.2925,0.136463025723895
345,10.3,-0.753935675478879
345,10.3075,-1.74356527521472
345,10.315,-2.88433916966262
345,10.3225,2.34844384562094
345,10.33,1.31916120033164
345,10.3375,0.238859285105544
345,10.345,-0.786189436858486
345,10.3525,-1.62761911903256
345,10.36,-2.09588780512176
345,10.3675,-2.40673654913655
345,10.375,-3.11071069500117
345,10.3825,2.1369311529021
345,10.39,1.09858518686882
345,10.3975,0.0849993900131471
345,10.405,-1.00015585325087
345,10.4125,-2.01371768266079
345,10.42,-3.03681658992246
345,10.4275,2.16134081862121
345,10.435,1.22311815207432
345,10.4425,0.220783987511702
345,10.45,-0.770516021811916
345,10.4575,-1.66828183296601
345,10.465,-2.7089815464893
345,10.4725,2.6032063376233
345,10.48,1.66473099095053
345,10.4875,0.670051760974162
345,10.495,-0.285775079256831
345,10.5025,-1.25501025740793
345,10.51,-2.22123638964836
345,10.5175,3.07787112558695
345,10.525,2.12127657108465
345,10.5325,1.22895527465231
345,10.54,0.35169526072341
345,10.5475,-0.570456126083887
345,10.555,-1.44941629920121
345,10.5625,-2.33179393636124
345,10.57,2.91570823352344
345,10.5775,1.96030077595496
345,10.585,1.04973974804236
345,10.5925,0.0226003314193782
345,10.6,-0.625464268207056
345,10.6075,-1.16927988835474
345,10.615,-1.34777471640808
345,10.6225,-1.72974209311425
345,10.63,-2.67435156007283
345,10.6375,2.76482726597488
345,10.645,1.68926122633432
345,10.6525,0.656699439818054
345,10.66,-0.267086340678115
345,10.6675,-1.22986254779143
345,10.675,-2.17711983915472
345,10.6825,3.12150947802384
345,10.69,2.12404516528391
345,10.6975,1.11705472956549
345,10.705,0.127011025639353
345,10.7125,-0.815024632349368
345,10.72,-1.8429757739367
345,10.7275,-2.84720484606542
345,10.735,2.55847367108821
345,10.7425,1.62282991693506
345,10.75,0.694163619939127
345,10.7575,-0.18261895585876
345,10.765,-1.16793142088492
345,10.7725,-2.17677761827602
345,10.78,-3.09583664045217
345,10.7875,2.17387171032726
345,10.795,1.15505094194834
345,10.8025,0.185049514575282
345,10.81,-0.853898845839404
345,10.8175,-1.87802558493884
345,10.825,-2.85488005506747
345,10.8325,2.45478407963166
345,10.84,1.48615264696947
345,10.8475,0.513858869805714
345,10.855,-0.440334904117074
345,10.8625,-1.43197875177229
345,10.87,-2.48444628795635
345,10.8775,2.78057774511481
345,10.885,1.65519392484338
345,10.8925,0.381106175664902
345,10.9,-0.987095263497825
345,10.9075,3.04064457761018
345,10.915,1.11157794153875
345,10.9225,-0.150736629724224
345,10.93,-1.34204973443208
345,10.9375,-2.50967129442794
345,10.945,2.70663475522087
345,10.9525,1.58145700163264
345,10.96,0.562380636225207
345,10.9675,-0.28396915276729
345,10.975,-1.21485617785198
345,10.9825,-1.90117533049955
345,10.99,-2.78938163711429
345,10.9975,2.57429438238799
345,11.005,1.73545854954032
345,11.0125,0.739909497742965
345,11.02,-0.222945926977992
345,11.0275,-1.22783149918105
345,11.035,-2.2795399440587
345,11.0425,2.98914098639564
345,11.05,2.00711275722102
345,11.0575,1.02100301672905
345,11.065,0.0393920053535519
345,11.0725,-0.936934935823575
345,11.08,-1.89583619194879
345,11.0875,-2.83255607533812
345,11.095,2.50720769305231
345,11.1025,1.54616240074781
345,11.11,0.561043568990675
345,11.1175,-0.489430916202342
345,11.125,-1.56248891302193
345,11.1325,-2.60829120303271
345,11.14,2.59873736360831
345,11.1475,1.56601243832092
345,11.155,0.639349662903962
345,11.1625,-0.242026415592499
345,11.17,-1.10137417352301
345,11.1775,-1.97349008596085
345,11.185,-2.68453775010946
345,11.1925,2.55593857134263
345,11.2,1.57118233851682
345,11.2075,0.688880008297827
345,11.215,-0.520217341377348
345,11.2225,-0.853632496067842
345,11.23,-0.671930656218025
345,11.2375,-0.604036573074893
345,11.245,-1.62054334347999
345,11.2525,-2.60216449558673
345,11.26,2.629457299767
345,11.2675,1.74164175253058
345,11.275,0.700225233942967
345,11.2825,-0.350355988571733
345,11.29,-1.18923418595484
345,11.2975,-2.29176094409095
345,11.305,2.99429350615453
345,11.3125,2.15083662346985
345,11.32,1.06706159695729
345,11.3275,0.0705092537117075
345,11.335,-0.859514899277999
345,11.3425,-1.84392066641796
345,11.35,-2.83928765039213
345,11.3575,2.45614982817101
345,11.365,1.49556016364269
345,11.3725,0.463663442241852
345,11.38,-0.512352919536296
345,11.3875,-1.45509141466243
345,11.395,-2.44434038087275
345,11.4025,2.87015757326137
345,11.41,1.89758999254107
345,11.4175,0.931763023595027
345,11.425,-0.0741658104732184
345,11.4325,-1.04165652565485
345,11.44,-1.98383886579593
345,11.4475,-2.95340697737005
345,11.455,2.4341826372899
345,11.4625,1.48057404062931
345,11.47,0.504897274109234
345,11.4775,-0.406627333772031
345,11.485,-1.43676744281036
345,11.4925,-2.52043768287837
345,11.5,2.75259324332154
345,11.5075,1.63960324795852
345,11.515,0.313398939797051
345,11.5225,-1.34864165967631
345,11.53,2.96580270103546
345,11.5375,1.40258581649991
345,11.545,0.0702855328202912
345,11.5525,-1.15589629267648
345,11.56,-2.21358781823375
345,11.5675,3.02441356410902
345,11.575,1.94602054863388
345,11.5825,0.92960818272759
345,11.59,-0.0900646353258968
345,11.5975,-1.12085800830554
345,11.605,-2.09005319870053
345,11.6125,-2.97163553763814
345,11.62,2.38166133495454
345,11.6275,1.40672041996346
345,11.635,0.459511198558858
345,11.6425,-0.572009400087611
345,11.65,-1.57892458161204
345,11.6575,-2.54847637800021
345,11.665,2.70663806699783
345,11.6725,1.72935892295064
345,11.68,0.761611786555396
345,11.6875,-0.125689729626502
345,11.695,-0.983464310115463
345,11.7025,-1.92125350570733
345,11.71,-2.83226521077128
345,11.7175,2.44438782297785
345,11.725,1.40158092053348
345,11.7325,0.394241397694791
345,11.74,-0.645361797781764
345,11.7475,-1.75856868156353
345,11.755,-2.89654746506111
345,11.7625,2.31736697988494
345,11.77,1.21755935589626
345,11.7775,0.0343580373394401
345,11.785,-1.0193383065465
345,11.7925,-1.96628229013782
345,11.8,3.00497717335365
345,11.8075,0.807996161646679
345,11.815,-2.07959064905641
345,11.8225,-2.83650303700449
345,11.83,2.35485817584617
345,11.8375,1.39159037258967
345,11.845,0.532936562036528
345,11.8525,-0.330712461256118
345,11.86,-1.21003777767671
345,11.8675,-2.29134309708492
345,11.875,3.05716792274571
345,11.8825,2.08169985465832
345,11.89,1.05813929920623
345,11.8975,0.186068636461563
345,11.905,-0.768910200833673
345,11.9125,-1.69822791142008
345,11.92,-2.55689498815806
345,11.9275,2.75660124723288
345,11.935,1.837902283047
345,11.9425,0.923266677797379
345,11.95,-0.0833888132361866
345,11.9575,-1.07054100125494
345,11.965,-2.09581931664325
345,11.9725,3.11215825031444
345,11.98,2.09214692634099
345,11.9875,1.04199522869154
345,11.995,-0.0243911776932084
345,12.0025,-1.01474250063118
345,12.01,-2.05575852935083
345,12.0175,-3.07128275348496
345,12.025,2.27725128797148
345,12.0325,1.2984892879444
345,12.04,0.352064145046279
345,12.0475,-0.63615401988383
345,12.055,-1.59399328962594
345,12.0625,-2.55267752270779
345,12.07,2.65020170899595
345,12.0775,1.65603972737155
345,12.085,0.749405617991416
345,12.0925,-0.257837474088325
345,12.1,-1.32838282317555
345,12.1075,-1.89072284436009
345,12.115,-2.81345824490122
345,12.1225,2.01825464594346
345,12.13,1.51813739101677
345,12.1375,0.26024530345535
345,12.145,-1.88005711591276
345,12.1525,2.49785651675122
345,12.16,1.57539590686592
345,12.1675,0.369464865168966
345,12.175,-0.954781043890512
345,12.1825,-2.11025887758559
345,12.19,3.11239429944567
345,12.1975,2.02780914061922
345,12.205,0.912927322687354
345,12.2125,-0.158353396092861
345,12.22,-1.22182934779271
345,12.2275,-2.26139391247618
345,12.235,3.01301715704657
345,12.2425,2.00289190813542
345,12.25,1.06752964102852
345,12.2575,0.065462506713025
345,12.265,-0.930562819885553
345,12.2725,-1.8991482797786
345,12.28,-2.85602193304631
345,12.2875,2.50615168246246
345,12.295,1.53256561235918
345,12.3025,0.605267739634325
345,12.31,-0.354195278190268
345,12.3175,-1.32657052765584
345,12.325,-2.18848895894644
345,12.3325,-3.10713947019326
345,12.34,2.17962364623233
345,12.3475,1.1647063807192
345,12.355,0.0953745501097218
345,12.3625,-1.04150248451691
345,12.37,-2.09282834301593
345,12.3775,-3.13553298980167
345,12.385,1.92084511824721
345,12.3925,0.748811902258589
345,12.4,-0.337195808101295
345,12.4075,-1.67874052054547
345,12.415,-2.98298003846423
345,12.4225,2.21056289320324
345,12.43,0.785754343944153
345,12.4375,-0.554443480483677
345,12.445,-1.63759705821397
345,12.4525,-3.0611212745415
345,12.46,2.02385052290459
345,12.4675,1.06503527421321
345,12.475,-0.236484489415556
345,12.4825,-1.32187568518879
345,12.49,-2.15922679483983
345,12.4975,2.98316863250509
345,12.505,1.93399108343758
345,12.5125,0.995531491562131
345,12.52,0.065160178590972
345,12.5275,-0.82939685863615
345,12.535,-1.72272224808492
345,12.5425,-2.63009074523557
345,12.55,2.67313501451154
345,12.5575,1.74480739419442
345,12.565,0.790869517603078
345,12.5725,-0.167203452025769
345,12.58,-1.17606219156367
345,12.5875,-2.23486661121499
345,12.595,3.02612575219356
345,12.6025,1.97624264820473
345,12.61,0.904712452062859
345,12.6175,-0.137309397057725
345,12.625,-1.17034627549149
345,12.6325,-2.20018023566334
345,12.64,3.03593478714049
345,12.6475,2.02970012511407
345,12.655,1.06438925398655
345,12.6625,0.0456773180128607
345,12.67,-0.87816130257724
345,12.6775,-1.81171754643799
345,12.685,-2.87446604854373
345,12.6925,2.40536142126803
345,12.7,1.40761681110734
345,12.7075,0.351225763564008
345,12.715,-0.54714658714305
345,12.7225,-1.34002440263185
345,12.73,-2.31896453762866
345,12.7375,-3.04205627970876
345,12.745,2.29783737625263
345,12.7525,1.0185827867879
345,12.76,-0.232301526915906
345,12.7675,-1.84222046284281
345,12.775,2.80419162749047
345,12.7825,1.45878773903531
345,12.79,0.188338457812718
345,12.7975,-1.04689004380512
345,12.805,-2.1962694934828
345,12.8125,2.94910395344174
345,12.82,1.82480085197696
345,12.8275,0.765986581198662
345,12.835,-0.284667975109209
345,12.8425,-1.37083165185121
345,12.85,-2.4681521481306
345,12.8575,2.80858336505402
345,12.865,1.82350009442566
345,12.8725,0.816307752492123
345,12.88,-0.0477839142676286
345,12.8875,-0.96436963766734
345,12.895,-2.00324933647185
345,12.9025,-2.99404905644343
345,12.91,2.24768898335993
345,12.9175,1.18399697079913
345,12.925,0.207986052827553
345,12.9325,-0.78978539389535
345,12.94,-1.70523291423888
345,12.9475,-2.60678192786757
345,12.955,2.74129402680889
345,12.9625,2.05260912077605
345,12.97,1.09829945971475
345,12.9775,0.0854061062747415
345,12.985,-0.890911511118215
345,12.9925,-2.07256005025123
345,13,3.07194960414189
345,13.0075,1.98271898652787
345,13.015,0.769489658946752
345,13.0225,-0.419499968989472
345,13.03,-1.61119465091803
345,13.0375,-2.99828915516566
345,13.045,1.75598411373174
345,13.0525,0.289654318821665
345,13.06,-0.980919197013841
345,13.0675,-2.2947263576906
345,13.075,2.77972439963904
345,13.0825,1.77279841758829
345,13.09,0.648941664089564
345,13.0975,-0.387744965842048
345,13.105,-1.31842055369113
345,13.1125,-2.38374630293027
345,13.12,3.01198397339874
345,13.1275,2.06106344037465
345,13.135,1.04476032530052
345,13.1425,0.109789127521842
345,13.15,-0.963327698399275
345,13.1575,-1.8556468828754
345,13.165,-2.70940247468918
345,13.1725,2.6683552366042
345,13.18,1.94865032023816
345,13.1875,0.974547332369964
345,13.195,-0.0188225642743228
345,13.2025,-0.985613049734559
345,13.21,-2.05558832887026
345,13.2175,3.14150272083774
345,13.225,2.06702172425926
345,13.2325,0.985851783184156
345,13.24,-0.099502876628211
345,13.2475,-1.19842918028778
345,13.255,-2.2533368624634
345,13.2625,3.02156249403072
345,13.27,1.97193610840943
345,13.2775,0.934838826163634
345,13.285,-0.0117492861315581
345,13.2925,-1.03123035641739
345,13.3,-2.1754934902284
345,13.3075,-2.94489571881147
345,13.315,2.64675095114171
345,13.3225,1.55792423145376
345,13.33,1.45327793267108
345,13.3375,0.740483331339427
345,13.345,1.05898413014016
345,13.3525,-0.154406691481655
345,13.36,-0.743528532357403
345,13.3675,-1.85311392547004
345,13.375,-3.12911389476188
345,13.3825,2.58811353883027
345,13.39,1.61904831565255
345,13.3975,0.783901797771067
345,13.405,0.294628553286944
345,13.4125,-0.625277791213434
345,13.42,-1.50506621421287
345,13.4275,-2.49568687638533
345,13.435,2.79886428112604
345,13.4425,1.75705406793893
345,13.45,0.695251285507559
345,13.4575,-0.31219264059482
345,13.465,-1.33912218361234
345,13.4725,-2.35355530564911
345,13.48,2.86923522769567
345,13.4875,1.84318394737193
345,13.495,0.928072171038986
345,13.5025,-0.135375148297158
345,13.51,-1.12190626241557
345,13.5175,-2.03323406608727
345,13.525,-3.12132275251517
345,13.5325,2.17391515353264
345,13.54,1.24689057109892
345,13.5475,0.248161566628202
345,13.555,-0.648098123901949
345,13.5625,-1.56869569615982
345,13.57,-2.47673272564827
345,13.5775,2.91160385662487
345,13.585,1.91212634670337
345,13.5925,1.07432270127402
345,13.6,0.179904490274171
345,13.6075,-0.856197889843249
345,13.615,-1.82743577622785
345,13.6225,-3.00582570123569
345,13.63,2.1042628264457
345,13.6375,1.00418888661596
345,13.645,-0.50385979943728
345,13.6525,-2.31771369002006
345,13.66,2.45113237941271
345,13.6675,1.08593942436633
345,13.675,-0.276245493186844
345,13.6825,-1.44059311983281
345,13.69,-2.53065904050116
345,13.6975,2.60026442878913
345,13.705,1.53228465317841
345,13.7125,0.574001877218541
345,13.72,-0.457632302008329
345,13.7275,-1.44875879634521
345,13.735,-2.43798617168789
345,13.7425,2.81702712316122
345,13.75,1.81943173676694
345,13.7575,0.778058058070823
345,13.765,-0.247702093045583
345,13.7725,-1.26015670507184
345,13.78,-2.30595550006862
345,13.7875,3.01785442351492
345,13.795,2.17211025337259
345,13.8025,1.23204967009047
345,13.81,0.366853906671277
345,13.8175,-0.482204676519753
345,13.825,-1.56863445956603
345,13.8325,-2.43491479651408
345,13.84,2.97615673075778
345,13.8475,1.91824267682742
345,13.855,1.04701143421337
345,13.8625,-0.0325084937360106
345,13.87,-1.12387274027292
345,13.8775,-2.11632187413774
345,13.885,2.97486557106947
345,13.8925,1.90786009222763
345,13.9,0.92194565541148
345,13.9075,-0.327144686533302
345,13.915,-1.32785876583029
345,13.9225,-2.1718671518609
345,13.93,1.30764950223735
345,13.9375,-1.26449653315773
345,13.945,-2.39220350685489
345,13.9525,2.7900469452933
345,13.96,1.8007894896391
345,13.9675,0.946162756940349
345,13.975,-0.039343565300398
345,13.9825,-0.981111542827028
345,13.99,-1.97665556943411
345,13.9975,-3.08385977158632
345,14.005,2.12023279235555
345,14.0125,1.14442609935544
345,14.02,0.12539178169493
345,14.0275,-0.881233038631706
345,14.035,-1.60001629633255
345,14.0425,-2.44753903744433
345,14.05,-3.13794179252432
345,14.0575,2.47496007560238
345,14.065,1.4718666432331
345,14.0725,0.445753237655649
345,14.08,-0.594165882985889
345,14.0875,-1.68304656624508
345,14.095,-2.71570908136234
345,14.1025,2.64095063858715
345,14.11,1.66420292950978
345,14.1175,0.668120384689592
345,14.125,-0.317568936402443
345,14.1325,-1.30697000409652
345,14.14,-2.24307614455198
345,14.1475,3.09325626013515
345,14.155,2.14016414781897
345,14.1625,1.14010699777109
345,14.17,0.125090867503285
345,14.1775,-0.87012679074595
345,14.185,-1.87295291674618
345,14.1925,-2.7956464686902
345,14.2,2.65732356231377
345,14.2075,1.83188216547571
345,14.215,1.00819185708669
345,14.2225,0.279377065234767
345,14.23,-0.633059853650658
345,14.2375,-1.60075667047875
345,14.245,-2.58184058669518
345,14.2525,2.51490843496048
345,14.26,1.43178319446146
345,14.2675,0.482575587065676
345,14.275,-0.70630720076241
345,14.2825,-1.73471728690897
345,14.29,-2.61035137265874
345,14.2975,2.39148676394414
345,14.305,-2.62736843972958
345,14.3125,2.54856758437753
345,14.32,1.73824074606247
345,14.3275,0.618652712571575
345,14.335,-0.532967902525663
345,14.3425,-1.43166368822136
345,14.35,-2.40168963455962
345,14.3575,-3.1312478078297
345,14.365,2.35360631494773
345,14.3725,1.3772753001898
345,14.38,0.429418175846374
345,14.3875,-0.556162036409747
345,14.395,-1.55223323623468
345,14.4025,-2.47244153600978
345,14.41,2.87202317757391
345,14.4175,1.85435947295995
345,14.425,0.967136547994592
345,14.4325,0.0408753554463719
345,14.44,-0.841277312786957
345,14.4475,-1.60960019831232
345,14.455,-2.51227821839472
345,14.4625,2.82885016573596
345,14.47,1.73445791376439
345,14.4775,0.655104818552622
345,14.485,-0.35493858945919
345,14.4925,-1.44549402646791
345,14.5,-2.48997017831324
345,14.5075,2.80063855409085
345,14.515,1.71776265964556
345,14.5225,0.705668793236594
345,14.53,-0.199825593001741
345,14.5375,-1.2077999803005
345,14.545,-2.15442246758571
345,14.5525,-3.12622747671198
345,14.56,2.08321871778597
345,14.5675,1.1721159608822
345,14.575,0.231728412629965
345,14.5825,-0.692579430483299
345,14.59,-1.43624980606788
345,14.5975,-2.527288019507
345,14.605,-3.0960296348185
345,14.6125,-2.44537049730628
345,14.62,3.03091582653147
345,14.6275,1.8941318206746
345,14.635,0.743476929398379
345,14.6425,-0.260881187760427
345,14.65,-1.29685774942533
345,14.6575,-2.12600782313592
345,14.665,-2.8462417237376
345,14.6725,2.63744915619664
345,14.68,1.85925205285464
345,14.6875,1.21069307786694
345,14.695,0.316110786716253
345,14.7025,-0.647364797330037
345,14.71,-1.57839531764095
345,14.7175,-2.71397617769476
345,14.725,2.50635179120012
345,14.7325,1.52831930213024
345,14.74,0.466374308732416
345,14.7475,-0.508569405971888
345,14.755,-1.46527934519909
345,14.7625,-2.46335528467631
345,14.77,2.86775379916431
345,14.7775,1.92696713956961
345,14.785,0.923424790905226
345,14.7925,-0.0912954247146573
345,14.8,-1.13265189815635
345,14.8075,-2.17622153059605
345,14.815,-3.11825623257403
345,14.8225,2.22669361189327
345,14.83,1.40028327590545
345,14.8375,0.53085148075132
345,14.845,-0.405294936614776
345,14.8525,-1.25920091879527
345,14.86,-2.28241666785016
345,14.8675,-3.13457786033532
345,14.875,2.40408210411665
345,14.8825,1.3429681425348
345,14.89,0.37553607007053
345,14.8975,-0.491640951979169
345,14.905,-1.47375266255402
345,14.9125,-2.04798052207407
345,14.92,-1.9238938788024
345,14.9275,-2.60073019830121
345,14.935,2.78109581084308
345,14.9425,1.74043821964755
345,14.95,0.788329312219439
345,14.9575,-0.18067500168477
345,14.965,-1.15325005535196
345,14.9725,-2.08175852534472
345,14.98,-3.1336723095363
345,14.9875,2.23409184447639
345,14.995,1.41584838476971
345,15.0025,0.444976059498578
345,15.01,-0.477848980984542
345,15.0175,-1.51046686849108
345,15.025,-2.58187617391475
345,15.0325,2.70782659227529
345,15.04,1.66915347072885
345,15.0475,0.688840023088763
345,15.055,-0.314264611436509
345,15.0625,-1.26650955287424
345,15.07,-2.05375197478058
345,15.0775,-2.86154726182865
345,15.085,2.65320391413886
345,15.0925,1.65452952727044
345,15.1,0.726786008379004
345,15.1075,-0.234421064668274
345,15.115,-1.27980012374709
345,15.1225,-2.2076772907749
345,15.13,3.08889383429047
345,15.1375,2.0619241604665
345,15.145,0.9591078147684
345,15.1525,-0.0481970870847391
345,15.16,-0.858801796607098
345,15.1675,-1.89009541991388
345,15.175,-2.66455876821788
345,15.1825,2.67719739107793
345,15.19,1.44632695793572
345,15.1975,0.861483773885996
345,15.205,0.895683046950497
345,15.2125,0.81770139726122
345,15.22,-0.168941982310354
345,15.2275,-1.19279444224967
345,15.235,-2.31677292684957
345,15.2425,3.01674740992334
345,15.25,2.07727589255847
345,15.2575,0.980836573231409
345,15.265,-0.00355174010376
345,15.2725,-1.02441880020025
345,15.28,-2.06651956103219
345,15.2875,-3.03361174639793
345,15.295,2.36322367147588
345,15.3025,1.5031558023331
345,15.31,0.523515772509582
345,15.3175,-0.268507551947507
345,15.325,-1.08391565972132
345,15.3325,-2.02611532687073
345,15.34,-2.86770619351334
345,15.3475,2.3890939727099
345,15.355,1.4016022079159
345,15.3625,0.546164121839048
345,15.37,-0.41055250978073
345,15.3775,-1.27560870815234
345,15.385,-2.27198982259311
345,15.3925,2.93868050312263
345,15.4,1.89569173725502
345,15.4075,0.806025092881864
345,15.415,-0.237704910114829
345,15.4225,-1.27951045213761
345,15.43,-2.317682133269
345,15.4375,2.93726692171042
345,15.445,1.89399132427501
345,15.4525,1.11477137902917
345,15.46,0.555187111130501
345,15.4675,0.0145122059220955
345,15.475,-0.69865083057648
345,15.4825,-1.62546341957692
345,15.49,-2.69156074382919
345,15.4975,2.5581017985286
345,15.505,1.59225095966735
345,15.5125,0.532264366878778
345,15.52,-0.521095787835044
345,15.5275,-1.52006757239914
345,15.535,-2.4606942039965
345,15.5425,2.96614171157398
345,15.55,2.44482041673962
345,15.5575,1.85814934997774
345,15.565,0.982495578886945
345,15.5725,0.134554552204594
345,15.58,-0.765671041781064
345,15.5875,-1.74533318118933
345,15.595,-2.68007742162119
345,15.6025,2.7659768908898
345,15.61,1.870858734175
345,15.6175,0.945764483640776
345,15.625,0.128683745855683
345,15.6325,-0.837424979442612
345,15.64,-1.86857988470881
345,15.6475,-2.89881545390042
345,15.655,2.26050209950262
345,15.6625,1.18462227260883
345,15.67,0.158834479280049
345,15.6775,-0.87523753243765
345,15.685,-1.68186811769907
345,15.6925,-2.51414844339601
345,15.7,2.93381750861689
345,15.7075,2.34129073084878
345,15.715,1.49025065549091
345,15.7225,0.552097018418306
345,15.73,-0.457993494213387
345,15.7375,-1.49568217058395
345,15.745,-2.56167164133628
345,15.7525,2.71099378838723
345,15.76,1.7588162311911
345,15.7675,0.731862559260301
345,15.775,-0.253625231242551
345,15.7825,-1.2605074845372
345,15.79,-2.26750350958135
345,15.7975,3.06004221061185
345,15.805,2.05599601374296
345,15.8125,1.20793477275186
345,15.82,0.186344552861956
345,15.8275,-0.919889943612868
345,15.835,-1.70926939815397
345,15.8425,-2.44213005745709
345,15.85,-2.48562705237855
345,15.8575,2.8329464689678
345,15.865,1.88813385685963
345,15.8725,0.972882876494598
345,15.88,-0.0220986509431751
345,15.8875,-0.936750243872739
345,15.895,-1.99558262123577
345,15.9025,-3.07979218287712
345,15.91,2.09231419434202
345,15.9175,0.933009534641944
345,15.925,0.0175294643291742
345,15.9325,-0.844953294594452
345,15.94,-1.59339359970349
345,15.9475,-2.04680438844794
345,15.955,-2.9801147536267
345,15.9625,2.39887672056764
345,15.97,1.64435837990534
345,15.9775,0.69566318939849
345,15.985,-0.369394980672897
345,15.9925,-1.21305839344788
345,16,-2.07348987294451
355,4,1.29005212699108
355,4.0075,0.334466935816817
355,4.015,-0.452347164281841
355,4.0225,-1.21535632006547
355,4.03,-2.06213233389222
355,4.0375,-2.931045036634
355,4.045,2.62129253817109
355,4.0525,1.58017700592573
355,4.06,0.741744918857317
355,4.0675,0.0475489740279959
355,4.075,-0.717565593939364
355,4.0825,-1.31630896024623
355,4.09,-2.30308638140239
355,4.0975,3.03423963245243
355,4.105,2.14633384955092
355,4.1125,1.05573583381439
355,4.12,0.0384976933346235
355,4.1275,-0.909915458474477
355,4.135,-1.98357106884416
355,4.1425,-3.00325725748388
355,4.15,2.32029350870553
355,4.1575,1.31194728047018
355,4.165,0.311669367971738
355,4.1725,-0.649211411299406
355,4.18,-1.62177128103533
355,4.1875,-2.60978605131461
355,4.195,2.78760437513764
355,4.2025,1.87134847378736
355,4.21,0.928647551408868
355,4.2175,0.0205850880659219
355,4.225,-0.89873062714844
355,4.2325,-1.856879795174
355,4.24,-2.84085010134724
355,4.2475,2.48337675054321
355,4.255,1.40514167973313
355,4.2625,0.344277639154281
355,4.27,-0.622253105421293
355,4.2775,-1.74463611546636
355,4.285,-2.82376181727719
355,4.2925,2.48067527294733
355,4.3,1.3216317141154
355,4.3075,0.286168440830763
355,4.315,-0.712275860456592
355,4.3225,-1.87918733150445
355,4.33,-2.63228545094914
355,4.3375,2.44864025104115
355,4.345,0.838602135711755
355,4.3525,-0.83519809952299
355,4.36,-2.5527453182013
355,4.3675,2.35362766343241
355,4.375,1.20198273314781
355,4.3825,0.0921905305665976
355,4.39,-1.02974860547277
355,4.3975,-2.14216163091968
355,4.405,3.09082064131824
355,4.4125,2.13961386544767
355,4.42,1.22051802468117
355,4.4275,0.25714376048211
355,4.435,-0.671780615983237
355,4.4425,-1.52157578171072
355,4.45,-2.3425702538724
355,4.4575,3.11099952692934
355,4.465,2.19759154926569
355,4.4725,1.24308503266961
355,4.48,0.329329923411813
355,4.4875,-0.668245964787582
355,4.495,-1.73344563305128
355,4.5025,-2.78264173121591
355,4.51,2.45565415481028
355,4.5175,1.39011956213572
355,4.525,0.332108069374273
355,4.5325,-0.673948220412865
355,4.54,-1.68604738549916
355,4.5475,-2.71678117265427
355,4.555,2.6267464088457
355,4.5625,1.6558239742252
355,4.57,0.626963813702775
355,4.5775,-0.337492935514423
355,4.585,-1.29137916736698
355,4.5925,-2.36591622728622
355,4.6,2.83958851978802
355,4.6075,1.8823475168087
355,4.615,0.910163516068836
355,4.6225,0.0114477316946736
355,4.63,-0.966112379099668
355,4.6375,-2.08155469588252
355,4.645,3.09402271770674
355,4.6525,1.8366456697393
355,4.66,0.530998567018332
355,4.6675,-0.768538420376783
355,4.675,-2.33497952497648
355,4.6825,2.4605596157631
355,4.69,1.43892780612084
355,4.6975,0.253620159024393
355,4.705,-0.924784770315543
355,4.7125,-1.92161474847992
355,4.72,-2.98902364459122
355,4.7275,2.36008421735139
355,4.735,1.41889398822437
355,4.7425,0.323595080915139
355,4.75,-0.716278171051516
355,4.7575,-1.75793999470225
355,4.765,-2.83763426850759
355,4.7725,2.42558735393624
355,4.78,1.42120579695202
355,4.7875,0.379097448341066
355,4.795,-0.550582937086627
355,4.8025,-1.48341118543088
355,4.81,-2.44211100767862
355,4.8175,2.97419406768927
355,4.825,1.98694347367029
355,4.8325,1.0077985380081
355,4.84,0.0100644187949853
355,4.8475,-0.99017888878357
355,4.855,-1.92433637699543
355,4.8625,-2.8445044455598
355,4.87,2.44313913832508
355,4.8775,1.38603924781121
355,4.885,0.374839252448531
355,4.8925,-0.666222608093033
355,4.9,-1.71258302982412
355,4.9075,-2.75230795585071
355,4.915,2.50881904795202
355,4.9225,1.44455940868705
355,4.93,0.41279111105703
355,4.9375,-0.48015185449925
355,4.945,-1.54664163782948
355,4.9525,-2.64097960019418
355,4.96,2.5926092826657
355,4.9675,1.49099093938901
355,4.975,0.162266136712793
355,4.9825,-1.39092140911264
355,4.99,-2.88307180230812
355,4.9975,1.99008977192088
355,5.005,0.535075185637882
355,5.0125,-0.805140302811964
355,5.02,-1.96175335936702
355,5.0275,-2.89989581414242
355,5.035,2.40636631062193
355,5.0425,1.51387876025294
355,5.05,0.631820312004045
355,5.0575,-0.378961002971189
355,5.065,-1.28003782030391
355,5.0725,-2.26365826769667
355,5.08,3.046752862755
355,5.0875,2.07694608458532
355,5.095,1.11615966955923
355,5.1025,0.255540066124366
355,5.11,-0.631429005243018
355,5.1175,-1.57514425109273
355,5.125,-2.59137013763612
355,5.1325,2.63700520555044
355,5.14,1.57679056437708
355,5.1475,0.519629198990946
355,5.155,-0.535744806625021
355,5.1625,-1.57544742628521
355,5.17,-2.61979775961038
355,5.1775,2.58335989486856
355,5.185,1.52157951446078
355,5.1925,0.509889143302591
355,5.2,-0.544554971644608
355,5.2075,-1.63144364634052
355,5.215,-2.54039887840708
355,5.2225,2.87212990802672
355,5.23,2.12944205870158
355,5.2375,1.82579055522187
355,5.245,0.944377213681327
355,5.2525,-0.0366128165220247
355,5.26,-1.0387917238128
355,5.2675,-2.25166494127232
355,5.275,2.7726273176735
355,5.2825,1.53342031847009
355,5.29,0.50719653620109
355,5.2975,0.31782823814566
355,5.305,0.636437735062049
355,5.3125,-0.214591618165484
355,5.32,-1.77156372638094
355,5.3275,3.02955132502378
355,5.335,-1.36213519355123
355,5.3425,-1.71693872681857
355,5.35,-2.98388927786129
355,5.3575,2.12576150512537
355,5.365,1.11130429240138
355,5.3725,-0.0178675838521036
355,5.38,-1.12555245925343
355,5.3875,-2.18671923847994
355,5.395,3.00171234182664
355,5.4025,1.91254375876708
355,5.41,0.854033529890089
355,5.4175,-0.154991940432132
355,5.425,-1.27467766600609
355,5.4325,-2.35744373304933
355,5.44,3.07476429184076
355,5.4475,2.15189322776104
355,5.455,1.28425899458739
355,5.4625,0.455413022484168
355,5.47,-0.479452946370195
355,5.4775,-1.4993328118444
355,5.485,-2.47996181102255
355,5.4925,2.87973103723175
355,5.5,1.80399234920542
355,5.5075,0.752206815835774
355,5.515,-0.234182920715046
355,5.5225,-1.23299085324464
355,5.53,-2.23854409963377
355,5.5375,3.10419611502918
355,5.545,2.14091647541215
355,5.5525,1.11100412210197
355,5.56,0.0281948322126881
355,5.5675,-1.12387495920783
355,5.575,-2.30588535133255
355,5.5825,2.77090611465713
355,5.59,1.8526062741922
355,5.5975,-0.319490724710478
355,5.605,2.90517583981082
355,5.6125,1.52057439676362
355,5.62,0.428948003819666
355,5.6275,-0.672371790534948
355,5.635,-1.65250368916921
355,5.6425,-2.63007759919197
355,5.65,2.64459479966775
355,5.6575,1.9296080137151
355,5.665,0.911675917955516
355,5.6725,-0.0902486063779111
355,5.68,-0.91588704959897
355,5.6875,-1.94933801837448
355,5.695,-2.91869614009398
355,5.7025,-2.36841236565938
355,5.71,2.98485556161295
355,5.7175,2.05112860598534
355,5.725,1.05017049602799
355,5.7325,0.0414613036333816
355,5.74,-0.917725098422371
355,5.7475,-1.96047068761164
355,5.755,-3.01656298807246
355,5.7625,2.16242518940026
355,5.77,1.06611427579722
355,5.7775,-0.0213699785668666
355,5.785,-1.17570566718814
355,5.7925,-2.27965142960392
355,5.8,2.95096427510212
355,5.8075,1.8391465812871
355,5.815,0.784272856989492
355,5.8225,-0.0526094568963624
355,5.83,-0.840479708966685
355,5.8375,-1.53046856047379
355,5.845,-2.35349882506518
355,5.8525,2.82734692222729
355,5.86,1.71799426744223
355,5.8675,0.686603145215626
355,5.875,-0.416072283932926
355,5.8825,-1.55224591573748
355,5.89,-2.5422036565636
355,5.8975,2.78434629132498
355,5.905,1.96040477035341
355,5.9125,1.39444626435551
355,5.92,0.412133097784276
355,5.9275,-0.552352943601701
355,5.935,-1.60795498214552
355,5.9425,-2.95888500779731
355,5.95,1.85058632463211
355,5.9575,0.523050994194295
355,5.965,-0.893635042699266
355,5.9725,-2.49726763555281
355,5.98,2.37510246376784
355,5.9875,1.2376825225116
355,5.995,0.0179542209178606
355,6.0025,-1.21274897173881
355,6.01,-2.44167342934329
355,6.0175,2.62432207192836
355,6.025,1.60092882140735
355,6.0325,0.44726373837161
355,6.04,-0.711565219278585
355,6.0475,-1.23436637476464
355,6.055,-2.177918197959
355,6.0625,-2.84478974051927
355,6.07,2.61372912568258
355,6.0775,1.65635109751793
355,6.085,0.799440332598957
355,6.0925,-0.122635530197063
355,6.1,-1.02667937648899
355,6.1075,-2.01402045651326
355,6.115,-2.96749270936524
355,6.1225,2.36937386905982
355,6.13,1.40884502437607
355,6.1375,0.368355004106612
355,6.145,-0.601464068587564
355,6.1525,-1.65036255689275
355,6.16,-2.82670111720756
355,6.1675,2.40276191425739
355,6.175,1.3711180797577
355,6.1825,0.301805731433893
355,6.19,-0.697023668595726
355,6.1975,-1.73861011328418
355,6.205,-2.73247819331668
355,6.2125,2.70797744387034
355,6.22,1.82003135358868
355,6.2275,1.0238516989065
355,6.235,0.0370826267517058
355,6.2425,-1.14424761886475
355,6.25,-2.12842336309464
355,6.2575,-3.01468736395334
355,6.265,3.00856415335015
355,6.2725,-2.59393717185447
355,6.28,2.5302360214463
355,6.2875,1.74884984827974
355,6.295,0.776662714632305
355,6.3025,-0.237894743686946
355,6.31,-1.20036147067239
355,6.3175,-2.39736087184956
355,6.325,2.85687104884169
355,6.3325,2.42160617106058
355,6.34,1.83732713291056
355,6.3475,1.2389350302272
355,6.355,0.277282577653694
355,6.3625,-0.779681368369952
355,6.37,-1.84249720550073
355,6.3775,-2.88398875140926
355,6.385,2.29382455483539
355,6.3925,1.13266395785272
355,6.4,0.0307428604936434
355,6.4075,-1.01802699842824
355,6.415,-2.10029674388187
355,6.4225,-3.07485869329446
355,6.43,2.39605530967545
355,6.4375,1.56349704428541
355,6.445,0.62053425727947
355,6.4525,-0.330514421847995
355,6.46,-1.21265610927252
355,6.4675,-2.18159361007007
355,6.475,-3.13045016261299
355,6.4825,2.23570363386047
355,6.49,1.30490438266587
355,6.4975,0.538954550317794
355,6.505,-0.343426159465413
355,6.5125,-1.28926102657974
355,6.52,-2.27462661898987
355,6.5275,2.88127829802574
355,6.535,1.95655954962379
355,6.5425,1.01157317190192
355,6.55,-0.179241178205027
355,6.5575,-1.14159877565329
355,6.565,-2.22706120124666
355,6.5725,2.76885478135019
355,6.58,1.71918532052022
355,6.5875,0.680622432253805
355,6.595,-0.570535979665901
355,6.6025,1.67870301479703
355,6.61,0.359687851155461
355,6.6175,-0.764899686898011
355,6.625,-1.31775429883392
355,6.6325,-2.44367387623678
355,6.64,2.87965160188273
355,6.6475,2.07130191261182
355,6.655,0.970351607055169
355,6.6625,0.0809839194394112
355,6.67,-0.821344471691348
355,6.6775,-1.86248756542093
355,6.685,-2.83001860022021
355,6.6925,2.46380008829537
355,6.7,1.52228088239531
355,6.7075,0.517667276128783
355,6.715,-0.341690001214247
355,6.7225,-1.12783007046892
355,6.73,-2.14197963455751
355,6.7375,-2.96639322641571
355,6.745,2.27592261924672
355,6.7525,1.19466692024718
355,6.76,0.305141544655578
355,6.7675,-0.787782384864014
355,6.775,-1.89904629527555
355,6.7825,-2.8267869503257
355,6.79,2.45934887739932
355,6.7975,1.45954579250325
355,6.805,0.588069424057962
355,6.8125,-0.379761345912723
355,6.82,-1.31351503291395
355,6.8275,-2.04337923775935
355,6.835,-2.92438355187997
355,6.8425,2.52379500165346
355,6.85,1.55581614755805
355,6.8575,0.489954902042267
355,6.865,-0.29079265828015
355,6.8725,-1.22739693750692
355,6.88,-1.88945576239942
355,6.8875,-2.56678626821471
355,6.895,2.76322764985922
355,6.9025,1.90205894646306
355,6.91,0.86676629244397
355,6.9175,-0.139059904638549
355,6.925,-1.1034962591491
355,6.9325,-2.18257398023001
355,6.94,3.07890415413573
355,6.9475,2.13568941129575
355,6.955,1.14469137446627
355,6.9625,0.299215746098568
355,6.97,-0.373999531323971
355,6.9775,-1.04371556903451
355,6.985,-1.66040595194064
355,6.9925,-2.28719323663916
355,7,3.11196821498991
355,7.0075,2.26043229593314
355,7.015,1.30139898515977
355,7.0225,0.266567564325323
355,7.03,-0.711599880721178
355,7.0375,-1.75757880525678
355,7.045,-2.75959396887883
355,7.0525,2.54125403791723
355,7.06,1.50290410193856
355,7.0675,0.495785602877902
355,7.075,-0.476768815700252
355,7.0825,-1.49338555043852
355,7.09,-2.4941201009786
355,7.0975,2.88303233465393
355,7.105,2.00105648878961
355,7.1125,1.10973510111989
355,7.12,0.323478415705304
355,7.1275,-0.454207576412281
355,7.135,-1.38813869370474
355,7.1425,-2.25549276491892
355,7.15,3.04859686156307
355,7.1575,1.97135866975272
355,7.165,0.975368482348642
355,7.1725,-0.0236446166771219
355,7.18,-1.01124405993417
355,7.1875,-1.94155651280302
355,7.195,-2.94026561169492
355,7.2025,2.30573191421504
355,7.21,1.40138834588711
355,7.2175,0.390247152830519
355,7.225,-0.70087352555654
355,7.2325,-1.09578209115994
355,7.24,-2.01778105322145
355,7.2475,-2.88983544178692
355,7.255,-3.08337007841532
355,7.2625,2.20292203275266
355,7.27,1.36688206045942
355,7.2775,0.399784029693255
355,7.285,-0.697942152950104
355,7.2925,-1.75783597926564
355,7.3,-2.72737547499959
355,7.3075,2.60462088749077
355,7.315,1.51494449328082
355,7.3225,0.437311550840947
355,7.33,-0.5087978669124
355,7.3375,-1.42154691846764
355,7.345,-2.07053993328521
355,7.3525,-2.53035440886065
355,7.36,2.92029087154155
355,7.3675,2.07617399807378
355,7.375,1.17258081157629
355,7.3825,0.226056560214206
355,7.39,-0.549160051026237
355,7.3975,-1.60754849177048
355,7.405,-2.67352391735518
355,7.4125,2.72283529405302
355,7.42,1.61215826113145
355,7.4275,0.605262828389033
355,7.435,-0.296937002388199
355,7.4425,-1.43854388125441
355,7.45,-2.43285790402519
355,7.4575,2.88087680478568
355,7.465,1.80362698424003
355,7.4725,1.02834977581386
355,7.48,0.162448770416052
355,7.4875,-0.758378668990957
355,7.495,-1.55815133417125
355,7.5025,-2.43968019403396
355,7.51,2.90270860777659
355,7.5175,2.0230592495706
355,7.525,1.11689250652684
355,7.5325,0.042877298443401
355,7.54,-0.923287781532904
355,7.5475,-1.84610963689331
355,7.555,-2.88014158456026
355,7.5625,2.60842477104547
355,7.57,1.70684012163553
355,7.5775,0.71006774543776
355,7.585,-0.152239477385954
355,7.5925,-1.05913178999933
355,7.6,-1.85824886202571
355,7.6075,-2.72743611768595
355,7.615,2.88510154687647
355,7.6225,2.20654251177074
355,7.63,1.5053789195554
355,7.6375,0.762608706594339
355,7.645,-0.251917393792059
355,7.6525,-1.2601571080704
355,7.66,-2.32004046311988
355,7.6675,2.89345758454643
355,7.675,1.85374209783971
355,7.6825,0.813632384770538
355,7.69,-0.219765666811239
355,7.6975,-1.28224415995272
355,7.705,-2.34031409733069
355,7.7125,2.97759255463471
355,7.72,2.11074858745784
355,7.7275,1.33882930504386
355,7.735,0.823522253851904
355,7.7425,0.218947769359858
355,7.75,-0.441402053309711
355,7.7575,-1.31569131453746
355,7.765,-2.28472421646925
355,7.7725,3.05100860224654
355,7.78,2.05384894477224
355,7.7875,1.05160573312635
355,7.795,0.0971182838856535
355,7.8025,-0.952199092572154
355,7.81,-2.03043689435408
355,7.8175,-2.9719188521202
355,7.825,2.24385716281698
355,7.8325,1.12722950614878
355,7.84,0.257356661070737
355,7.8475,-0.706065684480839
355,7.855,-1.70938794749187
355,7.8625,-2.35723074300816
355,7.87,3.04378777497808
355,7.8775,2.11241087047138
355,7.885,1.49254356617638
355,7.8925,0.449479893146296
355,7.9,-0.500016576883763
355,7.9075,-1.28028743066445
355,7.915,-2.40027354000614
355,7.9225,2.91408149619923
355,7.93,2.0145591144962
355,7.9375,1.03910867112407
355,7.945,0.219045678842656
355,7.9525,-0.775115740777851
355,7.96,-1.75399960395927
355,7.9675,-2.67309181247414
355,7.975,2.64471551563649
355,7.9825,1.88582400510297
355,7.99,1.15999707497614
355,7.9975,0.370078032514216
355,8.005,-0.36663985325172
355,8.0125,-1.17164478327903
355,8.02,-2.00063849004579
355,8.0275,-2.97386566044598
355,8.035,2.32653944431172
355,8.0425,1.34323265804644
355,8.05,0.229145638591541
355,8.0575,-0.778582224762251
355,8.065,-1.65710432306349
355,8.0725,-2.76333013233447
355,8.08,2.52568965460382
355,8.0875,1.81837362992995
355,8.095,0.785563296294845
355,8.1025,0.231486351976905
355,8.11,-0.43536361730838
355,8.1175,-1.46094794328541
355,8.125,-2.14086954454333
355,8.1325,-3.14036927554762
355,8.14,2.14094523080729
355,8.1475,1.23211977388759
355,8.155,0.209827791987731
355,8.1625,-0.772330972777645
355,8.17,-1.74094365456085
355,8.1775,-2.7220826554844
355,8.185,2.56375633374612
355,8.1925,1.5352963848623
355,8.2,0.529235003562573
355,8.2075,-0.502609969937619
355,8.215,-1.54550145207908
355,8.2225,-2.53002576923468
355,8.23,2.79997593847462
355,8.2375,1.85633586044607
355,8.245,0.966310485392886
355,8.2525,0.146215208609978
355,8.26,-0.689048627992224
355,8.2675,-1.37661201426366
355,8.275,-2.25411168905808
355,8.2825,3.06836467787034
355,8.29,2.28030884117056
355,8.2975,1.21491267546136
355,8.305,0.226051023374389
355,8.3125,-0.602241394762432
355,8.32,-1.6364639231451
355,8.3275,-2.56665823062861
355,8.335,2.86459654914894
355,8.3425,2.00950946877782
355,8.35,1.08718785549362
355,8.3575,0.305941387531312
355,8.365,-0.351727057139491
355,8.3725,-1.13709167701774
355,8.38,-1.75291250093458
355,8.3875,-2.59542331112733
355,8.395,2.75567938683508
355,8.4025,1.75792591665987
355,8.41,0.736452720501835
355,8.4175,-0.302068286379519
355,8.425,-1.36464089476653
355,8.4325,-2.39158156299467
355,8.44,2.87162392510834
355,8.4475,1.8581409098672
355,8.455,0.852361394499261
355,8.4625,-0.147727604120574
355,8.47,-1.04587650167992
355,8.4775,-1.90815322305112
355,8.485,-2.83185444413479
355,8.4925,2.73303302078526
355,8.5,1.88439521373824
355,8.5075,0.900411402324715
355,8.515,0.0999653273226993
355,8.5225,-0.923385584556238
355,8.53,-1.96203525902422
355,8.5375,-2.74775501429439
355,8.545,2.52750386489265
355,8.5525,1.65467467714677
355,8.56,0.822886300736314
355,8.5675,-0.310374352662247
355,8.575,-1.24893752071145
355,8.5825,-2.28089965053819
355,8.59,2.81304314066277
355,8.5975,1.82749773852837
355,8.605,0.760306419594773
355,8.6125,-0.390963090653607
355,8.62,-1.36643067223442
355,8.6275,-2.34289774079929
355,8.635,-2.88407815762954
355,8.6425,-2.5402098230739
355,8.65,3.09020055997055
355,8.6575,2.07386849419857
355,8.665,1.0767174876625
355,8.6725,0.0305018185801027
355,8.68,-1.03384234016353
355,8.6875,-2.00568907123825
355,8.695,-2.94672073240462
355,8.7025,2.40875627774515
355,8.71,1.51678756996872
355,8.7175,0.780791198117801
355,8.725,-0.194523638217921
355,8.7325,-1.04426944051278
355,8.74,-1.84181467736705
355,8.7475,-2.95968810681456
355,8.755,2.47775449851903
355,8.7625,1.58727664072996
355,8.77,0.517775913556216
355,8.7775,-0.30953605236204
355,8.785,-1.24226630577432
355,8.7925,-2.22875189045796
355,8.8,-3.13234425919106
355,8.8075,2.16317237605989
355,8.815,1.16902814530857
355,8.8225,0.121816554093583
355,8.83,-0.917847887790738
355,8.8375,-1.86443405590817
355,8.845,-2.85345774046453
355,8.8525,2.53945677150594
355,8.86,1.70496514117105
355,8.8675,0.892580861078926
355,8.875,0.105648676511722
355,8.8825,-0.728494890622744
355,8.89,-1.51148473036457
355,8.8975,-2.43137651620803
355,8.905,2.91157538134107
355,8.9125,1.97178603160617
355,8.92,1.01383883315014
355,8.9275,0.000376562186277709
355,8.935,-1.02258202749773
355,8.9425,-1.98238150354277
355,8.95,-3.01866779884733
355,8.9575,2.2106968001203
355,8.965,1.24504940611208
355,8.9725,0.239089285710827
355,8.98,-0.829599180759253
355,8.9875,-1.79444295835006
355,8.995,-2.64996071381558
355,9.0025,2.80955640780108
355,9.01,-3.08125477809366
355,9.0175,2.38146574529652
355,9.025,1.5863811050426
355,9.0325,0.541836669757363
355,9.04,-0.551566552649583
355,9.0475,-1.49615947692661
355,9.055,-2.55839091323958
355,9.0625,2.6645676063032
355,9.07,1.71217620255436
355,9.0775,0.705242546370836
355,9.085,-0.238013730119146
355,9.0925,-1.08352353351937
355,9.1,-1.95339699401627
355,9.1075,-2.84972255944759
355,9.115,2.5011233774841
355,9.1225,1.62113603538096
355,9.13,0.68835626370287
355,9.1375,-0.222969783755628
355,9.145,-1.06840776155155
355,9.1525,-2.04255287189565
355,9.16,-2.90426580064864
355,9.1675,2.47958428939526
355,9.175,1.48381086417061
355,9.1825,0.559725704118013
355,9.19,-0.454319655951146
355,9.1975,-1.50175233762366
355,9.205,-2.48872704099683
355,9.2125,2.82043817187495
355,9.22,1.7292215294829
355,9.2275,0.726159538438984
355,9.235,-0.147397119337737
355,9.2425,-1.22391531347945
355,9.25,-1.9946369823325
355,9.2575,-2.770245296598
355,9.265,2.63170571163548
355,9.2725,1.98143426992339
355,9.28,1.00537486370481
355,9.2875,0.220642183484156
355,9.295,-0.754322093003032
355,9.3025,-1.78228449439291
355,9.31,-2.65346674739599
355,9.3175,2.60015563459303
355,9.325,1.69742381562514
355,9.3325,0.781060140648353
355,9.34,-0.175073469282408
355,9.3475,-1.03527443216676
355,9.355,-2.07617908220481
355,9.3625,-2.98503390190089
355,9.37,2.47375626475272
355,9.3775,1.53799334367634
355,9.385,0.764767854802272
355,9.3925,0.265916650837975
355,9.4,-0.544880589037648
355,9.4075,-1.21143630787624
355,9.415,-2.0146577762912
355,9.4225,-3.09637603704267
355,9.43,2.24499070637974
355,9.4375,1.25463814932823
355,9.445,0.1863306591421
355,9.4525,-0.832953459637206
355,9.46,-1.83534800946188
355,9.4675,-2.79233809073736
355,9.475,2.47318502718717
355,9.4825,1.4774601951495
355,9.49,0.589081316431146
355,9.4975,-0.400630377492972
355,9.505,-1.32174666164471
355,9.5125,-2.19817944564153
355,9.52,3.12115821944754
355,9.5275,2.18416630995562
355,9.535,1.22891432945715
355,9.5425,0.36799454683911
355,9.55,-0.532844754985963
355,9.5575,-1.48487139521788
355,9.565,-2.38555664644365
355,9.5725,2.87116778766
355,9.58,1.82773829142724
355,9.5875,0.800493072600318
355,9.595,-0.239083554157924
355,9.6025,-1.25975738558977
355,9.61,-2.34449280548075
355,9.6175,2.92937263782587
355,9.625,1.96798542744906
355,9.6325,1.03692045444239
355,9.64,1.43259348064793
355,9.6475,0.737059631473594
355,9.655,-0.0392124416480821
355,9.6625,-1.03185223498718
355,9.67,-2.08770232133473
355,9.6775,-3.06981209682203
355,9.685,2.21502565081216
355,9.6925,1.15649274459476
355,9.7,0.209383031684975
355,9.7075,-0.712072012168655
355,9.715,-1.67521618156377
355,9.7225,-2.45396595142237
355,9.73,2.9240002308179
355,9.7375,2.03582800257543
355,9.745,1.21842005927965
355,9.7525,0.343314612488423
355,9.76,-0.52752271660969
355,9.7675,-1.39061746198319
355,9.775,-2.17357683262495
355,9.7825,-3.03604194286058
355,9.79,2.37149207289757
355,9.7975,1.45546837305601
355,9.805,0.425012916948113
355,9.8125,-0.615856850470807
355,9.82,-1.62959916044353
355,9.8275,-2.68945826623669
355,9.835,2.52045351150808
355,9.8425,1.49545403651443
355,9.85,0.454348240800729
355,9.8575,-0.600877873709519
355,9.865,-1.54821907932882
355,9.8725,-2.52447130062306
355,9.88,2.80878226895345
355,9.8875,2.05197338003216
355,9.895,1.14417184885318
355,9.9025,0.377697365886704
355,9.91,-0.503468229868125
355,9.9175,-1.54762696703307
355,9.925,-2.36016944969733
355,9.9325,2.88742332827361
355,9.94,1.92600180107725
355,9.9475,1.07386883430582
355,9.955,0.00928628508351085
355,9.9625,-0.876005808897231
355,9.97,-1.87782254363233
355,9.9775,-2.90040716819207
355,9.985,2.62714182632086
355,9.9925,1.54339462440699
355,10,0.838845210948333
355,10.0075,0.563679761407993
355,10.015,-0.0566506657392122
355,10.0225,-0.613179867240004
355,10.03,-1.64322172233435
355,10.0375,-2.64653714734506
355,10.045,2.61970616236938
355,10.0525,1.6119655591726
355,10.06,0.584073676940365
355,10.0675,-0.482723001782768
355,10.075,-1.44436316028382
355,10.0825,-2.43892313644421
355,10.09,2.79508658780485
355,10.0975,1.86180895875377
355,10.105,1.01440005450106
355,10.1125,0.0688197301732361
355,10.12,-0.794476783936065
355,10.1275,-1.59891182784432
355,10.135,-2.56613708172504
355,10.1425,2.85581775277815
355,10.15,2.05431565209395
355,10.1575,1.1569977349948
355,10.165,0.213165059804218
355,10.1725,-0.707933990991657
355,10.18,-1.63260653954084
355,10.1875,-2.62878425295754
355,10.195,2.66246904696876
355,10.2025,1.68299051249231
355,10.21,0.63326805640724
355,10.2175,-0.419498881556943
355,10.225,-1.41876403996346
355,10.2325,-2.46136867062453
355,10.24,2.79946338152858
355,10.2475,1.89280440642896
355,10.255,1.00917708056798
355,10.2625,0.223357191655798
355,10.27,-0.406004013317763
355,10.2775,-1.21219275502224
355,10.285,-2.19477301060408
355,10.2925,3.1211990970315
355,10.3,2.09860127245999
355,10.3075,1.03928185828126
355,10.315,0.0925541765700405
355,10.3225,-0.824813361611973
355,10.33,-1.8023939143161
355,10.3375,-2.59964674868749
355,10.345,2.91829091790757
355,10.3525,2.06514196065068
355,10.36,1.28527650879582
355,10.3675,0.294484926410051
355,10.375,-0.579006919736842
355,10.3825,-1.48139366279846
355,10.39,-2.46168082268017
355,10.3975,-2.84548044018332
355,10.405,2.67923153967082
355,10.4125,1.95263499352443
355,10.42,1.08315665466414
355,10.4275,0.127388010590576
355,10.435,-0.854769394856455
355,10.4425,-1.86212297396908
355,10.45,-2.77708487341884
355,10.4575,2.41361032515632
355,10.465,1.32386273624911
355,10.4725,0.430513580406045
355,10.48,-0.600727111777412
355,10.4875,-1.62190884009458
355,10.495,-2.38660936221097
355,10.5025,2.96354179989018
355,10.51,1.94557815558717
355,10.5175,1.16485740962985
355,10.525,0.258167631227133
355,10.5325,-0.757796741800591
355,10.54,-1.64377784560581
355,10.5475,-2.61280620326674
355,10.555,2.70496807157531
355,10.5625,1.76002666015652
355,10.57,0.826829058008196
355,10.5775,-0.0878836119200086
355,10.585,-1.15752378424597
355,10.5925,-2.12362921538918
355,10.6,-3.05288340462962
355,10.6075,2.16333154925499
355,10.615,1.23148370848654
355,10.6225,0.240990336675604
355,10.63,-0.771443910706933
355,10.6375,-1.73006963875425
355,10.645,-2.7793231700378
355,10.6525,2.6497719878529
355,10.66,1.67378882668695
355,10.6675,0.568340110490805
355,10.675,-0.252369462424102
355,10.6825,-1.32977219859866
355,10.69,-2.46893317377262
355,10.6975,-1.50017763145174
355,10.705,-2.20564057123051
355,10.7125,-2.8096512740918
355,10.72,2.46901532779113
355,10.7275,1.4776917300095
355,10.735,0.58222376283538
355,10.7425,-0.408840944214671
355,10.75,-1.47393197619107
355,10.7575,-2.44594067201245
355,10.765,2.89772172504904
355,10.7725,1.94518047961265
355,10.78,1.07908272184456
355,10.7875,0.152338205102348
355,10.795,-0.779720190711683
355,10.8025,-1.73145702565933
355,10.81,-2.71831181340784
355,10.8175,2.58601917204134
355,10.825,1.55459627250399
355,10.8325,0.526940762429835
355,10.84,-0.488127496971281
355,10.8475,-1.51450600163183
355,10.855,-2.53630156570024
355,10.8625,2.74195855483222
355,10.87,1.78927017860222
355,10.8775,0.822273678200664
355,10.885,-0.142492898865899
355,10.8925,-1.02233256860814
355,10.9,-1.9200224943394
355,10.9075,-2.82441253469318
355,10.915,2.52988597215538
355,10.9225,1.63389664138158
355,10.93,0.705364535225237
355,10.9375,-0.309436395901335
355,10.945,-1.14309735493259
355,10.9525,-1.96461667957079
355,10.96,-3.0092731229232
355,10.9675,2.33139117161571
355,10.975,1.42356855173758
355,10.9825,0.34189581175413
355,10.99,-0.625781738632508
355,10.9975,-1.55394142454742
355,11.005,-2.67607536168129
355,11.0125,2.61680204190469
355,11.02,1.63141955682141
355,11.0275,0.54470976134946
355,11.035,1.43312374739388
355,11.0425,0.955414767466472
355,11.05,0.226926763035495
355,11.0575,-0.788774868174134
355,11.065,-1.76810123284674
355,11.0725,-2.73735098476871
355,11.08,2.51398175317522
355,11.0875,1.4970710202895
355,11.095,0.502926324065856
355,11.1025,-0.424957169736521
355,11.11,-1.37933514103509
355,11.1175,-2.42379658521765
355,11.125,2.89960163167679
355,11.1325,1.87393738881218
355,11.14,0.832361366544091
355,11.1475,-0.116713654325417
355,11.155,-1.10250486904168
355,11.1625,-2.028792675615
355,11.17,-2.93816133546049
355,11.1775,2.39470512010252
355,11.185,1.49927197644854
355,11.1925,0.530431017304495
355,11.2,-0.476305005552525
355,11.2075,-1.40879458536039
355,11.215,-2.3705648367889
355,11.2225,2.84992353312997
355,11.23,1.865833737552
355,11.2375,0.921540015820229
355,11.245,-0.13852975107264
355,11.2525,-1.13125451257289
355,11.26,-2.04145887707519
355,11.2675,-3.02311914406472
355,11.275,2.31655830464628
355,11.2825,1.4316115978693
355,11.29,0.528280827087056
355,11.2975,-0.511444143886733
355,11.305,-1.47143637937811
355,11.3125,-2.29005811363672
355,11.32,-3.09130841944107
355,11.3275,2.9826483471243
355,11.335,2.39702638787365
355,11.3425,1.891389625682
355,11.35,0.810850283051417
355,11.3575,-0.118755335083052
355,11.365,-0.947062269310214
355,11.3725,-2.08337639554503
355,11.38,-3.09961938127607
355,11.3875,2.25012455503666
355,11.395,1.25225030575353
355,11.4025,0.30583364748059
355,11.41,-0.190005329548229
355,11.4175,-0.612689942964831
355,11.425,-1.53376111295953
355,11.4325,-2.36959202698548
355,11.44,2.90292222237822
355,11.4475,1.83550153144735
355,11.455,0.877528865560962
355,11.4625,-0.15691155769769
355,11.47,-1.26035979010667
355,11.4775,-2.29296884267332
355,11.485,2.98280989564026
355,11.4925,1.97581047332662
355,11.5,1.01102877938954
355,11.5075,0.0570840669665719
355,11.515,-0.933258347282233
355,11.5225,-1.97889049511282
355,11.53,-2.95247168243815
355,11.5375,2.37777258132106
355,11.545,1.37539209604185
355,11.5525,0.421911980509273
355,11.56,-0.568417533182419
355,11.5675,-1.57300199050784
355,11.575,-2.46797374115021
355,11.5825,3.0110083613163
355,11.59,2.0909632436116
355,11.5975,1.12327867976413
355,11.605,0.212893702717189
355,11.6125,-0.829521946544032
355,11.62,-1.79581168896767
355,11.6275,-2.78931023842726
355,11.635,2.36649236512671
355,11.6425,1.37276279794768
355,11.65,0.237230268633622
355,11.6575,-1.02803235486387
355,11.665,-1.63826867725635
355,11.6725,0.650512934603858
355,11.68,-0.551292743279241
355,11.6875,-1.78785637768455
355,11.695,-2.74480260791523
355,11.7025,2.54863234917374
355,11.71,1.40451028110287
355,11.7175,0.366492065449516
355,11.725,-0.633028390144209
355,11.7325,-1.6507242640912
355,11.74,-2.59773385686888
355,11.7475,2.68198400875542
355,11.755,1.69285585810272
355,11.7625,0.713653742840952
355,11.77,-0.273927847854652
355,11.7775,-1.17912798263905
355,11.785,-2.07525780290057
355,11.7925,-2.91270028702951
355,11.8,2.54713984281907
355,11.8075,1.65792154715703
355,11.815,0.733854528377271
355,11.8225,-0.169716894858933
355,11.83,-1.14878359132903
355,11.8375,-2.18082411462202
355,11.845,3.08259190201
355,11.8525,1.9965411064508
355,11.86,0.975556635957331
355,11.8675,-0.025043854495777
355,11.875,-1.11211195046413
355,11.8825,-2.1074925585931
355,11.89,-3.09601069003882
355,11.8975,2.09186080958656
355,11.905,1.09867221506083
355,11.9125,0.143889879883964
355,11.92,-0.929107452117523
355,11.9275,-1.88217525413102
355,11.935,-2.82645990128574
355,11.9425,2.35439913083535
355,11.95,1.43035624398733
355,11.9575,0.470177013428602
355,11.965,-0.581586935385917
355,11.9725,-1.51056376160169
355,11.98,-2.56763312031005
355,11.9875,3.1091916566402
355,11.995,2.31616358855649
355,12.0025,2.93696484269058
355,12.01,1.50455010626985
355,12.0175,-0.226741992276294
355,12.025,1.46583967497261
355,12.0325,0.587618831826854
355,12.04,0.0797603950548634
355,12.0475,-1.19658604288941
355,12.055,-2.40017764203719
355,12.0625,2.8459230053831
355,12.07,1.85088560707376
355,12.0775,0.705819835287517
355,12.085,-0.396236091356101
355,12.0925,-1.34797029474764
355,12.1,-2.47117684940288
355,12.1075,2.71203006923438
355,12.115,1.78195726324118
355,12.1225,0.751791679500299
355,12.13,-0.235978722121117
355,12.1375,-1.17754450477515
355,12.145,-2.13665792027199
355,12.1525,-3.06073621444596
355,12.16,2.19143593550158
355,12.1675,1.22078726346745
355,12.175,0.275602918259887
355,12.1825,-0.773832555279519
355,12.19,-1.714758058837
355,12.1975,-2.65070141512811
355,12.205,2.68575012490705
355,12.2125,1.82339192865511
355,12.22,0.880522999284066
355,12.2275,-0.109232560742608
355,12.235,-1.14438286166166
355,12.2425,-2.16066049046348
355,12.25,3.12160742722086
355,12.2575,2.04413166752008
355,12.265,0.997905702467551
355,12.2725,-0.0399870692311872
355,12.28,-1.16648820180888
355,12.2875,-2.30224297301268
355,12.295,2.89064449621878
355,12.3025,1.81868365217111
355,12.31,0.60174656658029
355,12.3175,-0.731608967689788
355,12.325,-1.92472126527932
355,12.3325,3.09655045438516
355,12.34,1.65430787998507
355,12.3475,0.429481990716868
355,12.355,-0.730616410974397
355,12.3625,-2.0022421037859
355,12.37,-3.08559030512856
355,12.3775,2.08132518517301
355,12.385,0.844751312970112
355,12.3925,-0.188777952578011
355,12.4,-1.24017978156481
355,12.4075,-2.38346255310826
355,12.415,-3.12220828289193
355,12.4225,2.36736963593101
355,12.43,1.52752678973137
355,12.4375,0.812176397849207
355,12.445,-0.196943651639478
355,12.4525,-1.1847952210556
355,12.46,-2.19018021294659
355,12.4675,3.08663992646591
355,12.475,2.07277657624723
355,12.4825,0.932732654100756
355,12.49,-0.130112362419144
355,12.4975,-1.08785151504238
355,12.505,-2.17624919139866
355,12.5125,3.09912859728778
355,12.52,2.2285100770795
355,12.5275,1.1673542396237
355,12.535,0.190177141741541
355,12.5425,-0.627510127395885
355,12.55,-1.65493661400312
355,12.5575,-2.64257824477156
355,12.565,2.63515763494322
355,12.5725,1.49913212412234
355,12.58,0.519037358501786
355,12.5875,-0.413609522341977
355,12.595,-1.37768262246006
355,12.6025,-2.02382402921012
355,12.61,-2.95053045247806
355,12.6175,2.54444024342523
355,12.625,1.67002948469531
355,12.6325,0.512814838039989
355,12.64,-0.58756868023024
355,12.6475,-1.8231476732362
355,12.655,3.05177119132949
355,12.6625,1.66031754062715
355,12.67,0.204584161980629
355,12.6775,-1.35354690659951
355,12.685,-2.76255391716411
355,12.6925,2.25046182763088
355,12.7,0.971513284782964
355,12.7075,-0.200390857205598
355,12.715,-1.25712765143216
355,12.7225,-2.3431044519357
355,12.73,2.92020724676197
355,12.7375,1.93318616327171
355,12.745,0.970659238387585
355,12.7525,0.0374405172236507
355,12.76,-0.943015527767188
355,12.7675,-1.93941069376062
355,12.775,-2.96017454166947
355,12.7825,2.30549279282798
355,12.79,1.26213775537356
355,12.7975,0.243731765634561
355,12.805,-0.643483346983211
355,12.8125,-1.50819952750149
355,12.82,-2.39786729417229
355,12.8275,2.97951402495956
355,12.835,2.06114536239267
355,12.8425,1.02738144532543
355,12.85,0.0484831793022464
355,12.8575,-0.932476390453234
355,12.865,-2.04907313335435
355,12.8725,-3.12812968820894
355,12.88,2.11804719725053
355,12.8875,1.09556015254591
355,12.895,0.0858100610024431
355,12.9025,-0.932498811420967
355,12.91,-1.82917046747248
355,12.9175,-2.83713414135159
355,12.925,2.42612967216609
355,12.9325,1.54676284387516
355,12.94,0.416052792244131
355,12.9475,-0.75577009458334
355,12.955,-1.89021060188074
355,12.9625,2.86300160411131
355,12.97,1.13604957141596
355,12.9775,-0.398991478099513
355,12.985,-1.89129600142031
355,12.9925,2.80329806918237
355,13,1.52782492175933
355,13.0075,0.643310848138694
355,13.015,-0.718666919110266
355,13.0225,-2.13333359132513
355,13.03,-2.70555242429476
355,13.0375,2.98787879686784
355,13.045,-2.34756017696619
355,13.0525,2.62036206688597
355,13.06,1.36916251899468
355,13.0675,0.32658141704482
355,13.075,-0.793166775500533
355,13.0825,-1.85027293162775
355,13.09,-2.86872374329845
355,13.0975,2.29646840296376
355,13.105,1.35371373233269
355,13.1125,0.315597697453324
355,13.12,-0.722018983198795
355,13.1275,-1.51422690395255
355,13.135,-2.57211096926324
355,13.1425,2.68787157862562
355,13.15,1.72723351674554
355,13.1575,0.573005774003821
355,13.165,-0.512124882966464
355,13.1725,-1.54307439462261
355,13.18,-2.64947692610894
355,13.1875,2.67224493240869
355,13.195,1.65067476289369
355,13.2025,0.761082463437022
355,13.21,0.542352752916733
355,13.2175,-0.428766240027512
355,13.225,-1.10985451628691
355,13.2325,-2.1449526485326
355,13.24,2.90966860124374
355,13.2475,1.89308059252408
355,13.255,0.829319937590347
355,13.2625,-0.376280671468082
355,13.27,-1.52235572119328
355,13.2775,-2.57214210479822
355,13.285,2.52467837925009
355,13.2925,1.26195162126494
355,13.3,0.383607651043528
355,13.3075,-0.592495041181703
355,13.315,-1.83539644346465
355,13.3225,2.68644791006001
355,13.33,0.900104945655572
355,13.3375,-0.364223533321307
355,13.345,-1.23573601073134
355,13.3525,-2.49411224592656
355,13.36,2.59398815478843
355,13.3675,1.64177500444411
355,13.375,0.514896050543362
355,13.3825,-0.657349697128027
355,13.39,-1.68493147564802
355,13.3975,-2.66368083369543
355,13.405,2.63731591626553
355,13.4125,1.65752671799943
355,13.42,0.829993353169613
355,13.4275,0.0107269719357295
355,13.435,-0.86540708744783
355,13.4425,-1.73539539950708
355,13.45,-2.78484125329373
355,13.4575,2.45354893025987
355,13.465,1.41602318825189
355,13.4725,0.364379546987932
355,13.48,-0.63269861875177
355,13.4875,-1.70870799176159
355,13.495,-2.79044295536273
355,13.5025,2.4980821777419
355,13.51,1.46675161283703
355,13.5175,0.495583487781608
355,13.525,-0.364503098057677
355,13.5325,-1.31688701321868
355,13.54,-2.33232982362519
355,13.5475,2.89503077365617
355,13.555,1.83938576049927
355,13.5625,0.761527287699053
355,13.57,-0.400817534969994
355,13.5775,-1.52063521182139
355,13.585,-2.59871569221299
355,13.5925,2.09853139681987
355,13.6,-1.795120169906
355,13.6075,2.92818413240121
355,13.615,2.10165996418756
355,13.6225,0.981582834044176
355,13.63,-0.539049385971656
355,13.6375,-0.771276342919364
355,13.645,-1.49318776650811
355,13.6525,-1.20492490383189
355,13.66,-1.98234061628478
355,13.6675,3.02969628203418
355,13.675,2.34243219980561
355,13.6825,1.15897940625987
355,13.69,0.0443005344773671
355,13.6975,-0.85277009623633
355,13.705,-1.98252803961415
355,13.7125,-2.92499281251397
355,13.72,2.44886627642421
355,13.7275,1.35400881465117
355,13.735,0.456218814622639
355,13.7425,-0.502277683348822
355,13.75,-1.55722111336512
355,13.7575,-2.52442582417755
355,13.765,2.71137018970143
355,13.7725,1.61776199283693
355,13.78,0.546053421209909
355,13.7875,-0.583013991595508
355,13.795,-1.6858777761716
355,13.8025,-2.69576268442499
355,13.81,2.5321763445932
355,13.8175,1.66119714303362
355,13.825,0.927947640533468
355,13.8325,-0.0530199565256144
355,13.84,-0.501595094005239
355,13.8475,-1.50811255561882
355,13.855,-2.63869286486976
355,13.8625,2.78188403999815
355,13.87,1.64460695798747
355,13.8775,0.666595996496818
355,13.885,-0.157795350876625
355,13.8925,-1.24054678075824
355,13.9,-2.08590395858786
355,13.9075,-3.04790694977815
355,13.915,2.3554516872557
355,13.9225,1.55421528549428
355,13.93,0.572213744333273
355,13.9375,0.137715891304714
355,13.945,-0.849480249407369
355,13.9525,-0.992495238817892
355,13.96,-1.12824858341851
355,13.9675,-2.15322332684672
355,13.975,-3.038000301419
355,13.9825,2.1843722118935
355,13.99,1.01657911060272
355,13.9975,-0.016773803695687
355,14.005,-1.06719056470011
355,14.0125,-2.2173289988155
355,14.02,3.04707928346182
355,14.0275,2.11107905902545
355,14.035,1.12670715092313
355,14.0425,0.2900352068891
355,14.05,-0.475003794165769
355,14.0575,-1.23752916441323
355,14.065,-2.06699851153993
355,14.0725,-3.08461153863635
355,14.08,2.16146360779261
355,14.0875,1.2052407656236
355,14.095,0.172558266534654
355,14.1025,-0.873432382264448
355,14.11,-1.74149977478774
355,14.1175,-2.71427189755089
355,14.125,2.53909456703138
355,14.1325,1.67206291991569
355,14.14,0.671052235052156
355,14.1475,-0.372136468111991
355,14.155,-1.37651121662331
355,14.1625,-2.45473416068956
355,14.17,2.77672692922936
355,14.1775,1.69831228474045
355,14.185,0.613845729123505
355,14.1925,-0.239200109754179
355,14.2,-1.25647888298752
355,14.2075,-2.125634733933
355,14.215,-2.45674116738422
355,14.2225,2.9319448052239
355,14.23,2.26278963909606
355,14.2375,1.21294540241886
355,14.245,0.0980660851711104
355,14.2525,-0.908632134478172
355,14.26,-1.99245118027396
355,14.2675,-2.88278798023123
355,14.275,2.44591538678113
355,14.2825,1.31745574713341
355,14.29,0.631436171457608
355,14.2975,-0.16692682578352
355,14.305,-1.06747785999057
355,14.3125,-1.41911009657152
355,14.32,-2.49283721565685
355,14.3275,2.76201029338458
355,14.335,2.23726762943857
355,14.3425,1.25967840986579
355,14.35,0.717168530863765
355,14.3575,-0.0905547066783972
355,14.365,-1.13444460555388
355,14.3725,-1.9316231202172
355,14.38,-2.99258468974104
355,14.3875,2.24520325037205
355,14.395,1.24461346553919
355,14.4025,0.136286536880938
355,14.41,-0.798146911155125
355,14.4175,-1.74463993562964
355,14.425,-2.64192321996417
355,14.4325,2.8530509777511
355,14.44,1.82755870967325
355,14.4475,0.995981088936529
355,14.455,0.0936015434333736
355,14.4625,-0.980535801972186
355,14.47,-1.90282993927463
355,14.4775,-2.90788093484709
355,14.485,2.31712020109899
355,14.4925,1.45181552449658
355,14.5,0.508144584034496
355,14.5075,-0.465079688107346
355,14.515,-1.35394304000574
355,14.5225,-2.35844287157875
355,14.53,2.98163332477918
355,14.5375,2.06746622696028
355,14.545,1.00129094629132
355,14.5525,-0.0467379866278565
355,14.56,-1.15765168080103
355,14.5675,-2.26681964237465
355,14.575,3.02003335247874
355,14.5825,1.95086129749752
355,14.59,1.06402359893523
355,14.5975,0.275160604706955
355,14.605,-0.44524584165014
355,14.6125,-0.488548119602225
355,14.62,-1.47197604511698
355,14.6275,-2.42700352595597
355,14.635,2.79563586684222
355,14.6425,1.76014948251778
355,14.65,0.872346126161871
355,14.6575,0.182423297359128
355,14.665,-0.426408376452746
355,14.6725,-1.17101067018217
355,14.68,-1.71225633679552
355,14.6875,-2.4062104245239
355,14.695,2.99930593569115
355,14.7025,1.88118109014664
355,14.71,0.862980246321991
355,14.7175,0.00187168480510505
355,14.725,-0.930414553687843
355,14.7325,-1.76440339882833
355,14.74,-2.69241217189104
355,14.7475,2.54598428169961
355,14.755,1.54665842236576
355,14.7625,0.616971771512306
355,14.77,-0.34356123433216
355,14.7775,-1.35556881299772
355,14.785,-2.35761496021784
355,14.7925,2.91461491630829
355,14.8,1.91621183134213
355,14.8075,0.96668338980359
355,14.815,0.00946492192981669
355,14.8225,-0.910605403487449
355,14.83,-1.84263042787315
355,14.8375,-2.79456783650595
355,14.845,2.57831469716157
355,14.8525,1.65712015676299
355,14.86,0.647056524402838
355,14.8675,-0.354569446758528
355,14.875,-1.29217853067303
355,14.8825,-2.22492931398691
355,14.89,3.10599969752375
355,14.8975,2.1702751399844
355,14.905,1.22393292968759
355,14.9125,0.135756934753706
355,14.92,-0.86509804527459
355,14.9275,-1.65623922090017
355,14.935,-2.82590902830694
355,14.9425,2.2229199242827
355,14.95,1.27110415084938
355,14.9575,-0.279515145957685
355,14.965,3.0240511231292
355,14.9725,1.37588063061236
355,14.98,0.24235636442017
355,14.9875,-0.92417596548192
355,14.995,-2.01177771174053
355,15.0025,-3.07226362533653
355,15.01,2.15837401457844
355,15.0175,1.21884615004201
355,15.025,0.249415076999317
355,15.0325,-0.666267662545883
355,15.04,-1.58450527655796
355,15.0475,-2.57660052705612
355,15.055,2.75049395542445
355,15.0625,1.76017830126212
355,15.07,0.840306828175059
355,15.0775,0.00733734102708682
355,15.085,-0.908072763633345
355,15.0925,-1.86692830757135
355,15.1,-2.7766986156106
355,15.1075,2.61475267398134
355,15.115,1.67893419019737
355,15.1225,0.77703541559214
355,15.13,-0.162218450402695
355,15.1375,-1.16808597938572
355,15.145,-2.13183173577075
355,15.1525,3.13012066686903
355,15.16,2.12578125035754
355,15.1675,1.13352421991914
355,15.175,0.0777950752879122
355,15.1825,-0.850804344166125
355,15.19,-1.82084808837577
355,15.1975,-2.88388473675961
355,15.205,2.51690793706984
355,15.2125,1.62483259077397
355,15.22,0.779030955227865
355,15.2275,0.051918030764312
355,15.235,-0.740708350847961
355,15.2425,-1.42542878923689
355,15.25,-2.29493393676249
355,15.2575,3.1156133821248
355,15.265,2.24118617973421
355,15.2725,1.35344027483132
355,15.28,0.387660904910994
355,15.2875,-0.686802142419287
355,15.295,-1.66017951751381
355,15.3025,-2.70423408038793
355,15.31,2.49466386035475
355,15.3175,1.68591981010003
355,15.325,0.946914104845512
355,15.3325,0.435399303425255
355,15.34,-0.32515626265857
355,15.3475,-1.13810414246106
355,15.355,-2.02466278295714
355,15.3625,-3.02561805222873
355,15.37,2.48675525868724
355,15.3775,1.50156301744534
355,15.385,0.546460200866493
355,15.3925,-0.383704500886449
355,15.4,-1.44211076486466
355,15.4075,-2.44418520564289
355,15.415,2.80079390700701
355,15.4225,1.78623807396927
355,15.43,0.794391807680283
355,15.4375,-0.258247684287418
355,15.445,-1.24595756661217
355,15.4525,-2.22711420282017
355,15.46,3.110676927117
355,15.4675,2.24151040740321
355,15.475,1.3931395496977
355,15.4825,0.655813151786339
355,15.49,-0.229037542470205
355,15.4975,-1.12967542206691
355,15.505,-1.96917046319743
355,15.5125,-3.00823290160584
355,15.52,2.25661010839431
355,15.5275,1.31962936650834
355,15.535,0.249333824186109
355,15.5425,-0.769530876776942
355,15.55,-1.68487499658772
355,15.5575,-2.609572962288
355,15.565,2.71427749706319
355,15.5725,1.74843893574336
355,15.58,0.873236223753961
355,15.5875,-0.0778839594280118
355,15.595,-0.965837280773524
355,15.6025,-1.74449843741649
355,15.61,-2.76717630515717
355,15.6175,2.69431090939015
355,15.625,1.91286076875415
355,15.6325,1.15374349977288
355,15.64,0.440218785696742
355,15.6475,-0.560455569206312
355,15.655,-1.48729273499932
355,15.6625,-2.47636661413285
355,15.67,2.76650864037879
355,15.6775,1.80180128351449
355,15.685,0.806344871391583
355,15.6925,-0.02476716217135
355,15.7,-0.816196227782964
355,15.7075,-1.74049714690393
355,15.715,-2.44441217144629
355,15.7225,2.90488114638751
355,15.73,1.93874616869327
355,15.7375,1.05344625818806
355,15.745,0.101962927397622
355,15.7525,-0.874384867980477
355,15.76,-1.86224018884504
355,15.7675,-2.77914987798275
355,15.775,2.56115471842333
355,15.7825,1.61139929786625
355,15.79,0.697814077810154
355,15.7975,-0.27674471998712
355,15.805,-1.2701073993311
355,15.8125,-2.31292675032132
355,15.82,2.95860747699381
355,15.8275,1.93827003675787
355,15.835,0.895398301317065
355,15.8425,-0.0465619221682421
355,15.85,-1.04571930237672
355,15.8575,-1.86853237188673
355,15.865,-2.32135760408003
355,15.8725,-3.08419428413871
355,15.88,2.47961448760223
355,15.8875,1.53997455612807
355,15.895,0.504547813452437
355,15.9025,-0.555796599224072
355,15.91,-1.67395610561735
355,15.9175,-2.76385749678589
355,15.925,2.45779470993392
355,15.9325,1.40284081230159
355,15.94,0.508965360824163
355,15.9475,-0.334230111193956
355,15.955,-1.18512727340062
355,15.9625,-2.02903229731188
355,15.97,-3.04887869109836
355,15.9775,2.27063470069943
355,15.985,1.36170914627499
355,15.9925,0.425755753992073
355,16,-0.487562504507961
365,4,0.767665146225159
365,4.0075,-0.0843916294257547
365,4.015,-0.9806691655068
365,4.0225,-1.90583071738769
365,4.03,-2.80704969686661
365,4.0375,2.55876816973734
365,4.045,1.58177426772929
365,4.0525,0.700971429373796
365,4.06,-0.195664301856729
365,4.0675,-1.11674294740002
365,4.075,-1.89225458753528
365,4.0825,-2.80262576438649
365,4.09,2.53318302144226
365,4.0975,1.57383015448178
365,4.105,0.599218160447705
365,4.1125,-0.350949289669073
365,4.12,-1.36257896232279
365,4.1275,-2.37112361162671
365,4.135,2.89703684760806
365,4.1425,1.82561233660104
365,4.15,0.814779341028286
365,4.1575,-0.119055316029335
365,4.165,-1.08201850476256
365,4.1725,-2.04975356363897
365,4.18,-2.94204511198087
365,4.1875,2.38400350182481
365,4.195,1.35595966854876
365,4.2025,0.466029337015936
365,4.21,-0.533857316036497
365,4.2175,-1.58853998927366
365,4.225,-2.43583214888096
365,4.2325,2.92102947513116
365,4.24,2.02541826345152
365,4.2475,1.09364417841921
365,4.255,0.106103664547868
365,4.2625,-0.796643701824721
365,4.27,-1.82708862450613
365,4.2775,-2.84996421051742
365,4.285,2.38506277622371
365,4.2925,1.27118808072588
365,4.3,0.162466873513758
365,4.3075,-0.938959976108925
365,4.315,-1.80154485060706
365,4.3225,-2.56479314213213
365,4.33,2.88982790141677
365,4.3375,2.59909796444792
365,4.345,1.89193951308158
365,4.3525,1.97513198357733
365,4.36,1.13476229199425
365,4.3675,0.379722829572548
365,4.375,-0.351523218175531
365,4.3825,-1.40522983017787
365,4.39,-2.33712542836167
365,4.3975,2.93645945207016
365,4.405,1.97714395158498
365,4.4125,1.09841190219652
365,4.42,0.0928513530708723
365,4.4275,-0.933975584889941
365,4.435,-1.95948608290468
365,4.4425,-2.86911676390657
365,4.45,2.57992783831416
365,4.4575,1.7922133950413
365,4.465,0.964645498679098
365,4.4725,0.00379409162248286
365,4.48,-0.95154202014338
365,4.4875,-2.01166149175385
365,4.495,-3.10583981577201
365,4.5025,2.11403749282862
365,4.51,1.02708854945908
365,4.5175,-0.021122624209947
365,4.525,-1.03495626315347
365,4.5325,-2.03119673970526
365,4.54,-2.99905469908832
365,4.5475,2.34672885461616
365,4.555,1.48583836679862
365,4.5625,0.58913599693742
365,4.57,-0.322382689479452
365,4.5775,-1.30014987217366
365,4.585,-2.36023419657647
365,4.5925,2.8203231965506
365,4.6,1.77489635114765
365,4.6075,0.892178768217771
365,4.615,-0.0572936739624405
365,4.6225,-0.986921313438163
365,4.63,-1.89317923243629
365,4.6375,-2.97866038236479
365,4.645,2.25110520699797
365,4.6525,1.21765051586184
365,4.66,-0.00311582877853909
365,4.6675,-1.36448640107101
365,4.675,-2.79146343235386
365,4.6825,1.89591519487453
365,4.69,0.0276538650093522
365,4.6975,-1.60809977299792
365,4.705,-2.85782423264975
365,4.7125,2.51879719173378
365,4.72,1.63395316640272
365,4.7275,0.80286831154521
365,4.735,-0.156937907326114
365,4.7425,-1.10666267646691
365,4.75,-2.12078623384732
365,4.7575,-3.10722163385142
365,4.765,2.31159246363843
365,4.7725,1.33222866417803
365,4.78,0.351330689491374
365,4.7875,-0.520349503140976
365,4.795,-1.53939643930055
365,4.8025,-2.55184459847489
365,4.81,2.78001248195163
365,4.8175,1.84465477510652
365,4.825,0.955212568716317
365,4.8325,-0.0224990232326459
365,4.84,-0.939798347864325
365,4.8475,-1.87887717886433
365,4.855,-2.8646178694093
365,4.8625,2.41437396328672
365,4.87,1.31973033809403
365,4.8775,0.224145262391935
365,4.885,-0.859335325958053
365,4.8925,-1.92106193090286
365,4.9,-2.93588310024741
365,4.9075,2.37513302561962
365,4.915,1.53123950499859
365,4.9225,0.679443344079954
365,4.93,-0.235737002937423
365,4.9375,-1.18158581192217
365,4.945,-2.20765645691686
365,4.9525,3.03784887532237
365,4.96,1.92930237793419
365,4.9675,0.698888050334671
365,4.975,-0.414430051332288
365,4.9825,-1.36621543264337
365,4.99,-2.28029852535417
365,4.9975,-2.82861017033807
365,5.005,2.65856809181425
365,5.0125,1.62621182201283
365,5.02,0.549840022718415
365,5.0275,-0.588306271705596
365,5.035,-1.86512584544261
365,5.0425,2.59155374493111
365,5.05,0.623534913145029
365,5.0575,-0.724049743571157
365,5.065,-1.72995264568306
365,5.0725,-2.91749839821884
365,5.08,2.18330152932793
365,5.0875,1.15078866542045
365,5.095,0.12757048633006
365,5.1025,-0.907361274933692
365,5.11,-1.91970410207025
365,5.1175,-2.86628703671155
365,5.125,2.49895190571935
365,5.1325,1.51479829173963
365,5.14,0.588767965570715
365,5.1475,-0.367848008661389
365,5.155,-1.39298270539076
365,5.1625,-2.391105913143
365,5.17,2.83992780842971
365,5.1775,1.75452936540081
365,5.185,0.690497166433296
365,5.1925,-0.307495320679236
365,5.2,-1.25640726066341
365,5.2075,-2.17069160351183
365,5.215,-2.99245709670927
365,5.2225,2.40243556395902
365,5.23,1.49640083570356
365,5.2375,0.537793940824603
365,5.245,-0.515972647647977
365,5.2525,-1.60426371070766
365,5.26,-2.69122270673998
365,5.2675,2.56774857184356
365,5.275,1.58435138324557
365,5.2825,0.715269866516517
365,5.29,-0.0743397306221733
365,5.2975,-0.948089156828873
365,5.305,-1.94433018962821
365,5.3125,-2.99117085340983
365,5.32,2.17143590948094
365,5.3275,0.991098550314258
365,5.335,-0.0156659477781171
365,5.3425,-1.19384582566976
365,5.35,-2.50217816719722
365,5.3575,2.68276099196018
365,5.365,1.4483778934144
365,5.3725,0.0322417483380154
365,5.38,-1.31962272125532
365,5.3875,-2.60854621946859
365,5.395,2.53707982816738
365,5.4025,1.39757580156977
365,5.41,0.123412799413538
365,5.4175,-0.864593136386299
365,5.425,-1.76964342490488
365,5.4325,-2.87843150618538
365,5.44,2.5192798656167
365,5.4475,1.50944014784312
365,5.455,0.410433582523664
365,5.4625,-0.546519193855826
365,5.47,-1.60593621269645
365,5.4775,-2.57261166002395
365,5.485,2.87790737756065
365,5.4925,1.88589482065116
365,5.5,0.993922410865979
365,5.5075,0.0577668378710137
365,5.515,-0.958857164288133
365,5.5225,-1.95846199894047
365,5.53,-2.97245901009404
365,5.5375,2.25749656716848
365,5.545,1.20439806497895
365,5.5525,0.149494538407157
365,5.56,-0.894253730812943
365,5.5675,-1.88742673508661
365,5.575,-2.89920048510241
365,5.5825,2.37082055053646
365,5.59,1.40942287917791
365,5.5975,0.428745148410765
365,5.605,-0.54020095068967
365,5.6125,-1.47812524620085
365,5.62,-2.44420696299723
365,5.6275,2.93166404253447
365,5.635,1.94116810164514
365,5.6425,0.888050420168591
365,5.65,-0.0495996586828488
365,5.6575,-1.02339942780543
365,5.665,-2.06240289818319
365,5.6725,-3.08314046809217
365,5.68,2.12221437520758
365,5.6875,0.994641141081194
365,5.695,-0.0966899968263076
365,5.7025,-1.33586816728028
365,5.71,-2.6248089947578
365,5.7175,2.46874779961265
365,5.725,1.09154011924568
365,5.7325,-0.319334145593225
365,5.74,-1.62420904270369
365,5.7475,-2.87596174456935
365,5.755,2.22739509385927
365,5.7625,1.04720960705491
365,5.77,-0.0986782457205683
365,5.7775,-1.09724057014009
365,5.785,-2.15748757299795
365,5.7925,3.06638779822086
365,5.8,2.13582327342002
365,5.8075,1.17428304718496
365,5.815,0.225970556981521
365,5.8225,-0.700537756109482
365,5.83,-1.64222716604402
365,5.8375,-2.63948248757343
365,5.845,2.63709754584479
365,5.8525,1.65533857986707
365,5.86,0.699612720017404
365,5.8675,-0.183399961528819
365,5.875,-1.1663144249845
365,5.8825,-2.14905727143251
365,5.89,-3.07994259228421
365,5.8975,2.17955742019016
365,5.905,1.12935129664726
365,5.9125,0.161064235488922
365,5.92,-0.777520177459651
365,5.9275,-1.87365581978614
365,5.935,-2.88903393842473
365,5.9425,2.46465159846608
365,5.95,1.34515465429112
365,5.9575,0.294193297032058
365,5.965,-0.689189765079652
365,5.9725,-1.72907150011485
365,5.98,-2.7261239680667
365,5.9875,2.59948964350188
365,5.995,1.69758486261873
365,6.0025,0.797150223339814
365,6.01,0.00193511146133977
365,6.0175,-0.385273451638721
365,6.025,-0.822079864667195
365,6.0325,-1.84045780414323
365,6.04,-2.55909756689565
365,6.0475,2.73744742118961
365,6.055,1.48455145995892
365,6.0625,0.333214397768154
365,6.07,-1.14207366883811
365,6.0775,3.14020924015635
365,6.085,1.16234121276049
365,6.0925,-0.195982638188041
365,6.1,-1.52374719412016
365,6.1075,-2.64837995627925
365,6.115,2.58551920374941
365,6.1225,1.33320242268731
365,6.13,0.19799235092067
365,6.1375,-0.74968179949837
365,6.145,-1.8720353723296
365,6.1525,-2.85681405394338
365,6.16,2.55554263530361
365,6.1675,1.42150703361609
365,6.175,0.373551465009636
365,6.1825,-0.556130860624353
365,6.19,-1.55484456887258
365,6.1975,-2.49109005247149
365,6.205,2.92597023868351
365,6.2125,2.03739249414509
365,6.22,1.03119316887212
365,6.2275,0.0828528534153689
365,6.235,-0.752700158346962
365,6.2425,-1.63719012485106
365,6.25,-2.47038066468482
365,6.2575,2.84506231709561
365,6.265,1.87634176882513
365,6.2725,0.943183091445503
365,6.28,-0.143730854394879
365,6.2875,-1.23744167611976
365,6.295,-2.27292981657657
365,6.3025,2.88884846463677
365,6.31,1.75835758057401
365,6.3175,0.728816225134809
365,6.325,-0.261852766008556
365,6.3325,-1.1389310544166
365,6.34,-1.95717702003235
365,6.3475,-2.64381306844416
365,6.355,2.90712151587681
365,6.3625,2.30149618213563
365,6.37,1.60398862268081
365,6.3775,0.564816265690961
365,6.385,-0.391874854903376
365,6.3925,-1.3218535323347
365,6.4,-1.93386859881077
365,6.4075,-2.70657232027153
365,6.415,2.56748134727758
365,6.4225,1.51492848814933
365,6.43,0.376011996211917
365,6.4375,-0.667001456967108
365,6.445,-1.0861906183046
365,6.4525,-1.03101245874451
365,6.46,-1.99522372082037
365,6.4675,-2.83166421844096
365,6.475,2.5283670909378
365,6.4825,1.42554129524467
365,6.49,0.342934971609636
365,6.4975,-0.606863357758491
365,6.505,-1.67460334710334
365,6.5125,-2.82026108812544
365,6.52,2.641597650945
365,6.5275,1.73995262222682
365,6.535,0.726480052133246
365,6.5425,0.0542932548075981
365,6.55,-0.938086440098959
365,6.5575,-2.01846446444761
365,6.565,-2.905170721439
365,6.5725,2.34481479258845
365,6.58,1.22713389118849
365,6.5875,0.253464115202037
365,6.595,-0.738246834224225
365,6.6025,-1.75736825339319
365,6.61,-2.53721265373474
365,6.6175,2.84657704729289
365,6.625,1.85962610201154
365,6.6325,1.00501760222726
365,6.64,-0.0435086489124535
365,6.6475,-1.05197245971184
365,6.655,-1.91420686920003
365,6.6625,-3.06423978246123
365,6.67,2.12848105386827
365,6.6775,1.21936586607074
365,6.685,0.0704513761751494
365,6.6925,-1.01171770033667
365,6.7,-1.75781065938585
365,6.7075,-2.58821633962338
365,6.715,2.73851594258766
365,6.7225,1.81200001841439
365,6.73,1.24085562641007
365,6.7375,0.867021756019783
365,6.745,0.985844668483839
365,6.7525,-0.376917631318706
365,6.76,-0.77875273615106
365,6.7675,-1.64108674375686
365,6.775,-2.81934936758618
365,6.7825,2.53871495013182
365,6.79,1.44324824160853
365,6.7975,0.229270485143105
365,6.805,-0.899494063095961
365,6.8125,-1.85629750808086
365,6.82,-2.88270856456417
365,6.8275,2.46204422427563
365,6.835,1.91056233008816
365,6.8425,1.0505160093516
365,6.85,0.306107370193837
365,6.8575,-0.588507829539152
365,6.865,-1.60291729793121
365,6.8725,-2.6322814974998
365,6.88,2.56349615273162
365,6.8875,1.64636112820268
365,6.895,0.793787213308036
365,6.9025,-0.0987711777306926
365,6.91,-0.921871271591947
365,6.9175,-1.88253147480526
365,6.925,-2.89476699445915
365,6.9325,2.3901528180637
365,6.94,1.40325341461506
365,6.9475,0.395920051964173
365,6.955,-0.688591355748014
365,6.9625,-1.70892822997921
365,6.97,-2.62314961247823
365,6.9775,2.75076502400022
365,6.985,1.98359134084563
365,6.9925,1.18028634375456
365,7,0.338839210608021
365,7.0075,-0.544511138567977
365,7.015,-1.38139886321918
365,7.0225,-2.29056219789114
365,7.03,3.00824559398975
365,7.0375,2.00868613398987
365,7.045,0.881054654202598
365,7.0525,-0.211072250552413
365,7.06,-1.08437075600147
365,7.0675,-2.00467425427383
365,7.075,-2.89097060035091
365,7.0825,2.71383103608365
365,7.09,1.73021315006684
365,7.0975,0.817238066967574
365,7.105,0.11053401280114
365,7.1125,-0.768469377934703
365,7.12,-1.67923860199505
365,7.1275,-2.46659479863269
365,7.135,2.92842701100399
365,7.1425,2.00164205124496
365,7.15,1.20118699606778
365,7.1575,0.168511401995541
365,7.165,-0.89377273839547
365,7.1725,-1.88627178775088
365,7.18,-2.99260881821056
365,7.1875,2.26218260389031
365,7.195,1.32820184461906
365,7.2025,0.362861241044393
365,7.21,-0.456390336539802
365,7.2175,-1.06908938893496
365,7.225,-1.83526938043393
365,7.2325,-2.58222232828543
365,7.24,3.01736505258279
365,7.2475,1.94715501316628
365,7.255,1.07272897299618
365,7.2625,0.366220729349867
365,7.27,-0.667270489876478
365,7.2775,-1.58530031256628
365,7.285,-2.45415869758668
365,7.2925,2.75489976010518
365,7.3,1.77458133806079
365,7.3075,0.818777564202761
365,7.315,-0.261619831029029
365,7.3225,-1.25951581628389
365,7.33,-2.25683301125761
365,7.3375,2.94653661314332
365,7.345,1.99424324383407
365,7.3525,1.09925164108242
365,7.36,0.12206120685602
365,7.3675,-0.714883895913238
365,7.375,-1.56870902290006
365,7.3825,-2.53521444653623
365,7.39,2.85563881732449
365,7.3975,2.00051613263401
365,7.405,1.01618152973668
365,7.4125,-0.0193749002574817
365,7.42,-0.976217562581434
365,7.4275,-2.02780259738678
365,7.435,-3.00998446232035
365,7.4425,2.40049070784025
365,7.45,1.42217020468395
365,7.4575,0.591615134897967
365,7.465,-0.362753979071945
365,7.4725,-1.36839418994066
365,7.48,-2.285125173174
365,7.4875,3.04650060028113
365,7.495,2.15410664600483
365,7.5025,1.3504092081527
365,7.51,0.821917183408755
365,7.5175,0.116700772842455
365,7.525,-0.38789254454098
365,7.5325,-1.25053396329118
365,7.54,-2.39039383490059
365,7.5475,3.00653723251188
365,7.555,2.01069619866452
365,7.5625,0.91908489836192
365,7.57,-0.0244858794735482
365,7.5775,-1.08440728781704
365,7.585,-2.03399564903026
365,7.5925,-2.91250418891952
365,7.6,2.41889063354634
365,7.6075,1.71653463672713
365,7.615,0.921190931114367
365,7.6225,0.0979787802657706
365,7.63,-0.720236633427433
365,7.6375,-1.54739978843269
365,7.645,-2.45313924664813
365,7.6525,2.88365157147513
365,7.66,1.92385325785134
365,7.6675,0.920535843542064
365,7.675,-0.11793914476088
365,7.6825,-1.14400813033197
365,7.69,-2.11004082182611
365,7.6975,3.123961244798
365,7.705,2.04669577470225
365,7.7125,1.10353389753157
365,7.72,0.10615725854174
365,7.7275,-0.969907194875525
365,7.735,-1.83769865390236
365,7.7425,-2.63313520156873
365,7.75,2.69830665949112
365,7.7575,1.87578589389961
365,7.765,0.954747681639587
365,7.7725,-0.0925287872431613
365,7.78,-0.979757775211353
365,7.7875,-1.98300845062839
365,7.795,-3.01789639104997
365,7.8025,2.4337266682341
365,7.81,1.42265958000444
365,7.8175,0.576691742398975
365,7.825,0.0379158420522557
365,7.8325,-0.913336377152134
365,7.84,-1.68967492698362
365,7.8475,-2.40788620219147
365,7.855,2.81062713261814
365,7.8625,1.98265372708791
365,7.87,1.16729612019589
365,7.8775,0.116342203718878
365,7.885,-0.691961216545748
365,7.8925,-1.52360446693004
365,7.9,-2.36190173440875
365,7.9075,3.11078152707806
365,7.915,2.08197032633761
365,7.9225,1.09888496392782
365,7.93,0.102190752125736
365,7.9375,-0.872516996815709
365,7.945,-1.88887196545411
365,7.9525,-2.94671979078227
365,7.96,2.43657864231766
365,7.9675,1.36458212364178
365,7.975,0.477227102234857
365,7.9825,0.0550064526294086
365,7.99,-0.990517889841874
365,7.9975,-1.43380897908753
365,8.005,-2.32954625373705
365,8.0125,2.87428701521376
365,8.02,2.14039479233006
365,8.0275,1.11069618302173
365,8.035,0.0579788453908596
365,8.0425,-0.895804980371428
365,8.05,-1.94610236231506
365,8.0575,-2.9824608755808
365,8.065,2.31044397599121
365,8.0725,1.29938270415632
365,8.08,0.289675479933229
365,8.0875,-0.728338661830347
365,8.095,-1.73697838216449
365,8.1025,-2.71353475628837
365,8.11,2.61154637600493
365,8.1175,1.69906487297789
365,8.125,0.845337233239629
365,8.1325,-0.0468229312423542
365,8.14,-0.880023243632971
365,8.1475,-1.74916465035735
365,8.155,-2.7157129921271
365,8.1625,2.66938921315386
365,8.17,1.70916099733351
365,8.1775,0.67269355849043
365,8.185,-0.212019354101581
365,8.1925,-1.13662491706082
365,8.2,-2.10413104197338
365,8.2075,-2.80233903191192
365,8.215,2.54143885049034
365,8.2225,1.70825847151536
365,8.23,1.05873473473749
365,8.2375,0.102528525855553
365,8.245,-0.688582052172986
365,8.2525,-1.47509784327353
365,8.26,-2.38002845092257
365,8.2675,3.01846961987604
365,8.275,2.19885599765542
365,8.2825,1.268356960261
365,8.29,0.299733715658142
365,8.2975,-0.67779283298289
365,8.305,-1.66060578935094
365,8.3125,-2.61108229178125
365,8.32,2.67184976091789
365,8.3275,1.75608595615131
365,8.335,0.859011500162031
365,8.3425,-0.128351956354979
365,8.35,-0.954025779284341
365,8.3575,-1.7238278612947
365,8.365,-2.65699229140352
365,8.3725,2.70685738771073
365,8.38,1.82367071663235
365,8.3875,0.877709337261472
365,8.395,-0.0378198964066219
365,8.4025,-0.928427648195721
365,8.41,-1.91760923502589
365,8.4175,-2.91022363851788
365,8.425,2.4010136392019
365,8.4325,1.41539885478541
365,8.44,0.386662610241586
365,8.4475,-0.61275727660374
365,8.455,-1.57450870739887
365,8.4625,-2.66508224183659
365,8.47,2.60592167334643
365,8.4775,1.70975428048892
365,8.485,0.661280746013465
365,8.4925,-0.29121321732113
365,8.5,-1.15489039329718
365,8.5075,-2.13634158655637
365,8.515,-3.09386986250537
365,8.5225,2.33397259010861
365,8.53,1.48715652673018
365,8.5375,0.52289277485919
365,8.545,-0.112172349558457
365,8.5525,-0.925450740622166
365,8.56,-1.89065009842809
365,8.5675,-2.61676948184509
365,8.575,2.67981633783499
365,8.5825,1.7093061671022
365,8.59,0.867260213199391
365,8.5975,-0.187257653837486
365,8.605,-1.13390128401823
365,8.6125,-1.95864964400684
365,8.62,-2.93130429622412
365,8.6275,2.62122053265393
365,8.635,2.00200292550208
365,8.6425,1.11293624254587
365,8.65,0.413045930292298
365,8.6575,-0.463406575595615
365,8.665,-1.52677436422125
365,8.6725,-2.41155978217841
365,8.68,2.86671288475107
365,8.6875,1.87693561444304
365,8.695,1.01013491199486
365,8.7025,0.026725587043521
365,8.71,-0.905174459783625
365,8.7175,-1.82804712990318
365,8.725,-2.81673735118029
365,8.7325,2.535308438728
365,8.74,1.62850393512475
365,8.7475,0.659248797384653
365,8.755,-0.262492885753162
365,8.7625,-1.11580907279422
365,8.77,-1.95632185117188
365,8.7775,-2.8359415840594
365,8.785,2.56190326274484
365,8.7925,1.63087948973745
365,8.8,0.597710610188885
365,8.8075,-0.36744077006938
365,8.815,-1.34006495384016
365,8.8225,-2.33363007305617
365,8.83,2.96747651642294
365,8.8375,1.95164079789062
365,8.845,0.958532090994247
365,8.8525,-0.072814683191594
365,8.86,-1.00709145823515
365,8.8675,-1.96878757376794
365,8.875,-3.01960828317886
365,8.8825,2.45423469075484
365,8.89,1.53130259593325
365,8.8975,0.690520097431141
365,8.905,-0.0106902132411935
365,8.9125,-0.988972727477661
365,8.92,-1.82206313957271
365,8.9275,-2.71500503638024
365,8.935,2.6772775893806
365,8.9425,1.93547437323046
365,8.95,1.07841965774809
365,8.9575,0.166608267059111
365,8.965,-0.737770034141397
365,8.9725,-1.65055128431429
365,8.98,-2.5886916579212
365,8.9875,2.8462884338536
365,8.995,2.074491992772
365,9.0025,1.22159781481393
365,9.01,0.47814645905338
365,9.0175,-0.372428143626264
365,9.025,-1.3962252706479
365,9.0325,-2.3271908086176
365,9.04,3.03185828858366
365,9.0475,1.9893084064283
365,9.055,1.00424710057887
365,9.0625,0.089169187468709
365,9.07,-0.927333978614171
365,9.0775,-1.92970585870484
365,9.085,-2.80034015620904
365,9.0925,2.51998030489605
365,9.1,1.48954611622667
365,9.1075,0.606822291475279
365,9.115,-0.308483199446188
365,9.1225,-1.29422339047006
365,9.13,-2.11078626752941
365,9.1375,-2.9152590638713
365,9.145,2.54384359537752
365,9.1525,1.71888897863484
365,9.16,0.85803258999285
365,9.1675,-0.0531225522517605
365,9.175,-1.09261719198598
365,9.1825,-2.05657937113446
365,9.19,-3.04078199740758
365,9.1975,2.16318452325382
365,9.205,1.17023214060675
365,9.2125,0.154562715021752
365,9.22,-0.848302554924208
365,9.2275,-1.77809638375163
365,9.235,-2.78006695033659
365,9.2425,2.66523245913031
365,9.25,1.70720635896797
365,9.2575,0.695434198416816
365,9.265,-0.0939572046935599
365,9.2725,-1.08320546652019
365,9.28,-2.01042685584171
365,9.2875,-2.85829252906351
365,9.295,2.58920770412776
365,9.3025,1.86414148528218
365,9.31,1.15197185776064
365,9.3175,0.420561129210734
365,9.325,-0.537330210590444
365,9.3325,-1.40344557660513
365,9.34,-2.39902761078528
365,9.3475,2.88506905409404
365,9.355,1.92664244207907
365,9.3625,0.812647760171595
365,9.37,-0.121215537478034
365,9.3775,-1.0308135381203
365,9.385,-2.02285636664136
365,9.3925,-2.6679825178653
365,9.4,2.67901789855093
365,9.4075,1.78085440930349
365,9.415,1.0151502128505
365,9.4225,0.0564101282152288
365,9.43,-0.796218110112981
365,9.4375,-1.73611825773326
365,9.445,-2.70126733606963
365,9.4525,2.66773533904426
365,9.46,1.7432901607489
365,9.4675,0.862222204071165
365,9.475,-0.0687392639970154
365,9.4825,-0.954693551962172
365,9.49,-1.8981329699578
365,9.4975,-2.89647897389073
365,9.505,2.5052747880801
365,9.5125,1.61158955880827
365,9.52,0.658464262423255
365,9.5275,-0.243795504302435
365,9.535,-1.10662880139557
365,9.5425,-2.08569040577828
365,9.55,-3.06903134643919
365,9.5575,2.314970206743
365,9.565,1.26811340860729
365,9.5725,0.214872978763185
365,9.58,-0.735967238814353
365,9.5875,-1.70887991643568
365,9.595,-2.70955521934032
365,9.6025,2.5422495274382
365,9.61,1.55655369040489
365,9.6175,0.547405888155825
365,9.625,-0.519871626766521
365,9.6325,-1.43313034471881
365,9.64,-2.32825116821465
365,9.6475,2.98108601099743
365,9.655,2.13501447148163
365,9.6625,1.28094368210615
365,9.67,0.544607551748872
365,9.6775,0.0473686427608496
365,9.685,-0.622212297088163
365,9.6925,-1.41864786305373
365,9.7,-2.35628954913505
365,9.7075,2.93936848647787
365,9.715,1.98643293979522
365,9.7225,0.970781897756954
365,9.73,-0.0983206614684789
365,9.7375,-1.05373837479587
365,9.745,-1.90891207568789
365,9.7525,-2.76126406029049
365,9.76,3.00746448702315
365,9.7675,2.25744089478677
365,9.775,1.51653985801773
365,9.7825,0.626959751028411
365,9.79,-0.355371251843585
365,9.7975,-1.26495576494604
365,9.805,-2.31743000958459
365,9.8125,2.93696285391867
365,9.82,2.02609449738571
365,9.8275,1.06136234996022
365,9.835,0.0459339636526045
365,9.8425,-0.844526178678415
365,9.85,-1.79133188898139
365,9.8575,-2.85176781593653
365,9.865,2.52230582641952
365,9.8725,1.55878385138446
365,9.88,0.51007445932822
365,9.8875,-0.463309028263641
365,9.895,-1.41529435782632
365,9.9025,-2.37685497266371
365,9.91,2.9759243506426
365,9.9175,2.18219972382902
365,9.925,1.29200118297579
365,9.9325,0.386273259555612
365,9.94,-0.529814428563655
365,9.9475,-1.56154479998842
365,9.955,-2.5731071292071
365,9.9625,2.65326532761032
365,9.97,1.59422563355059
365,9.9775,0.566599301290914
365,9.985,-0.456322908865383
365,9.9925,-1.40144618660489
365,10,-2.38696884626185
365,10.0075,2.97443228188893
365,10.015,2.07667920418995
365,10.0225,1.08283304705035
365,10.03,0.38183321865522
365,10.0375,-0.588805064160415
365,10.045,-1.4816738049004
365,10.0525,-1.93475179153893
365,10.06,-2.87584354400567
365,10.0675,-3.10086947650292
365,10.075,2.19198126802592
365,10.0825,1.29802881526979
365,10.09,0.378836720469527
365,10.0975,-0.673636545256732
365,10.105,-1.59992223585751
365,10.1125,-2.61720557588836
365,10.12,2.84504752687037
365,10.1275,1.95751642853409
365,10.135,1.04168954401541
365,10.1425,0.318977149998083
365,10.15,-0.574256136133644
365,10.1575,-1.4677891016682
365,10.165,-2.34290071601787
365,10.1725,2.99931433182512
365,10.18,1.961582713127
365,10.1875,0.981985199955171
365,10.195,0.0233932261328634
365,10.2025,-0.983299888220346
365,10.21,-1.90159957296206
365,10.2175,-2.79606818803234
365,10.225,2.53758562927617
365,10.2325,1.56925137193218
365,10.24,0.600552032219547
365,10.2475,-0.373874968827113
365,10.255,-1.40293247055994
365,10.2625,-2.4120756395466
365,10.27,2.94963432259654
365,10.2775,1.99219960574144
365,10.285,1.03689598680811
365,10.2925,0.169450678889994
365,10.3,-0.731416046668111
365,10.3075,-1.67500848559399
365,10.315,-2.61377998215244
365,10.3225,2.71188168828879
365,10.33,1.66397381443722
365,10.3375,0.626274280721768
365,10.345,-0.371643848051026
365,10.3525,-1.42614626709171
365,10.36,-2.47865424114172
365,10.3675,2.80480312865443
365,10.375,1.80623121768443
365,10.3825,0.761338304272298
365,10.39,-0.218321777595679
365,10.3975,-1.12231693937667
365,10.405,-2.24480894965437
365,10.4125,3.12785282100521
365,10.42,2.59101813257559
365,10.4275,1.84576834416408
365,10.435,-3.09189069863083
365,10.4425,2.17132384578836
365,10.45,1.27601611428136
365,10.4575,0.197697975433041
365,10.465,-0.935875108856624
365,10.4725,-1.9759831718044
365,10.48,-2.96202284820219
365,10.4875,2.23386251762606
365,10.495,1.27825783617603
365,10.5025,0.375444077228428
365,10.51,-0.66326384953721
365,10.5175,-1.48034993426333
365,10.525,-2.35098059653019
365,10.5325,2.96568898298902
365,10.54,2.07541926827587
365,10.5475,1.08747616815262
365,10.555,0.106480567546844
365,10.5625,-0.89674719780651
365,10.57,-1.87402578701937
365,10.5775,-2.817180132168
365,10.585,2.45492953644206
365,10.5925,1.5214586227378
365,10.6,0.587498954813375
365,10.6075,-0.402728429605855
365,10.615,-1.36685029816882
365,10.6225,-2.36066045432117
365,10.63,2.89762252379737
365,10.6375,1.86267494643329
365,10.645,0.844085205912993
365,10.6525,-0.172291487807251
365,10.66,-1.17648182794318
365,10.6675,-2.13273926203362
365,10.675,-3.07877386500756
365,10.6825,2.37320053012981
365,10.69,1.50103858129522
365,10.6975,0.521719898201549
365,10.705,-0.343092743578343
365,10.7125,-1.36798346940128
365,10.72,-2.46904352154826
365,10.7275,2.83282104062634
365,10.735,1.68363390444284
365,10.7425,0.562028131881748
365,10.75,-0.4224236337119
365,10.7575,-1.71064504472497
365,10.765,-2.856990029926
365,10.7725,2.2674384107033
365,10.78,-0.917268053094965
365,10.7875,-2.29400122804541
365,10.795,3.05440732634774
365,10.8025,2.15266006552958
365,10.81,1.17894080222793
365,10.8175,0.252137598720997
365,10.825,-0.736733310544266
365,10.8325,-1.74879333521519
365,10.84,-2.82418115196975
365,10.8475,2.37731800879105
365,10.855,1.35355432703355
365,10.8625,0.320909018558643
365,10.87,-0.735313212801083
365,10.8775,-1.72199845301801
365,10.885,-2.66682952851132
365,10.8925,2.6373504133883
365,10.9,1.75140942943715
365,10.9075,0.911550825113068
365,10.915,-0.0376244332078283
365,10.9225,-0.973021112524727
365,10.93,-1.83396275193247
365,10.9375,-2.80078048798424
365,10.945,2.50668650041233
365,10.9525,1.6039195748895
365,10.96,0.606538967122374
365,10.9675,-0.421715804933834
365,10.975,-1.38179784476733
365,10.9825,-2.34630490429287
365,10.99,2.91425759351325
365,10.9975,1.92977610344374
365,11.005,0.966648690742074
365,11.0125,-0.0625607381989543
365,11.02,-1.03148355162528
365,11.0275,-1.94479705349326
365,11.035,-2.95289965227625
365,11.0425,2.42044595217886
365,11.05,1.50733997414047
365,11.0575,0.528135480652751
365,11.065,-0.329128748147411
365,11.0725,-1.24009237828492
365,11.08,-2.13032499048383
365,11.0875,-2.9997804458196
365,11.095,2.35951081185361
365,11.1025,1.4155610071123
365,11.11,0.427453486504211
365,11.1175,-0.523833051677934
365,11.125,-1.57969823899337
365,11.1325,-2.4729455104337
365,11.14,3.12752642321303
365,11.1475,2.11367164308053
365,11.155,1.6887793310422
365,11.1625,1.05731733722828
365,11.17,0.731650118433488
365,11.1775,0.254733714252824
365,11.185,-0.817301421635944
365,11.1925,-1.65780969571215
365,11.2,-2.61283515754963
365,11.2075,2.68576617602436
365,11.215,1.7416429728171
365,11.2225,0.748999242188854
365,11.23,-0.19874799338562
365,11.2375,-1.23887198766045
365,11.245,-2.28487633207639
365,11.2525,3.03075196631326
365,11.26,2.0171789450116
365,11.2675,1.05274010021546
365,11.275,0.133063124336481
365,11.2825,-0.812219180058007
365,11.29,-1.76289612300394
365,11.2975,-2.72758325498112
365,11.305,2.65563911424021
365,11.3125,1.71975857094133
365,11.32,0.696584474113996
365,11.3275,-0.261019844581544
365,11.335,-1.18730797109086
365,11.3425,-2.22532522993722
365,11.35,3.0678452070261
365,11.3575,2.18324300324122
365,11.365,1.16030833594653
365,11.3725,0.163595386722515
365,11.38,-0.705076635533505
365,11.3875,-1.71754660858064
365,11.395,-2.71579171731448
365,11.4025,2.65224223833607
365,11.41,1.6133496053861
365,11.4175,0.610828661357657
365,11.425,-0.34712094542452
365,11.4325,-1.3184834197887
365,11.44,-2.20430275727354
365,11.4475,3.11625697381651
365,11.455,2.26078786218511
365,11.4625,1.39954933909705
365,11.47,0.418360289800005
365,11.4775,-0.455240496364843
365,11.485,-1.49295056298911
365,11.4925,-2.46408373568743
365,11.5,2.94715710484599
365,11.5075,1.93972119952845
365,11.515,2.78348969940896
365,11.5225,2.57672423472897
365,11.53,1.90836147480592
365,11.5375,0.881624149891681
365,11.545,-0.142779037257113
365,11.5525,-1.1671124006832
365,11.56,-2.17188759488968
365,11.5675,3.06796389708384
365,11.575,2.03044946332317
365,11.5825,1.0372802597436
365,11.59,-0.0112539068603053
365,11.5975,-1.06045351025957
365,11.605,-2.07000877480474
365,11.6125,-3.11637185090491
365,11.62,2.13040620468673
365,11.6275,1.13546143295647
365,11.635,0.117911492901317
365,11.6425,-0.899700313154675
365,11.65,-1.85816565443298
365,11.6575,-2.82733772741509
365,11.665,2.49042591947009
365,11.6725,1.55357504557432
365,11.68,0.549250655796576
365,11.6875,-0.431898014895901
365,11.695,-1.36221841285455
365,11.7025,-2.32245979094997
365,11.71,3.02509053392016
365,11.7175,2.08427406625583
365,11.725,1.13816262466309
365,11.7325,0.149226225123788
365,11.74,-0.852012546122112
365,11.7475,-1.79816873269216
365,11.755,-2.79194392499656
365,11.7625,2.50796104069139
365,11.77,1.56916454863758
365,11.7775,0.550077580347877
365,11.785,-0.413466106528354
365,11.7925,-1.29220036627263
365,11.8,-2.30365633091885
365,11.8075,3.11520480660424
365,11.815,2.42966402325062
365,11.8225,1.30792107269631
365,11.83,0.620251416432108
365,11.8375,-0.294333287957689
365,11.845,-1.82405352207157
365,11.8525,-1.57802745095604
365,11.86,-1.82289229833021
365,11.8675,-1.59042080970348
365,11.875,-2.91146437668214
365,11.8825,2.18328580862475
365,11.89,1.25630571848108
365,11.8975,0.213022277875635
365,11.905,-0.772617512686614
365,11.9125,-1.7315863370407
365,11.92,-2.72200675807363
365,11.9275,2.67021930683154
365,11.935,1.71981137352422
365,11.9425,0.840620102503162
365,11.95,-0.164031331607364
365,11.9575,-1.24900530726212
365,11.965,-2.14179947138923
365,11.9725,3.0759999617669
365,11.98,2.00452378087983
365,11.9875,1.15764203984877
365,11.995,0.125618606644252
365,12.0025,-0.933948618600587
365,12.01,-1.88665049290845
365,12.0175,-2.86956881678517
365,12.025,2.38324697973536
365,12.0325,1.36882516933593
365,12.04,0.393541989440314
365,12.0475,-0.627951957151926
365,12.055,-1.65312457747258
365,12.0625,-2.59974376716017
365,12.07,2.78818270121969
365,12.0775,1.8085637557983
365,12.085,0.830902798519469
365,12.0925,-0.0152707911184331
365,12.1,-0.93559884172034
365,12.1075,-1.89148685287483
365,12.115,-2.7758112076159
365,12.1225,2.54289174456824
365,12.13,1.49868674779884
365,12.1375,0.475517136408331
365,12.145,-0.411676697015126
365,12.1525,-1.38708254468485
365,12.16,-2.37043795848901
365,12.1675,3.01791030506022
365,12.175,1.96973387483035
365,12.1825,0.962704616385345
365,12.19,-0.0513667759830341
365,12.1975,-1.15563239263169
365,12.205,-2.22512268114994
365,12.2125,2.78131419702915
365,12.22,1.36844579133974
365,12.2275,-0.0186843734180735
365,12.235,-1.48296308001493
365,12.2425,-2.9429394581532
365,12.25,2.08710869974383
365,12.2575,0.886023163028626
365,12.265,-0.385643265783663
365,12.2725,-1.43726953798183
365,12.28,-2.35561803437219
365,12.2875,2.87952298749178
365,12.295,2.1120628522636
365,12.3025,1.3802912086898
365,12.31,0.379428512247706
365,12.3175,-0.570295045937748
365,12.325,-1.60790431128065
365,12.3325,-2.69517598841701
365,12.34,2.60461244487445
365,12.3475,1.54890761973689
365,12.355,0.466897110479569
365,12.3625,-0.519990581473429
365,12.37,-1.54273729918945
365,12.3775,-2.52724726386397
365,12.385,2.80864798958092
365,12.3925,1.81209997866051
365,12.4,0.788241657419094
365,12.4075,-0.259520779249883
365,12.415,-1.27027188594601
365,12.4225,-2.29746640407937
365,12.43,2.9063426579951
365,12.4375,1.91369782321683
365,12.445,0.932808010058719
365,12.4525,-0.179328883114107
365,12.46,-1.15694679803166
365,12.4675,-2.020143823806
365,12.475,-3.09603357580756
365,12.4825,2.29187292129097
365,12.49,1.51491516820545
365,12.4975,0.472863760024145
365,12.505,-0.507107083151657
365,12.5125,-1.56024636563758
365,12.52,-2.80845021758976
365,12.5275,2.32947532223579
365,12.535,1.20638852966752
365,12.5425,-0.160156826285598
365,12.55,-1.33676644994863
365,12.5575,-2.33923550300684
365,12.565,2.4450872271624
365,12.5725,1.11214076501641
365,12.58,0.524260636279829
365,12.5875,-0.615948434998582
365,12.595,-1.67707969241076
365,12.6025,-2.78129244355857
365,12.61,2.32554784740722
365,12.6175,1.27542800563262
365,12.625,0.122348098179062
365,12.6325,-0.99487265146665
365,12.64,-2.02949371193395
365,12.6475,3.11513868931271
365,12.655,2.08106763216067
365,12.6625,1.13406483396698
365,12.67,0.119927790709405
365,12.6775,-0.790237810189966
365,12.685,-1.7394504484057
365,12.6925,-2.74509210511351
365,12.7,2.57285729032446
365,12.7075,1.53356735305318
365,12.715,0.486366622092503
365,12.7225,-0.508902922708474
365,12.73,-1.5550459094514
365,12.7375,-2.62701629426554
365,12.745,2.62021124430896
365,12.7525,1.62886412150228
365,12.76,0.644607153109554
365,12.7675,-0.314469425571468
365,12.775,-1.20715278440787
365,12.7825,-2.20184784913901
365,12.79,3.03485426444628
365,12.7975,2.02036081845279
365,12.805,0.951510362219952
365,12.8125,-0.150259365452489
365,12.82,-1.24501587540099
365,12.8275,-2.33605198040547
365,12.835,2.86426926705845
365,12.8425,1.73695695501539
365,12.85,0.677544575968763
365,12.8575,-0.340549635059603
365,12.865,-1.43060903813597
365,12.8725,-2.41874160302616
365,12.88,2.76511638953978
365,12.8875,1.46254267703842
365,12.895,0.134250761737993
365,12.9025,-0.984432711526752
365,12.91,-2.21251399096614
365,12.9175,2.72108097256363
365,12.925,1.56248776972371
365,12.9325,0.421355634459017
365,12.94,-0.793723913338457
365,12.9475,-1.72914558678757
365,12.955,-2.52698950146117
365,12.9625,2.90651946157443
365,12.97,2.229555401266
365,12.9775,1.31933138660431
365,12.985,0.29902282472315
365,12.9925,-0.69944392066302
365,13,-1.8075431511187
365,13.0075,-2.95019149416473
365,13.015,2.28986536147518
365,13.0225,1.18362570908622
365,13.03,0.0412065201678279
365,13.0375,-0.978319107351875
365,13.045,-2.00400951969935
365,13.0525,-3.00096988054503
365,13.06,2.38592806786567
365,13.0675,1.43243591861678
365,13.075,0.576273229346222
365,13.0825,-0.401037149878004
365,13.09,-1.4257883633558
365,13.0975,-2.37632790633138
365,13.105,2.79134314280576
365,13.1125,1.7516777399937
365,13.12,0.77845188148009
365,13.1275,-0.31332597493999
365,13.135,-0.962037133753755
365,13.1425,-1.86411580167055
365,13.15,-2.85140119949994
365,13.1575,2.62189191853681
365,13.165,1.39304476412135
365,13.1725,0.327467686536201
365,13.18,-0.507836073979413
365,13.1875,-1.85320624014078
365,13.195,3.03957802827007
365,13.2025,1.92851250542457
365,13.21,0.400795162153982
365,13.2175,-1.38557359446857
365,13.225,-2.92481930009177
365,13.2325,2.18178654543769
365,13.24,1.01970904813118
365,13.2475,-0.159421069435767
365,13.255,-1.24110619132976
365,13.2625,-2.33718134964585
365,13.27,2.89619488867645
365,13.2775,1.90360727227635
365,13.285,0.829924062015783
365,13.2925,-0.0331157847889469
365,13.3,-0.921955518716187
365,13.3075,-1.96486822911286
365,13.315,-2.78042429313623
365,13.3225,2.48584194900943
365,13.33,1.54515044366987
365,13.3375,0.798576442502392
365,13.345,-0.151525315412561
365,13.3525,-0.831442510467516
365,13.36,-1.74461793368407
365,13.3675,-2.74740060966088
365,13.375,2.63766287229801
365,13.3825,1.57116104973676
365,13.39,0.462398214432397
365,13.3975,-0.595602500341227
365,13.405,-1.68619638467355
365,13.4125,-2.75984750833909
365,13.42,2.52391475869052
365,13.4275,1.61407698376538
365,13.435,0.757646344098167
365,13.4425,-0.122778226578528
365,13.45,-0.914222101105845
365,13.4575,-1.81579321185832
365,13.465,-2.83076691901071
365,13.4725,2.45648293965711
365,13.48,1.43477339936994
365,13.4875,0.401093889366667
365,13.495,-0.612759582379179
365,13.5025,-1.58802225802197
365,13.51,-2.53599359006291
365,13.5175,2.80161847239087
365,13.525,1.77282714551682
365,13.5325,0.745459543895014
365,13.54,-0.332198832503485
365,13.5475,-1.46173496576711
365,13.555,-2.54120573300037
365,13.5625,2.56913649893368
365,13.57,1.45247044204599
365,13.5775,-0.0815186628029369
365,13.585,-2.148414465228
365,13.5925,2.63116632408016
365,13.6,1.64036687968027
365,13.6075,0.299002956162584
365,13.615,-0.970818792409153
365,13.6225,-1.89778776512397
365,13.63,-3.02846105785911
365,13.6375,2.11300953928781
365,13.645,1.19615605849914
365,13.6525,0.204856614996294
365,13.66,-0.75233404496048
365,13.6675,-1.53805328053873
365,13.675,-2.49768611328969
365,13.6825,2.78377756005523
365,13.69,1.79363036311786
365,13.6975,0.75461557460476
365,13.705,-0.191691541595825
365,13.7125,-1.07118773538709
365,13.72,-1.94185824844479
365,13.7275,-2.74272835548926
365,13.735,2.632280816606
365,13.7425,1.72561536802073
365,13.75,0.789457141295618
365,13.7575,-0.254082879880236
365,13.765,-1.25449071895707
365,13.7725,-2.31739501940486
365,13.78,2.88523656002316
365,13.7875,1.93176208141621
365,13.795,0.830468410472825
365,13.8025,-0.194171837679925
365,13.81,-0.97491661073567
365,13.8175,-2.08032487511942
365,13.825,-3.0501545454285
365,13.8325,2.39657017078777
365,13.84,1.27772009040206
365,13.8475,0.358361073090642
365,13.855,-0.609753886864961
365,13.8625,-1.69639287145162
365,13.87,-2.58689532496411
365,13.8775,2.61138454879049
365,13.885,1.74793969194809
365,13.8925,1.23136893299173
365,13.9,0.123809649894533
365,13.9075,-0.454111366858874
365,13.915,-1.38246324863212
365,13.9225,-2.6743048639384
365,13.93,2.70598940294299
365,13.9375,1.63926957388758
365,13.945,0.0565715487861987
365,13.9525,-2.23405033086546
365,13.96,2.20758805038486
365,13.9675,0.790615297609406
365,13.975,-0.411353907578835
365,13.9825,-1.56755778664006
365,13.99,-2.69733357250467
365,13.9975,2.46497460034675
365,14.005,1.40343193865493
365,14.0125,0.382216320296669
365,14.02,-0.731979068971479
365,14.0275,-1.72464294678854
365,14.035,-2.64843266173819
365,14.0425,2.58693803753879
365,14.05,1.70165908462124
365,14.0575,0.811329537341683
365,14.065,-0.223953079849796
365,14.0725,-1.1780114134284
365,14.08,-2.09524376428269
365,14.0875,-3.06643009000297
365,14.095,2.29260977410003
365,14.1025,1.44963127052822
365,14.11,0.528994277315871
365,14.1175,-0.368777824237907
365,14.125,-1.28283823849926
365,14.1325,-2.32918969736252
365,14.14,2.94674838955932
365,14.1475,1.93435782753248
365,14.155,0.859113724084745
365,14.1625,-0.155968331721556
365,14.17,-1.16830165808186
365,14.1775,-2.17845191737771
365,14.185,-3.08620207137288
365,14.1925,2.32144677287356
365,14.2,1.45293829510842
365,14.2075,0.563355670050305
365,14.215,-0.269457777326485
365,14.2225,-1.20031657582093
365,14.23,-2.25155500097137
365,14.2375,-3.13137853040253
365,14.245,2.18707986987436
365,14.2525,1.10409086069036
365,14.26,0.356157533697106
365,14.2675,-0.532244516025053
365,14.275,-1.54859337045019
365,14.2825,-2.18379994053459
365,14.29,3.11496123567379
365,14.2975,2.1130895663206
365,14.305,1.42555419848991
365,14.3125,0.415078838399946
365,14.32,-0.471091464794011
365,14.3275,-1.23370342319321
365,14.335,-2.10221241967008
365,14.3425,-2.62018308373868
365,14.35,2.8172199393443
365,14.3575,1.98640954615623
365,14.365,1.001254683809
365,14.3725,-0.0900539795763216
365,14.38,-1.05489809064492
365,14.3875,-2.12681708576946
365,14.395,3.13924289932373
365,14.4025,2.20164004965218
365,14.41,1.19287374714784
365,14.4175,0.319170322403427
365,14.425,-0.547816052513535
365,14.4325,-1.43842292890425
365,14.44,-2.38850162694905
365,14.4475,2.8715557290092
365,14.455,1.86548750348775
365,14.4625,0.977283247025422
365,14.47,0.143372645562635
365,14.4775,-0.594442149816957
365,14.485,-1.33463915018632
365,14.4925,-2.30829954298394
365,14.5,-3.05033990898425
365,14.5075,2.24495146633504
365,14.515,1.16137280602295
365,14.5225,0.243472711509743
365,14.53,-0.856650858276724
365,14.5375,-1.87516032745035
365,14.545,-2.74053588064133
365,14.5525,2.53046025535413
365,14.56,1.61643553352698
365,14.5675,0.6065863460584
365,14.575,-0.474526131804779
365,14.5825,-1.44468139426175
365,14.59,-2.46980840398411
365,14.5975,2.9278482636117
365,14.605,2.03530260793037
365,14.6125,1.13930594704939
365,14.62,0.466375107277269
365,14.6275,-0.470462210035109
365,14.635,-1.24615044038558
365,14.6425,-2.24104787050272
365,14.65,3.06246198021914
365,14.6575,2.16838489915167
365,14.665,1.13562819087286
365,14.6725,0.193652132781032
365,14.68,-0.888319679160118
365,14.6875,-1.79277565036675
365,14.695,-2.56566022414142
365,14.7025,-3.10715646790316
365,14.71,-3.03457368559852
365,14.7175,2.3204283780804
365,14.725,1.43945733906257
365,14.7325,0.452192005991204
365,14.74,-0.602136466803617
365,14.7475,-1.66396571372888
365,14.755,-2.66260184603792
365,14.7625,2.61381518678934
365,14.77,1.59954647612256
365,14.7775,0.732185439982996
365,14.785,-0.165389610767554
365,14.7925,-1.07327270841293
365,14.8,-1.98350993354036
365,14.8075,-2.9877910944598
365,14.815,2.2795634731633
365,14.8225,1.24510448515169
365,14.83,0.310402132305041
365,14.8375,-0.553710720461478
365,14.845,-1.35687261770497
365,14.8525,-2.17422651355252
365,14.86,-3.13764354898928
365,14.8675,2.21025470244413
365,14.875,1.25110686246554
365,14.8825,0.23106392242611
365,14.89,-0.753710561687993
365,14.8975,-1.75318690400122
365,14.905,-2.75957238865386
365,14.9125,2.59926138710611
365,14.92,1.71347598953451
365,14.9275,0.772079283229289
365,14.935,-0.0792016177676275
365,14.9425,-1.03262236858046
365,14.95,-1.98547189376907
365,14.9575,-2.78637045325835
365,14.965,2.45513072303705
365,14.9725,1.55035211576925
365,14.98,0.683471255493638
365,14.9875,-0.370380317456938
365,14.995,-0.909053925829662
365,15.0025,-1.74643415041122
365,15.01,-2.59692754358022
365,15.0175,2.95017719905685
365,15.025,1.86945896842036
365,15.0325,0.946805540955134
365,15.04,0.0194213047935239
365,15.0475,-1.02222832022522
365,15.055,-1.9814246676735
365,15.0625,-2.90362025996823
365,15.07,2.75033261401327
365,15.0775,2.10590784449062
365,15.085,1.3374495535364
365,15.0925,0.427570797923859
365,15.1,-0.596285010584518
365,15.1075,-1.51792191599529
365,15.115,-2.49477191007649
365,15.1225,2.7701381890529
365,15.13,1.85905756178866
365,15.1375,0.980776597908337
365,15.145,0.0260320781880073
365,15.1525,-0.800057107983641
365,15.16,-1.69976003648484
365,15.1675,-2.75363480620307
365,15.175,2.61387998312644
365,15.1825,1.62643725647124
365,15.19,0.568416708851956
365,15.1975,-0.35578285055566
365,15.205,-1.34804860798788
365,15.2125,-2.33251083599178
365,15.22,3.10781756359815
365,15.2275,2.31885756072785
365,15.235,1.48836176242009
365,15.2425,0.519669737195436
365,15.25,-0.348306228936741
365,15.2575,-1.28594421015209
365,15.265,-2.26399384143111
365,15.2725,-3.10625244453238
365,15.28,2.1639799858911
365,15.2875,1.16530036129536
365,15.295,0.233883491986829
365,15.3025,-0.701090415082452
365,15.31,-1.61671391977387
365,15.3175,-2.60970571107343
365,15.325,2.75580507690828
365,15.3325,1.76824664764419
365,15.34,0.738473181006605
365,15.3475,-0.223100690775991
365,15.355,-1.26081805299577
365,15.3625,-2.2153183188516
365,15.37,-3.07159106693097
365,15.3775,2.48698141121667
365,15.385,1.8609431706496
365,15.3925,0.928564804525235
365,15.4,0.00334010561132309
365,15.4075,-0.992540572372156
365,15.415,-2.06713664277669
365,15.4225,-3.06791753272418
365,15.43,2.17013326444334
365,15.4375,1.18655344832208
365,15.445,0.555742401739972
365,15.4525,0.163455388142573
365,15.46,-0.46601011889016
365,15.4675,-1.38075534546128
365,15.475,-2.40211885610637
365,15.4825,2.88151864014135
365,15.49,1.92236660503657
365,15.4975,0.90634520103651
365,15.505,-0.0648943618788567
365,15.5125,-0.94964942399478
365,15.52,-1.83877304334314
365,15.5275,-2.73691935338123
365,15.535,2.63449375300243
365,15.5425,1.68547855306612
365,15.55,0.666562926663835
365,15.5575,-0.344253784630615
365,15.565,-1.32840487640706
365,15.5725,-2.34521029545872
365,15.58,2.91349221587474
365,15.5875,1.94645427764278
365,15.595,0.976943199861347
365,15.6025,0.0723844206425357
365,15.61,-0.643661467847737
365,15.6175,-1.54844547033142
365,15.625,-2.39358915088445
365,15.6325,3.01778142597372
365,15.64,1.95790253074739
365,15.6475,0.974983091617416
365,15.655,0.00359702157595756
365,15.6625,-1.0206100167811
365,15.67,-1.97768016017433
365,15.6775,-2.947706836051
365,15.685,2.44764641195737
365,15.6925,1.55729388062817
365,15.7,0.562416526695854
365,15.7075,-0.268888681083321
365,15.715,-1.25590866589536
365,15.7225,-2.29621642320044
365,15.73,3.05728258654609
365,15.7375,2.07135941319238
365,15.745,1.23533961705048
365,15.7525,0.409473755482805
365,15.76,-0.450081076861673
365,15.7675,-1.23587551603818
365,15.775,-2.10280637269179
365,15.7825,-2.94073321489082
365,15.79,2.40141449430371
365,15.7975,1.42813927039977
365,15.805,0.419958759722236
365,15.8125,-0.554071721507996
365,15.82,-1.42841666008981
365,15.8275,-2.30284888813884
365,15.835,-3.10431558040206
365,15.8425,2.34562397000278
365,15.85,1.47215929712511
365,15.8575,0.500478934915429
365,15.865,-0.496169669853815
365,15.8725,-1.45242551072606
365,15.88,-2.47851823560701
365,15.8875,2.82650628716169
365,15.895,1.91336176825409
365,15.9025,0.931113873253629
365,15.91,0.0316787595617672
365,15.9175,-0.863984991396598
365,15.925,-1.83169413196614
365,15.9325,-2.81484332086096
365,15.94,2.44036910793782
365,15.9475,1.44408432043498
365,15.955,0.353453564184388
365,15.9625,-0.750039187139159
365,15.97,-1.64215231764729
365,15.9775,-2.5488422106892
365,15.985,-3.06936207299648
365,15.9925,2.78750870499822
365,16,1.9386454882714
375,4,-0.306200851497732
375,4.0075,-1.33701953030046
375,4.015,-2.31809612826172
375,4.0225,3.09975107320011
375,4.03,2.12034252783485
375,4.0375,1.23209681391198
375,4.045,0.323647532196733
375,4.0525,-0.672343266236752
375,4.06,-1.59853129861122
375,4.0675,-2.56200073807788
375,4.075,2.75711730548216
375,4.0825,1.82715250570659
375,4.09,0.876835945698524
375,4.0975,-0.0702046934135567
375,4.105,-0.985498586417798
375,4.1125,-1.92047090075123
375,4.12,-2.85186802282662
375,4.1275,2.49684674400014
375,4.135,1.47067032725532
375,4.1425,0.483107250880589
375,4.15,-0.514755033820926
375,4.1575,-1.52488221995222
375,4.165,-2.4380587829574
375,4.1725,2.80593995425151
375,4.18,1.8316381559996
375,4.1875,0.919385679539311
375,4.195,-0.126047806629098
375,4.2025,-1.06491671558933
375,4.21,-2.10296135741955
375,4.2175,3.08018731098743
375,4.225,2.09726142928341
375,4.2325,1.08227195393075
375,4.24,0.125652948598529
375,4.2475,-0.673928150786152
375,4.255,-1.5147956890097
375,4.2625,-2.33462493417577
375,4.27,3.11806698017528
375,4.2775,2.10899918149329
375,4.285,0.970225845636317
375,4.2925,-0.104501313952519
375,4.3,-1.17892034138238
375,4.3075,-2.47269435545625
375,4.315,2.65889628187791
375,4.3225,1.83919236993986
375,4.33,-0.461761352080107
375,4.3375,-2.75252649284266
375,4.345,2.28016242997258
375,4.3525,1.15780562352518
375,4.36,0.118579943900704
375,4.3675,-0.82289454674188
375,4.375,-1.84556463372235
375,4.3825,-2.77199945023342
375,4.39,2.49825669129004
375,4.3975,1.45767650707003
375,4.405,0.537488732977638
375,4.4125,-0.429808927408099
375,4.42,-1.41979342977406
375,4.4275,-2.39139999091477
375,4.435,2.8501465237764
375,4.4425,1.80483374623717
375,4.45,0.826490441079897
375,4.4575,-0.141264030963161
375,4.465,-1.07317007577549
375,4.4725,-1.91617181311237
375,4.48,-2.77317688767831
375,4.4875,2.62849369432469
375,4.495,1.6595261579845
375,4.5025,0.624226408430444
375,4.51,-0.411583582159682
375,4.5175,-1.4585409900062
375,4.525,-2.52287986570325
375,4.5325,2.77213122009037
375,4.54,1.81827710421006
375,4.5475,0.799631501011293
375,4.555,-0.137626957528402
375,4.5625,-1.08367907011721
375,4.57,-2.08873501728718
375,4.5775,-3.0643301256736
375,4.585,2.15662808806287
375,4.5925,1.12178867686716
375,4.6,0.293358442785434
375,4.6075,-0.433093400059822
375,4.615,-1.11109373517368
375,4.6225,-1.99531972736067
375,4.63,-3.05015830655813
375,4.6375,2.22046998075394
375,4.645,1.1502776329869
375,4.6525,0.0352486330310314
375,4.66,-1.1321813825341
375,4.6675,-2.45645850362353
375,4.675,2.47751455134163
375,4.6825,0.706007386625795
375,4.69,-1.33192949375232
375,4.6975,-2.80933576155694
375,4.705,2.40110190200405
375,4.7125,1.36646471565588
375,4.72,0.281556149489341
375,4.7275,-0.858017582735483
375,4.735,-1.88423810246962
375,4.7425,-2.90392044458937
375,4.75,2.31873763882748
375,4.7575,1.45058106154381
375,4.765,0.569435110053653
375,4.7725,-0.422279911571478
375,4.78,-1.39949005045679
375,4.7875,-2.34775235989204
375,4.795,2.89457625404535
375,4.8025,1.80596603757624
375,4.81,0.820562470559392
375,4.8175,-0.112446682935738
375,4.825,-1.03300836243526
375,4.8325,-1.84110602338041
375,4.84,-2.60057670880554
375,4.8475,2.77981527117773
375,4.855,1.78190639919436
375,4.8625,0.803360072078722
375,4.87,-0.302393166570742
375,4.8775,-1.38668605888945
375,4.885,-2.35927070346964
375,4.8925,2.90151249200064
375,4.9,2.03070608474004
375,4.9075,1.22147111954737
375,4.915,0.334807392844901
375,4.9225,-0.60145029989819
375,4.93,-1.65566564278347
375,4.9375,-2.6433033934811
375,4.945,2.5762156114233
375,4.9525,1.47268901587232
375,4.96,0.497671287804545
375,4.9675,-0.344383484007222
375,4.975,-1.02099023903539
375,4.9825,-1.82023851780122
375,4.99,-2.8421998568296
375,4.9975,2.34495938386212
375,5.005,1.21892108114714
375,5.0125,0.071741713501233
375,5.02,-1.03338473991368
375,5.0275,-2.12868570409203
375,5.035,2.9150000930374
375,5.0425,1.57121168391636
375,5.05,0.289563027367902
375,5.0575,-1.1416286354268
375,5.065,-2.96506336885192
375,5.0725,1.78248102339667
375,5.08,0.67131444884713
375,5.0875,-0.432995217458255
375,5.095,-1.5742530360306
375,5.1025,-2.58190128859429
375,5.11,2.70545046101757
375,5.1175,1.88785877261646
375,5.125,1.06767588240244
375,5.1325,0.139600001747629
375,5.14,-0.806650946514
375,5.1475,-1.83679134613158
375,5.155,-2.87622187347058
375,5.1625,2.35302160340359
375,5.17,1.30947640911125
375,5.1775,0.265684921438605
375,5.185,-0.74256504867082
375,5.1925,-1.51931482962754
375,5.2,-2.35157980031875
375,5.2075,3.00045953307483
375,5.215,2.05916698604136
375,5.2225,1.04676017389532
375,5.23,-0.00732602832619535
375,5.2375,-0.958716754200755
375,5.245,-1.88045377031947
375,5.2525,-2.73437237735103
375,5.26,2.67168059618357
375,5.2675,1.66861395289334
375,5.275,0.799393809333328
375,5.2825,-0.0812005676925079
375,5.29,-1.08532430841951
375,5.2975,-2.13558081493989
375,5.305,3.04069535987747
375,5.3125,1.97864850202236
375,5.32,0.981754155764252
375,5.3275,-0.097814467229608
375,5.335,-1.14138489492055
375,5.3425,-2.10029384386029
375,5.35,3.08944970477579
375,5.3575,2.05154114384344
375,5.365,1.17423182489887
375,5.3725,0.16113134447428
375,5.38,-0.842275581447681
375,5.3875,-1.90043714879479
375,5.395,-3.04357927546578
375,5.4025,1.93563302489623
375,5.41,0.552055651254554
375,5.4175,-0.799711446001893
375,5.425,-2.36940355310665
375,5.4325,2.31561456278818
375,5.44,1.01674745547784
375,5.4475,-0.2023417858973
375,5.455,-1.60802512049459
375,5.4625,-2.84978585738991
375,5.47,-2.18939844242617
375,5.4775,-3.02560163690163
375,5.485,2.28490093482556
375,5.4925,1.15647939865266
375,5.5,-0.0718309735660638
375,5.5075,-1.18196882923546
375,5.515,-2.21099245486346
375,5.5225,2.98637471448046
375,5.53,1.94391273080306
375,5.5375,0.960160285674227
375,5.545,-0.103704747113676
375,5.5525,-1.02677196795138
375,5.56,-1.93860924508963
375,5.5675,-2.8961798946739
375,5.575,2.5363883602979
375,5.5825,1.50550908849729
375,5.59,0.494464157079261
375,5.5975,-0.459593293272105
375,5.605,-1.43092485751048
375,5.6125,-2.3660198690714
375,5.62,2.95425727759484
375,5.6275,2.0182149172154
375,5.635,1.09898722766359
375,5.6425,0.158110431306216
375,5.65,-0.832580161699547
375,5.6575,-1.85959258945125
375,5.665,-2.90186855418107
375,5.6725,2.33652607276323
375,5.68,1.22995469472499
375,5.6875,0.097009655901156
375,5.695,-0.984655950577623
375,5.7025,-2.08988231676771
375,5.71,3.06211561441183
375,5.7175,2.02440357923949
375,5.725,1.23693465616281
375,5.7325,0.648104191457391
375,5.74,0.139437075446393
375,5.7475,-0.83690785888615
375,5.755,-1.99596526828901
375,5.7625,-2.96581604429577
375,5.77,2.4406381333761
375,5.7775,1.7064156618154
375,5.785,1.28380510534509
375,5.7925,0.413466515269392
375,5.8,-0.678515596445249
375,5.8075,-1.59905570025672
375,5.815,-2.64527638392951
375,5.8225,2.49414193172643
375,5.83,1.67931726433315
375,5.8375,0.402206393171115
375,5.845,-2.2265575511864
375,5.8525,1.13562683876466
375,5.86,-0.202482106972518
375,5.8675,-1.20867321704621
375,5.875,-2.26256109358109
375,5.8825,2.76492323933026
375,5.89,1.668640612393
375,5.8975,0.88019430765222
375,5.905,-0.188640445646901
375,5.9125,-1.14861387446483
375,5.92,-1.85223568869686
375,5.9275,-2.67904104096679
375,5.935,2.73929703793899
375,5.9425,1.80897850643763
375,5.95,0.787317759052539
375,5.9575,-0.298929682284098
375,5.965,-1.38212357382879
375,5.9725,-2.4162130293685
375,5.98,2.91698180333853
375,5.9875,2.10752937376504
375,5.995,1.21297906386109
375,6.0025,0.384516688574494
375,6.01,-0.471751482049035
375,6.0175,-1.45961912868621
375,6.025,-2.27016735787687
375,6.0325,3.0066685280995
375,6.04,1.84418866036654
375,6.0475,0.793133196839591
375,6.055,-0.198502386182362
375,6.0625,-1.25656897149696
375,6.07,-2.21282271791234
375,6.0775,-3.06038462794196
375,6.085,2.26583072860337
375,6.0925,1.33944737624915
375,6.1,0.459751799597434
375,6.1075,-0.48241020743846
375,6.115,-1.54059735816263
375,6.1225,-2.61780048387865
375,6.13,2.67827523145282
375,6.1375,1.57935696770168
375,6.145,0.482126399473753
375,6.1525,-0.388000958733472
375,6.16,-1.40324107977105
375,6.1675,-1.8236863000741
375,6.175,-2.53572797468634
375,6.1825,2.55617413806227
375,6.19,1.69690752755297
375,6.1975,0.440277761866493
375,6.205,-1.33047503880751
375,6.2125,-3.09269687655564
375,6.22,1.75563106400319
375,6.2275,0.289923822338976
375,6.235,-1.17886298974609
375,6.2425,-2.43556695477972
375,6.25,2.79443605984682
375,6.2575,1.59010088109598
375,6.265,0.428311711851346
375,6.2725,-0.514914767210155
375,6.28,-1.44851931789112
375,6.2875,-2.27974547197529
375,6.295,3.04305270658432
375,6.3025,2.08057867497376
375,6.31,1.13651328888544
375,6.3175,0.083619975692097
375,6.325,-0.967221481399303
375,6.3325,-2.04858208527143
375,6.34,-3.03895004079276
375,6.3475,2.33134816260804
375,6.355,1.39464122599372
375,6.3625,0.523484348063432
375,6.37,-0.34775379594535
375,6.3775,-1.25504605770075
375,6.385,-2.23334021474677
375,6.3925,3.06045998604287
375,6.4,2.04956399604876
375,6.4075,0.993092145948864
375,6.415,-0.0350648805518069
375,6.4225,-1.0744442452717
375,6.43,-2.10776145077333
375,6.4375,-3.0429533107634
375,6.445,2.31726729783551
375,6.4525,1.44720296349339
375,6.46,0.514270032256272
375,6.4675,-0.440006883579006
375,6.475,-1.37772374132604
375,6.4825,-2.32410150211148
375,6.49,3.00024320935685
375,6.4975,1.74359672210844
375,6.505,0.559873638967748
375,6.5125,-0.056267095390074
375,6.52,-1.03202766551262
375,6.5275,-0.76575487850689
375,6.535,-1.77646366271772
375,6.5425,-2.79737349110276
375,6.55,2.78930785224817
375,6.5575,2.06998942663851
375,6.565,1.41230448277775
375,6.5725,0.627786574933238
375,6.58,0.163017944613598
375,6.5875,-0.236064321370802
375,6.595,-1.46446331667899
375,6.6025,-2.59003108097445
375,6.61,2.78552885528508
375,6.6175,1.64279284301082
375,6.625,0.448505198316796
375,6.6325,-0.438731478824537
375,6.64,-1.41425919506753
375,6.6475,-2.59358050600777
375,6.655,2.73523589634479
375,6.6625,1.80547474943812
375,6.67,0.783386270326402
375,6.6775,-0.144461341756145
375,6.685,-1.11520531973378
375,6.6925,-2.16842872683663
375,6.7,3.04766846637732
375,6.7075,2.0795330356159
375,6.715,0.979368944935867
375,6.7225,0.152727921803707
375,6.73,-0.308142431937428
375,6.7375,-1.22264705637359
375,6.745,-1.63258639930861
375,6.7525,-2.58143668025508
375,6.76,2.64467590587454
375,6.7675,1.60771933429027
375,6.775,0.574690186640175
375,6.7825,-0.488486514300665
375,6.79,-1.55725596121723
375,6.7975,-2.41323019519645
375,6.805,3.01886499786498
375,6.8125,2.0340166130306
375,6.82,1.12133701631998
375,6.8275,0.179707470689287
375,6.835,-0.798504768018838
375,6.8425,-1.69012785494465
375,6.85,-2.66139324561835
375,6.8575,2.63209780390295
375,6.865,1.63234207583952
375,6.8725,0.731603498991505
375,6.88,0.0463482442743472
375,6.8875,-0.88457859190264
375,6.895,-1.94482823009784
375,6.9025,-2.90538858775609
375,6.91,2.49492401081767
375,6.9175,1.47962252902202
375,6.925,0.65499900872458
375,6.9325,-0.037831153302908
375,6.94,-1.11893312858337
375,6.9475,-2.0781727559097
375,6.955,-2.92081449332271
375,6.9625,2.42319681050272
375,6.97,1.62001678079144
375,6.9775,0.798826153939266
375,6.985,-0.188862451524072
375,6.9925,-1.16896705953059
375,7,-1.97240538700913
375,7.0075,-2.95180118057304
375,7.015,2.31368725621982
375,7.0225,1.64787093013542
375,7.03,1.1974979706852
375,7.0375,0.569179132552893
375,7.045,-0.338538921626531
375,7.0525,-1.42710210951406
375,7.06,-2.53009002070449
375,7.0675,2.80942476632402
375,7.075,1.86836250621028
375,7.0825,0.975997229220762
375,7.09,0.13094566635586
375,7.0975,-0.837945908826705
375,7.105,-1.75484233489373
375,7.1125,-2.62285563409293
375,7.12,2.75370031805811
375,7.1275,1.82424255082747
375,7.135,0.798134173688592
375,7.1425,-0.253188921786465
375,7.15,-1.22103155993965
375,7.1575,-2.12861781612754
375,7.165,-3.08575257222396
375,7.1725,2.22784106940538
375,7.18,1.24804613117769
375,7.1875,0.177112557821054
375,7.195,-0.839740646405345
375,7.2025,-1.77653961257839
375,7.21,-2.8033216279756
375,7.2175,2.4579686872963
375,7.225,1.48594178744023
375,7.2325,0.480069662448574
375,7.24,-0.495916192611169
375,7.2475,-1.3824770182978
375,7.255,-2.23462949167091
375,7.2625,-3.12593723166159
375,7.27,2.35896532353863
375,7.2775,1.51844468003876
375,7.285,0.668854153378483
375,7.2925,0.104775462203819
375,7.3,-0.908161900052139
375,7.3075,-1.88897097746738
375,7.315,-2.67844886061893
375,7.3225,2.55084255704725
375,7.33,1.54554999189286
375,7.3375,0.672942633549858
375,7.345,-0.393159673155674
375,7.3525,-1.40947254469348
375,7.36,-2.17330189217156
375,7.3675,3.11356151143209
375,7.375,2.40410147094642
375,7.3825,1.93215838942588
375,7.39,0.814581750555576
375,7.3975,0.115077302164232
375,7.405,-0.780052919810369
375,7.4125,-1.96603032946464
375,7.42,-2.90486113896514
375,7.4275,2.38434935003979
375,7.435,1.19194542353149
375,7.4425,0.270100607416714
375,7.45,-0.531750941294811
375,7.4575,-1.47591740793964
375,7.465,-2.19002078105239
375,7.4725,-3.0709127290274
375,7.48,2.41792080094787
375,7.4875,1.58812722994993
375,7.495,0.667746904571226
375,7.5025,-0.234976349370889
375,7.51,-1.18788468726748
375,7.5175,-2.14661530896265
375,7.525,-3.08363111485656
375,7.5325,2.29419100504666
375,7.54,1.29915211687873
375,7.5475,0.274306081923952
375,7.555,-0.646267682317321
375,7.5625,-1.62177753211437
375,7.57,-2.62500395032131
375,7.5775,2.73469585980529
375,7.585,1.77076656900701
375,7.5925,0.728589714311396
375,7.6,-0.264902544840907
375,7.6075,-1.09772898826862
375,7.615,-2.0251619040337
375,7.6225,-2.93207181144038
375,7.63,2.61233043666619
375,7.6375,1.69464677232593
375,7.645,0.801713529778232
375,7.6525,-0.123782249303086
375,7.66,-1.09353030857967
375,7.6675,-2.05113345651486
375,7.675,-3.07016028030314
375,7.6825,2.30895694364226
375,7.69,1.34630512946977
375,7.6975,0.340858108417502
375,7.705,-0.590551780961265
375,7.7125,-1.62427006127616
375,7.72,-2.70750388410709
375,7.7275,2.52007653651504
375,7.735,1.49280818341528
375,7.7425,0.510879309522908
375,7.75,-0.360142002888198
375,7.7575,-0.820824648408613
375,7.765,-1.31655419881782
375,7.7725,-2.26557206307569
375,7.78,3.10965699143277
375,7.7875,2.09709323296008
375,7.795,0.993009068419852
375,7.8025,0.0112074577551309
375,7.81,-0.87653537910742
375,7.8175,-1.89268562424688
375,7.825,-2.35223525269908
375,7.8325,-2.37178979994063
375,7.84,2.84968166146027
375,7.8475,2.30357982399651
375,7.855,1.24948860915586
375,7.8625,0.0605450534671844
375,7.87,-0.831476005216344
375,7.8775,-1.79958627299184
375,7.885,-2.91804974106084
375,7.8925,2.48955648421271
375,7.9,1.61860653536436
375,7.9075,0.582021319608712
375,7.915,-0.302640881503207
375,7.9225,-1.27040528055255
375,7.93,-2.29751738393405
375,7.9375,2.97261357189232
375,7.945,1.92520449112713
375,7.9525,0.929307794903464
375,7.96,-0.12432011822799
375,7.9675,-1.12193633261772
375,7.975,-2.06320882902078
375,7.9825,-3.08381755605763
375,7.99,2.34571339966091
375,7.9975,1.39823856450364
375,8.005,0.47313176972035
375,8.0125,-0.337608476683135
375,8.02,-1.37558211534295
375,8.0275,-2.30891183345316
375,8.035,3.08005263420568
375,8.0425,2.06558262813417
375,8.05,1.20661594429321
375,8.0575,0.341556909319283
375,8.065,-0.641025415787491
375,8.0725,-1.49657277441357
375,8.08,-2.4205403541431
375,8.0875,2.81957178855029
375,8.095,1.90611058657755
375,8.1025,0.979947378088021
375,8.11,-0.0910413827381061
375,8.1175,-0.859279506471865
375,8.125,-1.6276142601982
375,8.1325,-2.66987764534577
375,8.14,3.04975074820385
375,8.1475,2.15789891596724
375,8.155,1.11682596307767
375,8.1625,0.348288104191331
375,8.17,-0.542954813373975
375,8.1775,-1.60337836355952
375,8.185,-2.48164897533123
375,8.1925,-3.12081551136012
375,8.2,2.17863478200567
375,8.2075,1.49804066355363
375,8.215,0.682334307462301
375,8.2225,-0.378703396828846
375,8.23,-1.19506250546869
375,8.2375,-2.14480897202026
375,8.245,-3.11703390297586
375,8.2525,2.37796050921313
375,8.26,1.49336096737996
375,8.2675,0.627572080993009
375,8.275,-0.269217840825913
375,8.2825,-1.24834917565535
375,8.29,-2.25333127806731
375,8.2975,3.00718828183938
375,8.305,1.98136990137573
375,8.3125,0.918111501255665
375,8.32,-0.112576879062028
375,8.3275,-1.11272159864609
375,8.335,-2.1461839163095
375,8.3425,-3.12085827892032
375,8.35,2.26064951061865
375,8.3575,1.34708373805104
375,8.365,0.424677279108348
375,8.3725,-0.422072318271475
375,8.38,-1.32776731326157
375,8.3875,-2.25248992533399
375,8.395,-3.12679212677056
375,8.4025,2.22475093855596
375,8.41,1.30100698267722
375,8.4175,0.450070370008135
375,8.425,-0.441050160030322
375,8.4325,-1.42809704257019
375,8.44,-2.36966333225802
375,8.4475,2.93154495397374
375,8.455,1.86988826961862
375,8.4625,0.870754030991638
375,8.47,-0.109260132567604
375,8.4775,-1.17428902070622
375,8.485,-2.13666240058417
375,8.4925,-3.01872146835986
375,8.5,2.30707422216696
375,8.5075,1.57277159661209
375,8.515,0.753269842099637
375,8.5225,-0.127277731241287
375,8.53,-1.00887330142874
375,8.5375,-1.91660651073899
375,8.545,-2.89994248421597
375,8.5525,2.37212115343916
375,8.56,1.44189122733066
375,8.5675,0.481524888149296
375,8.575,-0.0594239575191313
375,8.5825,-0.90835668220501
375,8.59,-1.32978240196215
375,8.5975,-2.13484528294811
375,8.605,3.04674615088172
375,8.6125,2.47353703826385
375,8.62,1.38566868659368
375,8.6275,0.352030396067787
375,8.635,-0.403977004564131
375,8.6425,-1.42675467066071
375,8.65,-2.42951403320799
375,8.6575,2.91257486818527
375,8.665,1.91795779257792
375,8.6725,0.858373243931427
375,8.68,-0.118716207109557
375,8.6875,-1.04373643170613
375,8.695,-2.09494143388671
375,8.7025,-2.99610938124851
375,8.71,2.41114076795615
375,8.7175,1.37933067834284
375,8.725,0.546347625713148
375,8.7325,-0.363389799410749
375,8.74,-1.33432904145195
375,8.7475,-2.16871211537384
375,8.755,-3.1045955093754
375,8.7625,2.17973669572134
375,8.77,1.229142716051
375,8.7775,0.39387107372975
375,8.785,-0.589524590838303
375,8.7925,-1.53878931619116
375,8.8,-2.34067578782577
375,8.8075,2.94026880409371
375,8.815,1.98008397331987
375,8.8225,1.04415129042548
375,8.83,0.0557811712952668
375,8.8375,-0.943055208444544
375,8.845,-2.01921791873969
375,8.8525,-2.92601628296425
375,8.86,2.44718015277628
375,8.8675,1.42365305687359
375,8.875,0.729095032931518
375,8.8825,-0.095164625851795
375,8.89,-1.0393497462269
375,8.8975,-1.90796490428378
375,8.905,-2.81839726658767
375,8.9125,2.499668759071
375,8.92,1.49403424925978
375,8.9275,0.694501374069638
375,8.935,-0.0247046067797663
375,8.9425,-0.894192908260863
375,8.95,-1.59241715409256
375,8.9575,-2.35470899020521
375,8.965,2.97814035058164
375,8.9725,2.06580176165532
375,8.98,1.15325133232326
375,8.9875,0.172274597742214
375,8.995,-0.83149971834295
375,9.0025,-1.6900727288931
375,9.01,-2.56897115485692
375,9.0175,2.74684696670261
375,9.025,1.92561541349866
375,9.0325,0.999892435013368
375,9.04,0.0439801466714005
375,9.0475,-0.87567910869998
375,9.055,-1.88678290126196
375,9.0625,-2.82900951240331
375,9.07,2.49198634896132
375,9.0775,1.47653882712758
375,9.085,0.510386735986993
375,9.0925,-0.463378472334773
375,9.1,-1.47242542905589
375,9.1075,-2.40351696975639
375,9.115,3.00378116189841
375,9.1225,2.06032091048091
375,9.13,1.20340409300565
375,9.1375,0.348989321511902
375,9.145,-0.551723696280663
375,9.1525,-1.38970437391508
375,9.16,-2.25908102425617
375,9.1675,3.08693351662547
375,9.175,2.18249173757707
375,9.1825,1.20398100226967
375,9.19,0.207495524879397
375,9.1975,-0.698818643149113
375,9.205,-1.69837949396016
375,9.2125,-2.68202244672484
375,9.22,2.66354259366564
375,9.2275,1.6992935553801
375,9.235,0.784403739614298
375,9.2425,-0.183049627177485
375,9.25,-1.05913247244947
375,9.2575,-2.02622103614828
375,9.265,-3.04643361485839
375,9.2725,2.44332031665004
375,9.28,1.43716697573137
375,9.2875,0.445475218096372
375,9.295,-0.375007072204041
375,9.3025,-1.40003554706431
375,9.31,-2.23219580132614
375,9.3175,-2.95387697222946
375,9.325,2.49202860418194
375,9.3325,1.63840135832837
375,9.34,0.654302338873216
375,9.3475,-0.279227505910027
375,9.355,-1.27413411893896
375,9.3625,-2.19685255274412
375,9.37,-3.06325524812615
375,9.3775,2.25237084064925
375,9.385,1.45003517251155
375,9.3925,0.565025642398675
375,9.4,-0.280699637505453
375,9.4075,-1.17025834097455
375,9.415,-2.15346531405044
375,9.4225,-3.05083678674058
375,9.43,2.26008278547073
375,9.4375,1.32905764852817
375,9.445,0.479459926181621
375,9.4525,-0.438796015348689
375,9.46,-1.33747832031438
375,9.4675,-2.18939305015173
375,9.475,-3.08051375873471
375,9.4825,2.24970578972402
375,9.49,1.44093386327623
375,9.4975,0.542550986568466
375,9.505,-0.469369312298377
375,9.5125,-1.24383128626078
375,9.52,-2.18025196051951
375,9.5275,-3.10230874576612
375,9.535,2.32366286125195
375,9.5425,1.32952921446733
375,9.55,0.388773497023315
375,9.5575,-0.603815333036123
375,9.565,-1.56662964157262
375,9.5725,-2.56220019552377
375,9.58,2.6676112089001
375,9.5875,1.70613993431651
375,9.595,0.677063201406996
375,9.6025,-0.332535495045288
375,9.61,-1.24415492014713
375,9.6175,-2.22569082124011
375,9.625,3.08427134955631
375,9.6325,2.12980805966504
375,9.64,1.12408264627623
375,9.6475,0.105084119003485
375,9.655,-0.853967656190496
375,9.6625,-1.77368294740772
375,9.67,-2.73380732006261
375,9.6775,2.66407953124238
375,9.685,1.89317997657546
375,9.6925,0.998449355216906
375,9.7,0.178651142074993
375,9.7075,-0.603259784615755
375,9.715,-1.64046737011728
375,9.7225,-2.53660400917187
375,9.73,2.88805911508636
375,9.7375,1.85832752824519
375,9.745,1.01133041515158
375,9.7525,0.16286418915814
375,9.76,-0.682992820894123
375,9.7675,-1.26505143570762
375,9.775,-2.08194362124213
375,9.7825,-2.79804989758177
375,9.79,2.59911802813917
375,9.7975,1.5351438153865
375,9.805,0.727098316231404
375,9.8125,-0.131421259984458
375,9.82,-1.15254647706603
375,9.8275,-2.03071753336844
375,9.835,-2.9470634600308
375,9.8425,2.30139036229801
375,9.85,1.37985857012002
375,9.8575,0.452314653772035
375,9.865,-0.512013053287617
375,9.8725,-1.47751982046977
375,9.88,-2.41740349104423
375,9.8875,3.00221328310499
375,9.895,2.07192461279769
375,9.9025,1.1484367205682
375,9.91,0.272660420728233
375,9.9175,-0.679824315749023
375,9.925,-1.65048224397083
375,9.9325,-2.60831493621234
375,9.94,2.70431310128974
375,9.9475,1.7036104766439
375,9.955,0.696813820086078
375,9.9625,-0.208665086394347
375,9.97,-1.13250892969194
375,9.9775,-2.1744782018333
375,9.985,-3.06944545206858
375,9.9925,2.2887874135604
375,10,1.22349932482248
375,10.0075,0.310870305268959
375,10.015,-0.675803322165355
375,10.0225,-1.69421598550105
375,10.03,-2.69773193376264
375,10.0375,2.58566826848479
375,10.045,1.7408259962205
375,10.0525,0.73029605602769
375,10.06,-0.0604206754425054
375,10.0675,-0.842861284806388
375,10.075,-1.7969179062602
375,10.0825,-2.55067045093372
375,10.09,2.7343370637378
375,10.0975,1.76171684334878
375,10.105,0.82123295556764
375,10.1125,-0.15201305401341
375,10.12,-1.07003209430542
375,10.1275,-1.96138415864427
375,10.135,-2.77479873403424
375,10.1425,2.59961633195243
375,10.15,1.81263545364942
375,10.1575,0.992045919265777
375,10.165,-0.041357090584702
375,10.1725,-0.940492379866832
375,10.18,-1.80153283011584
375,10.1875,-2.69619924595357
375,10.195,2.88525015962081
375,10.2025,2.19180010920401
375,10.21,1.25107871042771
375,10.2175,0.267312472845285
375,10.225,-0.615880757263449
375,10.2325,-1.58753153348009
375,10.24,-2.5420962150108
375,10.2475,2.93999249852182
375,10.255,2.12766996921231
375,10.2625,1.32730936603879
375,10.27,0.565940745415229
375,10.2775,-0.257482040137736
375,10.285,-1.23847105056686
375,10.2925,-2.23513530789512
375,10.3,3.05137482576332
375,10.3075,2.00068349620934
375,10.315,0.978378017073253
375,10.3225,-0.0338792804359257
375,10.33,-1.06358909983586
375,10.3375,-2.03690027537647
375,10.345,-3.02453232593731
375,10.3525,2.25460540066989
375,10.36,1.30076801640419
375,10.3675,0.290123035045907
375,10.375,-0.7364412686705
375,10.3825,-1.73893912941519
375,10.39,-2.76611343313557
375,10.3975,2.50704833994251
375,10.405,1.49787031742073
375,10.4125,0.486512790723624
375,10.42,-0.444221656157692
375,10.4275,-1.37459189224274
375,10.435,-2.37112044895107
375,10.4425,3.07663219166881
375,10.45,2.16780586538486
375,10.4575,1.14121506045997
375,10.465,0.309266472244432
375,10.4725,-0.676518433712521
375,10.48,-1.74158289181434
375,10.4875,-2.71516148799504
375,10.495,2.60074680044172
375,10.5025,1.64874088467535
375,10.51,0.718057082112008
375,10.5175,0.127392234710573
375,10.525,-0.745014180201351
375,10.5325,-1.26805985037385
375,10.54,-1.88192774818421
375,10.5475,-2.91807137275239
375,10.555,-2.92268034756798
375,10.5625,2.20053178802201
375,10.57,1.61613749558631
375,10.5775,0.980017553306558
375,10.585,-0.21610315526215
375,10.5925,-1.07075401961329
375,10.6,-1.95848364007321
375,10.6075,-3.00720818565603
375,10.615,2.35929662911936
375,10.6225,1.49450401891689
375,10.63,0.529503376484716
375,10.6375,-0.47268731703127
375,10.645,-1.34898352278464
375,10.6525,-2.29476497590174
375,10.66,2.96606773183692
375,10.6675,1.98293898954029
375,10.675,0.949788616652617
375,10.6825,-0.100401500108023
375,10.69,-1.1312637749334
375,10.6975,-2.12615702954157
375,10.705,-3.0942006699222
375,10.7125,2.18705115027654
375,10.72,1.22534439095292
375,10.7275,0.24965368781532
375,10.735,-0.761319276686458
375,10.7425,-1.73564068336576
375,10.75,-2.76331168416645
375,10.7575,2.48738044018674
375,10.765,1.46175159981968
375,10.7725,0.478820294074952
375,10.78,-0.428735945497822
375,10.7875,-1.33279054898236
375,10.795,-2.10376993978378
375,10.8025,-2.973353654258
375,10.81,2.44389480932817
375,10.8175,1.61984604620833
375,10.825,0.662304982934277
375,10.8325,-0.304871983462195
375,10.84,-1.31320645865045
375,10.8475,-2.31250832639534
375,10.855,2.97811041496271
375,10.8625,1.99365950887193
375,10.87,1.15856592948443
375,10.8775,0.244458562589767
375,10.885,-0.725503453279648
375,10.8925,-1.591091778306
375,10.9,-2.54830936502369
375,10.9075,2.70775138039393
375,10.915,1.73599720543721
375,10.9225,0.831628043701889
375,10.93,-0.146926693600487
375,10.9375,-0.892516701353948
375,10.945,-0.709106102623637
375,10.9525,-1.4789834705259
375,10.96,-2.26576055492162
375,10.9675,3.0710160416331
375,10.975,2.10931785692295
375,10.9825,1.14098712876281
375,10.99,0.232471097008423
375,10.9975,-0.625722936855232
375,11.005,-1.48635901293291
375,11.0125,-2.35541549274846
375,11.02,2.97012201128693
375,11.0275,2.03510801248869
375,11.035,1.04417743224362
375,11.0425,0.0105804999239588
375,11.05,-0.930324143934312
375,11.0575,-1.95168775804599
375,11.065,-3.00048834676937
375,11.0725,2.38452821450577
375,11.08,1.43963815198903
375,11.0875,0.449741381427077
375,11.095,-0.405997825334491
375,11.1025,-1.36308840310767
375,11.11,-2.3927580317768
375,11.1175,2.93553989868145
375,11.125,1.95776261249743
375,11.1325,0.931953333312349
375,11.14,-0.0664342946707892
375,11.1475,-1.03493578914722
375,11.155,-2.01969900027289
375,11.1625,-2.96418350085919
375,11.17,2.44531624110744
375,11.1775,1.51623848140434
375,11.185,0.559443789677175
375,11.1925,-0.382940778409447
375,11.2,-1.3568699185865
375,11.2075,-2.37324410440131
375,11.215,2.90956700783937
375,11.2225,1.88051802724726
375,11.23,0.841099238506215
375,11.2375,-0.108282938456712
375,11.245,-1.1065858249609
375,11.2525,-2.05997987908728
375,11.26,-2.98202658679564
375,11.2675,2.24060195085358
375,11.275,1.3096619743435
375,11.2825,0.318826403584478
375,11.29,-0.856810367617323
375,11.2975,-1.94391213432455
375,11.305,-3.00612314745351
375,11.3125,1.56749617267563
375,11.32,-0.80793800945033
375,11.3275,-2.52332951610368
375,11.335,2.69320198916975
375,11.3425,1.6944635850464
375,11.35,0.422949727419417
375,11.3575,-0.538963048235193
375,11.365,-1.29331037504504
375,11.3725,-2.32627976982705
375,11.38,-3.1393460082456
375,11.3875,2.26436427911176
375,11.395,1.31024466037817
375,11.4025,0.397266673219089
375,11.41,-0.618343536488753
375,11.4175,-1.64973003989436
375,11.425,-2.68165253526542
375,11.4325,2.59596725713132
375,11.44,1.60761126745183
375,11.4475,0.626189826001538
375,11.455,-0.313316244562825
375,11.4625,-1.29837857629518
375,11.47,-2.29757459205157
375,11.4775,3.03477486461774
375,11.485,2.02404975216359
375,11.4925,1.00085639455955
375,11.5,0.0140927044616234
375,11.5075,-0.981827675494022
375,11.515,-1.9919006926604
375,11.5225,-3.00905523703245
375,11.53,2.35271153743265
375,11.5375,1.40756788581442
375,11.545,0.388261345854821
375,11.5525,-0.484196981349351
375,11.56,-1.43586855517766
375,11.5675,-2.43727963835624
375,11.575,2.92106744738235
375,11.5825,1.92157862215122
375,11.59,0.920236887236016
375,11.5975,-0.0260003250590805
375,11.605,-0.979685379759132
375,11.6125,-1.93929031919454
375,11.62,-2.74343751469047
375,11.6275,2.65282545993084
375,11.635,1.7744314606551
375,11.6425,0.902185655174834
375,11.65,-0.169375982542793
375,11.6575,-1.10440453486285
375,11.665,-1.85303847377353
375,11.6725,-2.65686525499634
375,11.68,2.71193983605917
375,11.6875,2.32982707303074
375,11.695,1.51691318502382
375,11.7025,0.837560968991774
375,11.71,0.160230377736507
375,11.7175,-1.08520166824928
375,11.725,-1.77685562647308
375,11.7325,-2.41948061471287
375,11.74,3.07503239425909
375,11.7475,2.52766211267374
375,11.755,1.47818205833175
375,11.7625,0.420161125959597
375,11.77,-0.549691857843417
375,11.7775,-1.59354974494263
375,11.785,-2.61693021164769
375,11.7925,2.72207117282916
375,11.8,1.67848094522283
375,11.8075,0.69237888250013
375,11.815,-0.135998962178184
375,11.8225,-1.16438874429225
375,11.83,-2.15512785957955
375,11.8375,-3.02705918262019
375,11.845,2.1900166065351
375,11.8525,1.1836418123602
375,11.86,0.31420946435379
375,11.8675,-0.717489220910391
375,11.875,-1.75683430132806
375,11.8825,-2.70314756369192
375,11.89,2.60488210331942
375,11.8975,1.58267774714482
375,11.905,0.652784179571914
375,11.9125,-0.239943840593916
375,11.92,-1.26431128627709
375,11.9275,-2.27491224525525
375,11.935,3.07196691753579
375,11.9425,2.09242285936557
375,11.95,1.09771076035887
375,11.9575,0.106047648650987
375,11.965,-0.917062450480011
375,11.9725,-1.96682407666705
375,11.98,-2.96367514185935
375,11.9875,2.38160190591144
375,11.995,1.45244272364889
375,12.0025,0.53488697349964
375,12.01,-0.453011714309988
375,12.0175,-1.45936738589512
375,12.025,-2.48654776576392
375,12.0325,2.68250937692185
375,12.04,1.64509124401473
375,12.0475,0.595897099594363
375,12.055,-0.549720310545058
375,12.0625,-1.53367279524546
375,12.07,-2.59747180877144
375,12.0775,2.5320932373217
375,12.085,1.52662563312213
375,12.0925,0.378030825167991
375,12.1,-0.832290870059291
375,12.1075,-2.1012527788412
375,12.115,2.85937505179934
375,12.1225,1.68658614432266
375,12.13,0.506206589689321
375,12.1375,-0.739821779099418
375,12.145,-1.84989112472339
375,12.1525,-2.88577156786062
375,12.16,2.30646568532282
375,12.1675,1.27484668540629
375,12.175,0.322580582250113
375,12.1825,-0.625029537014185
375,12.19,-1.61942757949708
375,12.1975,-2.64930339861841
375,12.205,2.61537648722805
375,12.2125,1.53967661927012
375,12.22,0.455855911468329
375,12.2275,-0.571645384536323
375,12.235,-1.58947072880166
375,12.2425,-2.59471554969895
375,12.25,2.66194155827198
375,12.2575,1.66621964079604
375,12.265,0.762457411351984
375,12.2725,-0.249486895964264
375,12.28,-1.28740977775714
375,12.2875,-2.2225517893222
375,12.295,3.01528193340765
375,12.3025,1.90011854032211
375,12.31,0.879210234681648
375,12.3175,-0.12495107271613
375,12.325,-1.19620497449043
375,12.3325,-2.23047007267878
375,12.34,3.12649575213712
375,12.3475,2.16589585804181
375,12.355,1.19959586826785
375,12.3625,0.479856892276854
375,12.37,-0.404527416063732
375,12.3775,-1.45394543199829
375,12.385,-2.46135883219902
375,12.3925,2.76374885933407
375,12.4,1.60304249200533
375,12.4075,0.547895843114451
375,12.415,-0.468927340249226
375,12.4225,-1.71659873218255
375,12.43,-2.89083460010174
375,12.4375,2.41063428649689
375,12.445,1.13309299120486
375,12.4525,-0.0431452288922303
375,12.46,-0.955725236926255
375,12.4675,-2.16260110337884
375,12.475,2.88195458953712
375,12.4825,1.67382044372563
375,12.49,0.448973776228249
375,12.4975,-0.724417464405007
375,12.505,-1.80265402216952
375,12.5125,-2.92035501219238
375,12.52,2.23141311403286
375,12.5275,1.21893797499318
375,12.535,0.148028523471957
375,12.5425,-0.8999940488817
375,12.55,-1.7631410636955
375,12.5575,-2.77505012127055
375,12.565,2.52087961891077
375,12.5725,1.60153135510504
375,12.58,0.54298617077024
375,12.5875,-0.484028735528453
375,12.595,-1.50736583301436
375,12.6025,-2.53278451977256
375,12.61,2.75878066033598
375,12.6175,1.71698747379189
375,12.625,0.823979316000421
375,12.6325,-0.065911610518934
375,12.64,-1.01081358465886
375,12.6475,-1.8647389080633
375,12.655,-2.87022790678096
375,12.6625,2.34239857670959
375,12.67,1.35072396018436
375,12.6775,0.348201229469192
375,12.685,-0.67181143652965
375,12.6925,-1.59986942532485
375,12.7,-2.54044065475672
375,12.7075,2.8161579434356
375,12.715,1.9147822592918
375,12.7225,0.974946349297723
375,12.73,0.0122171570466601
375,12.7375,-0.991948893160816
375,12.745,-2.0409655062237
375,12.7525,-3.13760043526935
375,12.76,2.04964648165591
375,12.7675,1.01403768554013
375,12.775,0.0632991355316845
375,12.7825,-0.851655663279448
375,12.79,-1.60083002192589
375,12.7975,-2.49091772676913
375,12.805,2.65880727242389
375,12.8125,1.6454268153299
375,12.82,0.523300061670196
375,12.8275,-0.778836002903235
375,12.835,-2.0503679903328
375,12.8425,2.91522856797842
375,12.85,1.56760150985631
375,12.8575,0.210822695109959
375,12.865,-1.07714314967074
375,12.8725,-2.22547027004892
375,12.88,2.88664267416802
375,12.8875,1.81018383552751
375,12.895,0.917797367750514
375,12.9025,-0.10703368501807
375,12.91,-0.929063478108377
375,12.9175,-1.77838317865346
375,12.925,-2.83289960744011
375,12.9325,2.4510826676151
375,12.94,1.37197560096069
375,12.9475,0.221436272910871
375,12.955,-0.857590371414337
375,12.9625,-1.88149931715626
375,12.97,-2.89877430132063
375,12.9775,2.46311237642191
375,12.985,1.51749493865019
375,12.9925,0.60979684991523
375,13,-0.200241470717798
375,13.0075,-1.13308976480845
375,13.015,-2.16864562426853
375,13.0225,3.06618302629112
375,13.03,1.95820311952194
375,13.0375,0.796261127167605
375,13.045,-0.307304580921254
375,13.0525,-1.31329485999901
375,13.06,-2.34202010681069
375,13.0675,2.93335117290327
375,13.075,2.07782319598725
375,13.0825,1.251798648527
375,13.09,0.26807182038579
375,13.0975,-0.725457458132589
375,13.105,-1.72945906194982
375,13.1125,-2.88703099534103
375,13.12,2.29113931079917
375,13.1275,1.35719386752125
375,13.135,0.21617592931796
375,13.1425,-0.864103078652381
375,13.15,-1.83243802215488
375,13.1575,-3.10305199221032
375,13.165,2.11407187890313
375,13.1725,1.18226077380871
375,13.18,-0.0261104860523034
375,13.1875,-1.06969463805428
375,13.195,-2.2070417550144
375,13.2025,2.91079089944233
375,13.21,1.73676013109595
375,13.2175,0.512693009721486
375,13.225,-0.628970489617932
375,13.2325,-1.8522695785112
375,13.24,-3.11284828325628
375,13.2475,1.99952378497321
375,13.255,0.912728525971746
375,13.2625,-0.0815809486614548
375,13.27,-0.986036326056907
375,13.2775,-1.81971840021642
375,13.285,-2.78079433565978
375,13.2925,2.5240243139971
375,13.3,1.57967693151894
375,13.3075,0.496739907159804
375,13.315,-0.590594804455363
375,13.3225,-1.58162809574248
375,13.33,-2.68536260297682
375,13.3375,2.48782661447601
375,13.345,1.59540025898232
375,13.3525,0.615434813491847
375,13.36,-0.398086748260153
375,13.3675,-1.30489153462183
375,13.375,-2.27442792146007
375,13.3825,3.02200700962965
375,13.39,2.02132338155401
375,13.3975,1.04903275233033
375,13.405,-0.0131818014749132
375,13.4125,-1.12264866623418
375,13.42,-2.10119772027809
375,13.4275,-3.05558004789083
375,13.435,2.31886194689342
375,13.4425,1.45754593466675
375,13.45,0.613029451717301
375,13.4575,-0.185583923891411
375,13.465,-1.15348268661439
375,13.4725,-2.08299123544842
375,13.48,-2.95883219097243
375,13.4875,2.21233408571833
375,13.495,1.18011742257237
375,13.5025,0.331762058536122
375,13.51,-0.475819822041753
375,13.5175,-1.27565900834488
375,13.525,-2.01984678132662
375,13.5325,-2.88638806765968
375,13.54,2.18095823854882
375,13.5475,1.06387114816016
375,13.555,0.0894958804625747
375,13.5625,-1.24240993955906
375,13.57,-2.82506388229791
375,13.5775,1.85201856410313
375,13.585,0.275242162980412
375,13.5925,-1.42235985447196
375,13.6,-2.99850995583606
375,13.6075,2.06785521683531
375,13.615,1.0719906615716
375,13.6225,-0.138291228375623
375,13.63,-1.20130676615763
375,13.6375,-2.00776278032367
375,13.645,-2.99445930132703
375,13.6525,2.30888705058292
375,13.66,1.44811590517852
375,13.6675,0.41860829101845
375,13.675,-0.621719408297481
375,13.6825,-1.54620314658948
375,13.69,-2.57976421523787
375,13.6975,2.63831777286745
375,13.705,1.66869053170674
375,13.7125,0.691357429022015
375,13.72,-0.288532674894138
375,13.7275,-1.16671865517263
375,13.735,-2.02734277393119
375,13.7425,-2.97521616339007
375,13.75,2.38846720210655
375,13.7575,1.48407973213767
375,13.765,0.452733410940287
375,13.7725,-0.504124178292171
375,13.78,-1.41390125306607
375,13.7875,-2.47673625794309
375,13.795,2.97677155964966
375,13.8025,2.05852328679241
375,13.81,1.02082104384468
375,13.8175,0.244527310833968
375,13.825,-0.844870158798735
375,13.8325,-1.88309481629483
375,13.84,-2.71615283495164
375,13.8475,2.47494442075645
375,13.855,1.48806456742245
375,13.8625,0.57701577862543
375,13.87,-0.424096194060573
375,13.8775,-1.31233234260096
375,13.885,-2.16827975479025
375,13.8925,-3.09763745859845
375,13.9,2.16434756614246
375,13.9075,1.14151401180864
375,13.915,0.0970611475502955
375,13.9225,-1.08543553084115
375,13.93,-2.25911705550804
375,13.9375,2.89023588817969
375,13.945,1.53925614695569
375,13.9525,0.00673979335518484
375,13.96,-1.91039652894581
375,13.9675,2.6259082727117
375,13.975,1.32625342962774
375,13.9825,0.231552093733968
375,13.99,-1.01258986739015
375,13.9975,-2.0418822005947
375,14.005,-3.04022776618243
375,14.0125,2.22811321110851
375,14.02,1.44672379861124
375,14.0275,0.46864446435569
375,14.035,-0.395742097472394
375,14.0425,-1.4080331937295
375,14.05,-2.53927234929979
375,14.0575,2.76426769797101
375,14.065,1.72299398224724
375,14.0725,0.620215311727072
375,14.08,-0.332899006457902
375,14.0875,-1.16381610995707
375,14.095,-2.04484248640148
375,14.1025,-2.89795245300439
375,14.11,2.59797269447542
375,14.1175,1.62153742686502
375,14.125,0.557062767575101
375,14.1325,-0.422463601284756
375,14.14,-1.45298446261295
375,14.1475,-2.5362595724059
375,14.155,2.80089867812007
375,14.1625,1.90409738846218
375,14.17,0.929370313132266
375,14.1775,-0.0232723892032336
375,14.185,-0.88935129298358
375,14.1925,-1.83352658048048
375,14.2,-2.82814457389513
375,14.2075,2.57149916848796
375,14.215,1.56687877118833
375,14.2225,0.546195245231498
375,14.23,-0.328529209147031
375,14.2375,-1.21977011699241
375,14.245,-2.14224430786018
375,14.2525,-3.02945617003859
375,14.26,2.24516546605258
375,14.2675,1.24016852216594
375,14.275,0.275063729272397
375,14.2825,-0.765913338959315
375,14.29,-1.74561321039527
375,14.2975,-2.75738138288454
375,14.305,2.4302389301088
375,14.3125,1.57185512670957
375,14.32,0.790839977756019
375,14.3275,-0.0172048097174119
375,14.335,-0.535827069907218
375,14.3425,-1.50199761742174
375,14.35,-2.43960437985476
375,14.3575,3.05314468692202
375,14.365,1.96814787136094
375,14.3725,0.937385416909335
375,14.38,0.105007764394753
375,14.3875,-0.670064549440829
375,14.395,-1.36622326824279
375,14.4025,-2.09227884556473
375,14.41,-3.12771747902806
375,14.4175,2.0121955434815
375,14.425,0.963047025312442
375,14.4325,-0.0322569016903492
375,14.44,-1.05801167726434
375,14.4475,-1.79430005088437
375,14.455,-2.10869331077535
375,14.4625,-2.86200556736399
375,14.47,2.89728058119208
375,14.4775,1.85965228680973
375,14.485,0.743244018673453
375,14.4925,-0.238143767656933
375,14.5,-1.33007203286999
375,14.5075,-2.33145914152371
375,14.515,3.01268936858452
375,14.5225,2.02675799324008
375,14.53,1.17637695964899
375,14.5375,0.22953700847858
375,14.545,-0.685996883274437
375,14.5525,-1.52329875240632
375,14.56,-2.53361995689291
375,14.5675,2.71923745748673
375,14.575,1.70337889224716
375,14.5825,0.672745072470068
375,14.59,-0.312038679516846
375,14.5975,-1.28517518871662
375,14.605,-2.20010468685406
375,14.6125,-3.11447829400781
375,14.62,2.29979843453512
375,14.6275,1.4545925676528
375,14.635,0.473927117524649
375,14.6425,-0.491320313716504
375,14.65,-1.56516443773645
375,14.6575,-2.66847649266421
375,14.665,2.60597010365255
375,14.6725,1.51755187065214
375,14.68,0.522933105100048
375,14.6875,-0.372417455232184
375,14.695,-1.33323758159965
375,14.7025,-2.09824567696785
375,14.71,-3.01485747539556
375,14.7175,2.35011191581982
375,14.725,1.37269430447013
375,14.7325,0.222763094894556
375,14.74,-0.682646243458437
375,14.7475,-1.64699970311466
375,14.755,-2.73349435051188
375,14.7625,-2.04624703898209
375,14.77,-2.57740438926516
375,14.7775,2.96849028624844
375,14.785,1.77425820646688
375,14.7925,0.726289017611666
375,14.8,-0.224913161504623
375,14.8075,-1.13174268162512
375,14.815,-1.8196038391941
375,14.8225,-2.67969270809062
375,14.83,2.67891709858605
375,14.8375,1.70335264808373
375,14.845,0.772707837240328
375,14.8525,-0.19128450712711
375,14.86,-1.2731270507142
375,14.8675,-2.35211615487343
375,14.875,2.88894934683683
375,14.8825,1.84007793912808
375,14.89,0.838326575769228
375,14.8975,0.028128880967997
375,14.905,-0.863612959066425
375,14.9125,-1.81244332867541
375,14.92,-2.55553439723759
375,14.9275,2.87963508691414
375,14.935,1.86579731030778
375,14.9425,0.88508926089881
375,14.95,-0.153096246824638
375,14.9575,-1.25264373166541
375,14.965,-2.13815690829397
375,14.9725,-2.88332728545514
375,14.98,2.46295461302302
375,14.9875,1.53479628687343
375,14.995,0.590905423449094
375,15.0025,-0.37491053509161
375,15.01,-1.34859242432233
375,15.0175,-2.31252838485055
375,15.025,2.98589667243331
375,15.0325,1.86263095448746
375,15.04,0.850137003954863
375,15.0475,0.083768687135453
375,15.055,-0.747859465223989
375,15.0625,-1.49211296410257
375,15.07,-2.43972630530305
375,15.0775,2.90466029400841
375,15.085,1.93216210267256
375,15.0925,0.882152703915465
375,15.1,-0.030222905698101
375,15.1075,-1.0588051968196
375,15.115,-1.93404173447416
375,15.1225,-2.38011208440464
375,15.13,-2.96011078571825
375,15.1375,2.52295596952292
375,15.145,1.48453590987124
375,15.1525,0.547708571398032
375,15.16,-0.455665891767735
375,15.1675,-1.48423676445941
375,15.175,-2.47213031287025
375,15.1825,2.72581780258399
375,15.19,1.78935192414993
375,15.1975,0.882056213407686
375,15.205,-0.0439922784810238
375,15.2125,-0.688819694158244
375,15.22,-1.55496001201556
375,15.2275,-2.33788728329542
375,15.235,3.00141966496885
375,15.2425,1.99297214293273
375,15.25,1.14681007043565
375,15.2575,0.377798500478751
375,15.265,-0.304718328977518
375,15.2725,-1.16429541198306
375,15.28,-2.02335520777284
375,15.2875,-3.05589632829402
375,15.295,2.19514340961055
375,15.3025,1.20131948811217
375,15.31,0.0882287359438804
375,15.3175,-0.991198099639437
375,15.325,-1.99786399482107
375,15.3325,-2.98518572003671
375,15.34,2.42977408251978
375,15.3475,1.64408088033499
375,15.355,0.807905436660685
375,15.3625,-0.187943397039054
375,15.37,-1.1694469923343
375,15.3775,-2.13271517986868
375,15.385,3.07851717389549
375,15.3925,2.04545391419549
375,15.4,1.01526617322335
375,15.4075,-0.0568309096561081
375,15.415,-1.04094808810402
375,15.4225,-1.99585010205623
375,15.43,-2.94490719837642
375,15.4375,2.40490342659958
375,15.445,1.44038640211978
375,15.4525,0.50317020041735
375,15.46,-0.471266600071918
375,15.4675,-1.43731583620044
375,15.475,-2.29312432747877
375,15.4825,3.06552206310058
375,15.49,2.41015502741019
375,15.4975,2.18468529320174
375,15.505,1.42877911403158
375,15.5125,0.592721981815604
375,15.52,-0.467207923145607
375,15.5275,-1.61949139583912
375,15.535,-2.69143364342882
375,15.5425,2.53210702625813
375,15.55,1.47006546412767
375,15.5575,0.523879416332595
375,15.565,-0.289476298864838
375,15.5725,-1.08296032971187
375,15.58,-1.89164930431639
375,15.5875,-2.77254042450009
375,15.595,2.50662758648911
375,15.6025,1.50282285286618
375,15.61,0.453367898978477
375,15.6175,-0.612430927214419
375,15.625,-1.48533337007279
375,15.6325,-2.26248082565967
375,15.64,-2.6804748590808
375,15.6475,2.92681693997329
375,15.655,1.99112904556331
375,15.6625,1.12815004200565
375,15.67,0.0790734443066041
375,15.6775,-0.973667140409024
375,15.685,-2.00883514049655
375,15.6925,-3.10998920192797
375,15.7,2.12946407560355
375,15.7075,1.12776784329241
375,15.715,0.157964608412304
375,15.7225,-0.751689511752233
375,15.73,-1.66471580783359
375,15.7375,-2.4952948726461
375,15.745,2.87023324380735
375,15.7525,1.93128215905507
375,15.76,0.970558124244808
375,15.7675,-0.10927430466996
375,15.775,-1.11822624670095
375,15.7825,-2.09610515036672
375,15.79,-3.07455036245382
375,15.7975,2.38086170856203
375,15.805,1.56996880145533
375,15.8125,0.752811099186961
375,15.82,-0.192081934040027
375,15.8275,-1.08518619761908
375,15.835,-2.04508244081588
375,15.8425,-3.13655461545574
375,15.85,2.19278025956346
375,15.8575,1.25726039046857
375,15.865,0.358321233146303
375,15.8725,-0.303462815104307
375,15.88,-1.20382922834662
375,15.8875,-2.08319412972174
375,15.895,-3.07211466979544
375,15.9025,2.13748090472733
375,15.91,1.1201218402891
375,15.9175,0.0515340231285372
375,15.925,-0.968644804084878
375,15.9325,-1.960432820878
375,15.94,-2.98995167557322
375,15.9475,2.34203621701701
375,15.955,1.36404234791861
375,15.9625,0.371949098863681
375,15.97,-0.59297713651901
375,15.9775,-1.61218430336558
375,15.985,-2.58662939732993
375,15.9925,2.68694949140191
375,16,1.71327870907847
385,4,-1.88018768580532
385,4.0075,-2.82468453709818
385,4.015,2.39642918146306
385,4.0225,1.39938172014272
385,4.03,0.489751827747274
385,4.0375,-0.499648690665075
385,4.045,-1.42634441316685
385,4.0525,-2.354353811874
385,4.06,2.96190013120909
385,4.0675,1.99307097793281
385,4.075,1.05395811070286
385,4.0825,0.112729237635972
385,4.09,-0.881395940179979
385,4.0975,-1.81594067916606
385,4.105,-2.76305405288529
385,4.1125,2.57332574027103
385,4.12,1.67016961197299
385,4.1275,0.629679507756221
385,4.135,-0.327414509030487
385,4.1425,-1.30614892717804
385,4.15,-2.35314545543698
385,4.1575,2.99911955829176
385,4.165,2.0102379149832
385,4.1725,1.07349248832838
385,4.18,0.16923982397394
385,4.1875,-0.786542126985504
385,4.195,-1.61255909086473
385,4.2025,-2.63282896441278
385,4.21,2.62296637031929
385,4.2175,1.63829557753969
385,4.225,0.512477659874958
385,4.2325,-0.489590576230268
385,4.24,-1.46408325884773
385,4.2475,-2.61769679348531
385,4.255,2.97686991603457
385,4.2625,2.2088752254287
385,4.27,1.51094710482829
385,4.2775,1.02275197004451
385,4.285,-0.184537207591922
385,4.2925,-0.856673507275976
385,4.3,-1.70160756179725
385,4.3075,-2.31219418087635
385,4.315,-2.99083979647056
385,4.3225,2.42992379401904
385,4.33,1.68064957587181
385,4.3375,0.753887768322114
385,4.345,-0.0919299340915962
385,4.3525,-1.027982752091
385,4.36,-2.02547395439013
385,4.3675,-2.86162264142789
385,4.375,2.49058195696164
385,4.3825,1.64844188100243
385,4.39,0.765524285712166
385,4.3975,-0.153182743712074
385,4.405,-1.00614924651904
385,4.4125,-1.95269165669969
385,4.42,-2.89017487269383
385,4.4275,2.36831699633833
385,4.435,1.29382379840329
385,4.4425,0.21882476246109
385,4.45,-0.822247642419118
385,4.4575,-1.7519157934658
385,4.465,-2.65169116590487
385,4.4725,2.78672188342608
385,4.48,1.92587204983949
385,4.4875,1.00946063057115
385,4.495,0.0690259031664902
385,4.5025,-0.884521528565193
385,4.51,-1.9225401159742
385,4.5175,-2.96354818599582
385,4.525,2.31773095769695
385,4.5325,1.29032676757715
385,4.54,0.308965289601904
385,4.5475,-0.677563555977946
385,4.555,-1.65712790669022
385,4.5625,-2.63356605945238
385,4.57,2.60631681609314
385,4.5775,1.58356164833859
385,4.585,0.552429182363539
385,4.5925,-0.411558421300319
385,4.6,-1.23128628956598
385,4.6075,-1.96587050119458
385,4.615,-2.83704201405269
385,4.6225,2.58337762889507
385,4.63,1.62291838805999
385,4.6375,0.491794342407809
385,4.645,-0.581315676336614
385,4.6525,-1.67980881489094
385,4.66,-2.81503206692953
385,4.6675,2.32364339456759
385,4.675,1.33774848697964
385,4.6825,0.936655030666528
385,4.69,1.92710262019262
385,4.6975,1.62854367890126
385,4.705,0.67162981612648
385,4.7125,-0.615376807579088
385,4.72,-1.65935286799133
385,4.7275,-2.63679985829883
385,4.735,2.5310632897112
385,4.7425,1.84706157613787
385,4.75,1.0842107083142
385,4.7575,0.136678742226096
385,4.765,-0.765268230449261
385,4.7725,-1.80650531281691
385,4.78,-2.84283796680879
385,4.7875,2.38819801952515
385,4.795,1.28687050976501
385,4.8025,0.240769231689652
385,4.81,-0.751728973293624
385,4.8175,-1.61644954238744
385,4.825,-2.36202628810277
385,4.8325,3.13381316265465
385,4.84,2.23051303977146
385,4.8475,1.18961359522392
385,4.855,0.148250210633176
385,4.8625,-0.879691936305792
385,4.87,-1.93870603680908
385,4.8775,-2.98379017367904
385,4.885,2.33253921850272
385,4.8925,1.38317647887355
385,4.9,0.435025824636456
385,4.9075,-0.461089041490314
385,4.915,-1.36707752822651
385,4.9225,-2.40211382483936
385,4.93,2.90173433545939
385,4.9375,1.93614219989787
385,4.945,0.893984453700408
385,4.9525,0.00765284999358592
385,4.96,-0.979339261517257
385,4.9675,-1.95036619848192
385,4.975,-2.86260553351486
385,4.9825,2.44974706009374
385,4.99,1.57948917383489
385,4.9975,0.618602307806123
385,5.005,-0.226587723248555
385,5.0125,-1.09861677860866
385,5.02,-2.17889518127593
385,5.0275,3.07881185669363
385,5.035,1.99929126580138
385,5.0425,0.849669843712822
385,5.05,-0.203749319790142
385,5.0575,-1.23965775905996
385,5.065,-2.17566075313663
385,5.0725,-2.90766441399246
385,5.08,2.65937457276008
385,5.0875,1.71710198657033
385,5.095,0.506666544161904
385,5.1025,-0.814983625074941
385,5.11,-2.42809466047447
385,5.1175,1.59099508552916
385,5.125,-0.140051854881235
385,5.1325,-1.56541232891404
385,5.14,-2.89246977878457
385,5.1475,2.13480866280283
385,5.155,1.18823615570975
385,5.1625,0.268666054077408
385,5.17,-0.227100416557229
385,5.1775,0.0791236934424573
385,5.185,-1.02991923694337
385,5.1925,-2.17979963387929
385,5.2,2.99484248267286
385,5.2075,1.92309809997326
385,5.215,0.886168457764973
385,5.2225,-0.100002337636558
385,5.23,-1.06735871391047
385,5.2375,-2.07208325168297
385,5.245,-3.1087640715522
385,5.2525,2.14750968185354
385,5.26,1.20672632166017
385,5.2675,0.375936851341729
385,5.275,-0.575990373969723
385,5.2825,-1.55707885483256
385,5.29,-2.57047101401944
385,5.2975,2.66319705534228
385,5.305,1.6893312461425
385,5.3125,0.673426529348902
385,5.32,-0.374852940985225
385,5.3275,-1.37814420956928
385,5.335,-2.37389188366442
385,5.3425,2.99086350635908
385,5.35,2.04741598999656
385,5.3575,1.01063911510676
385,5.365,-0.0155758348574809
385,5.3725,-1.09069957676359
385,5.38,-2.23242134904725
385,5.3875,3.01754960445716
385,5.395,2.00165709403025
385,5.4025,0.921797420156566
385,5.41,0.0380478919134778
385,5.4175,-0.859061312838185
385,5.425,-1.86000536306814
385,5.4325,-2.64371643051368
385,5.44,2.81226710658459
385,5.4475,1.61954368019077
385,5.455,0.480267560938995
385,5.4625,-0.605610151968041
385,5.47,-2.02916434511523
385,5.4775,2.76032094660677
385,5.485,1.72309197332318
385,5.4925,-0.0656232502578888
385,5.5,-1.80154496572148
385,5.5075,3.12695357635629
385,5.515,2.30759565017319
385,5.5225,1.10406963841294
385,5.53,0.0424412654068353
385,5.5375,-0.328262875828182
385,5.545,-1.21040187056234
385,5.5525,-2.11297265119559
385,5.56,-3.06119225277921
385,5.5675,2.21167919949781
385,5.575,1.11886584855238
385,5.5825,0.126266038016222
385,5.59,-0.840918426624885
385,5.5975,-1.87882690662139
385,5.605,-2.84296957445423
385,5.6125,2.48644661970624
385,5.62,1.56396631191247
385,5.6275,0.592424848974431
385,5.635,-0.476786645023342
385,5.6425,-1.53658034408475
385,5.65,-2.55627952536421
385,5.6575,2.65989125294469
385,5.665,1.54790090143595
385,5.6725,0.505221426709742
385,5.68,-0.493399928933273
385,5.6875,-1.48381018409711
385,5.695,-2.43338809795884
385,5.7025,2.90494325399973
385,5.71,1.9822371250838
385,5.7175,1.05561072587004
385,5.725,0.124536620180309
385,5.7325,-0.878533071038117
385,5.74,-1.86181374286527
385,5.7475,-2.74801709240632
385,5.755,2.66437227077093
385,5.7625,1.86521549946943
385,5.77,1.01110229070673
385,5.7775,0.0775493176917462
385,5.785,-0.857671203736496
385,5.7925,-1.80275743686379
385,5.8,-2.85452958209538
385,5.8075,2.44665773407813
385,5.815,1.49021901648183
385,5.8225,0.353262205041815
385,5.83,-0.730767378540439
385,5.8375,-1.50935772820345
385,5.845,-2.29094485441546
385,5.8525,3.07830573892676
385,5.86,2.44575643520052
385,5.8675,1.54238112143442
385,5.875,0.392306234412176
385,5.8825,-0.567829797273393
385,5.89,-1.6143515759653
385,5.8975,-2.72962556289123
385,5.905,2.41763528164051
385,5.9125,1.05736728261383
385,5.92,-0.593666108390028
385,5.9275,2.43112757423788
385,5.935,1.03199697712059
385,5.9425,-0.106036449130404
385,5.95,-1.39989758921037
385,5.9575,-2.40863177557461
385,5.965,-2.38397726148003
385,5.9725,2.89772482559784
385,5.98,1.91684716810087
385,5.9875,1.00736795870177
385,5.995,-0.133664464218318
385,6.0025,-1.15280946508796
385,6.01,-2.15095662091869
385,6.0175,2.9620775171137
385,6.025,1.90852558005464
385,6.0325,0.909827304995798
385,6.04,-0.0736578752253815
385,6.0475,-0.880437892665416
385,6.055,-1.94583421341574
385,6.0625,-2.90553158539241
385,6.07,2.49375450873208
385,6.0775,1.51978489020082
385,6.085,0.756286113280797
385,6.0925,-0.293147453382491
385,6.1,-1.29609989331472
385,6.1075,-2.22917515479224
385,6.115,2.91466042151876
385,6.1225,2.08167121935598
385,6.13,1.37844346704438
385,6.1375,0.367214004900132
385,6.145,-0.516174725081193
385,6.1525,-1.50601583229181
385,6.16,-2.63419566582456
385,6.1675,2.54014380177628
385,6.175,1.47236821677624
385,6.1825,0.401183537846119
385,6.19,-0.702706444228157
385,6.1975,-1.70833191371994
385,6.205,-2.56944464134577
385,6.2125,3.00242686017204
385,6.22,2.49151767442939
385,6.2275,1.53598230764164
385,6.235,0.49281197679553
385,6.2425,-0.521584911646408
385,6.25,-1.58924235247495
385,6.2575,-2.78214093064456
385,6.265,2.39615847828485
385,6.2725,1.59590488847025
385,6.28,0.389270615027724
385,6.2875,1.64619884749225
385,6.295,0.422493918389754
385,6.3025,0.153695005921762
385,6.31,-1.01883075962949
385,6.3175,-1.65537188647865
385,6.325,-2.1807086060527
385,6.3325,2.86024531798583
385,6.34,1.79882396492286
385,6.3475,0.802192082023211
385,6.355,-0.333725799308624
385,6.3625,-1.37617064838023
385,6.37,-2.27935587954701
385,6.3775,3.00128652803545
385,6.385,1.93057969008162
385,6.3925,0.96476787236709
385,6.4,0.183039356423256
385,6.4075,-0.667928712170989
385,6.415,-1.36232416271597
385,6.4225,-2.18997809367347
385,6.43,2.99344115100354
385,6.4375,1.92127078867395
385,6.445,0.903594092054716
385,6.4525,-0.0885550053695012
385,6.46,-1.1004573408233
385,6.4675,-2.14100073524981
385,6.475,3.13625049227421
385,6.4825,2.15789416835395
385,6.49,1.26027423015741
385,6.4975,0.470187446105817
385,6.505,-0.517673109191695
385,6.5125,-1.45953820990568
385,6.52,-2.41064368708633
385,6.5275,2.82706390615886
385,6.535,2.05681636992982
385,6.5425,1.02740191088175
385,6.55,0.0301119198225171
385,6.5575,-0.611878104393643
385,6.565,-1.70759602113281
385,6.5725,-2.58771347349024
385,6.58,3.1014169460178
385,6.5875,1.90034796676301
385,6.595,0.842692616709613
385,6.6025,0.119940097633724
385,6.61,-1.13759964156062
385,6.6175,-2.02268448522908
385,6.625,-2.46649531264199
385,6.6325,2.64817093732023
385,6.64,2.35570670270464
385,6.6475,1.29384091265679
385,6.655,0.175357750507165
385,6.6625,-0.76289538990303
385,6.67,-1.96862673975431
385,6.6775,3.12697641538523
385,6.685,2.20002720881661
385,6.6925,1.15774042859185
385,6.7,0.389446354590393
385,6.7075,-0.0975698675417463
385,6.715,-1.02996363069093
385,6.7225,-1.99783052774147
385,6.73,-3.05845527046797
385,6.7375,2.28765621297908
385,6.745,1.20415570253524
385,6.7525,0.372821600534038
385,6.76,-0.313525329375327
385,6.7675,-1.2283086142785
385,6.775,-1.46198927293034
385,6.7825,-2.52567159659131
385,6.79,2.65434928383573
385,6.7975,1.81015870384126
385,6.805,0.712154651697376
385,6.8125,-0.507482648602216
385,6.82,-1.07245561033882
385,6.8275,-1.86451511258226
385,6.835,-2.75137992010057
385,6.8425,2.95136138255889
385,6.85,1.87369799866189
385,6.8575,0.918047504863972
385,6.865,-0.0482193517972991
385,6.8725,-1.06094512436585
385,6.88,-2.00808743753425
385,6.8875,-3.00019184459364
385,6.895,2.39029479537993
385,6.9025,1.46598592053948
385,6.91,0.484607950077817
385,6.9175,-0.392974618491544
385,6.925,-1.35246657355691
385,6.9325,-2.23407588558275
385,6.94,-3.07930223187898
385,6.9475,2.16213310415418
385,6.955,1.18636028915687
385,6.9625,0.126756005806275
385,6.97,-0.974064978329622
385,6.9775,-1.83113528905729
385,6.985,-2.58497962678583
385,6.9925,2.89746422789651
385,7,1.95440459128827
385,7.0075,1.0033792956936
385,7.015,0.0290375349664771
385,7.0225,-1.03189333180245
385,7.03,-2.07110359814972
385,7.0375,-3.11428099698279
385,7.045,2.14074898917398
385,7.0525,1.25326784334614
385,7.06,0.393150095555239
385,7.0675,-0.278412279312198
385,7.075,-0.82655190515861
385,7.0825,-1.89373321402376
385,7.09,-2.8037601242391
385,7.0975,2.66359284573749
385,7.105,1.62542212751846
385,7.1125,0.681553143366173
385,7.12,-0.272977888303198
385,7.1275,-1.21361442969445
385,7.135,-2.06439440638904
385,7.1425,-3.05935584770375
385,7.15,2.21856323668749
385,7.1575,1.18182184493896
385,7.165,0.0879053209600838
385,7.1725,-0.85356053867306
385,7.18,-1.73908084632747
385,7.1875,-2.61055694402964
385,7.195,2.87230353496206
385,7.2025,2.04375232177749
385,7.21,1.16785490312621
385,7.2175,0.267564927796082
385,7.225,-0.581989245350122
385,7.2325,-1.6040683674718
385,7.24,-2.6517988384225
385,7.2475,2.51547170444621
385,7.255,1.46476828446096
385,7.2625,0.431805821662306
385,7.27,-0.691661530067297
385,7.2775,-0.956690206491481
385,7.285,-1.84294979785966
385,7.2925,-1.71576361334218
385,7.3,-2.82375728226358
385,7.3075,2.22492120149261
385,7.315,1.41279267488167
385,7.3225,0.306117655534699
385,7.33,-0.83115362473585
385,7.3375,-1.62961489853602
385,7.345,-2.47946991841663
385,7.3525,2.87982951470821
385,7.36,1.98634055890351
385,7.3675,1.16068617987119
385,7.375,0.142203412253812
385,7.3825,-0.900961869332964
385,7.39,-1.72074225587809
385,7.3975,-2.78507338179044
385,7.405,2.42937264089811
385,7.4125,1.54036503118476
385,7.42,0.520378124174869
385,7.4275,-0.314708469840132
385,7.435,-1.22204570800459
385,7.4425,-2.22844347380646
385,7.45,-3.08307363495909
385,7.4575,2.16633076210695
385,7.465,1.12947435976543
385,7.4725,0.250473070489733
385,7.48,-0.729285354862885
385,7.4875,-1.77120370409122
385,7.495,-2.54602518616806
385,7.5025,2.85314864750204
385,7.51,1.87666744376371
385,7.5175,1.18789809204516
385,7.525,0.163518629501102
385,7.5325,-0.956764926855612
385,7.54,-1.82987680671353
385,7.5475,-2.80297874204418
385,7.555,2.41944694771187
385,7.5625,1.61583097580956
385,7.57,0.673846141913646
385,7.5775,-0.280355033882159
385,7.585,-1.15421801482405
385,7.5925,-2.16064205919852
385,7.6,3.13635861076289
385,7.6075,2.06237616497476
385,7.615,1.03319222855725
385,7.6225,0.133510432675197
385,7.63,-0.899223865961255
385,7.6375,-1.45790531403431
385,7.645,-1.57716086399941
385,7.6525,-2.27982859971787
385,7.66,-3.12380940329055
385,7.6675,2.1864480856651
385,7.675,1.14238810212752
385,7.6825,0.0308709055255444
385,7.69,-0.977923027133418
385,7.6975,-1.97310946627909
385,7.705,-2.92014253794899
385,7.7125,2.51030665841013
385,7.72,1.54304886249363
385,7.7275,0.754231564566825
385,7.735,-0.242485945131035
385,7.7425,-1.23582928802984
385,7.75,-2.02902858832473
385,7.7575,-3.12287840336383
385,7.765,2.18672312946518
385,7.7725,1.40419408972604
385,7.78,0.465441949290612
385,7.7875,-0.30804862982118
385,7.795,-1.00400206809026
385,7.8025,-1.92931411605841
385,7.81,-2.86201028603076
385,7.8175,2.55187918367787
385,7.825,1.51675318027827
385,7.8325,0.5232750885249
385,7.84,-0.403979485923845
385,7.8475,-1.41784086579654
385,7.855,-2.3238149647113
385,7.8625,3.12047951093021
385,7.87,2.15944337505363
385,7.8775,1.21117454631034
385,7.885,0.29113935760467
385,7.8925,-0.71906469777754
385,7.9,-1.75358303346492
385,7.9075,-2.72288903721847
385,7.915,2.56053585323996
385,7.9225,1.52469460309021
385,7.93,0.588318971376253
385,7.9375,-0.409749010994385
385,7.945,-1.39758246526618
385,7.9525,-2.33126398408042
385,7.96,2.9228405055832
385,7.9675,1.9796365787762
385,7.975,1.00794987645093
385,7.9825,-0.0675941999430224
385,7.99,-1.03545289824963
385,7.9975,-1.87125945188819
385,8.005,-2.77846416763407
385,8.0125,2.72622696227753
385,8.02,2.10927618046599
385,8.0275,1.04214327668219
385,8.035,0.0983992631086628
385,8.0425,-0.784498723443888
385,8.05,-1.88277481796803
385,8.0575,-2.77919191150535
385,8.065,2.73350391374775
385,8.0725,1.8716080407396
385,8.08,1.2472878910932
385,8.0875,0.519486664256425
385,8.095,-0.517805051668061
385,8.1025,-1.25818319659063
385,8.11,-2.16263692421625
385,8.1175,2.98501236404872
385,8.125,2.3695568715261
385,8.1325,1.50503974532637
385,8.14,0.495053475309845
385,8.1475,-0.0667150187414039
385,8.155,-0.971571666993413
385,8.1625,-2.00749973866652
385,8.17,-2.8293013917695
385,8.1775,2.50483167585334
385,8.185,1.41736816247607
385,8.1925,0.528649091140196
385,8.2,-0.36435427037322
385,8.2075,-1.38318054647038
385,8.215,-2.29272516765444
385,8.2225,3.05870362747311
385,8.23,2.1001550929384
385,8.2375,1.15999919188717
385,8.245,0.138640837642121
385,8.2525,-0.829184806972908
385,8.26,-1.83537251187822
385,8.2675,-2.91236784139558
385,8.275,2.42860033174736
385,8.2825,1.44062868227301
385,8.29,0.395688713656262
385,8.2975,-0.515161638312081
385,8.305,-1.47114345281218
385,8.3125,-2.41734710304029
385,8.32,2.96643102482178
385,8.3275,2.03182269951473
385,8.335,1.06404840961224
385,8.3425,0.0631556724118572
385,8.35,-0.85452716401106
385,8.3575,-1.80475541885096
385,8.365,-2.79379517817085
385,8.3725,2.57319828169641
385,8.38,1.67006973331492
385,8.3875,0.791058027731245
385,8.395,-0.0442259120815443
385,8.4025,-0.836697798869555
385,8.41,-1.79491379814834
385,8.4175,-2.76563759891547
385,8.425,2.63426519112237
385,8.4325,1.66929042831978
385,8.44,0.735757259457694
385,8.4475,-0.0473949804074589
385,8.455,-0.961925778943902
385,8.4625,-2.00209819551908
385,8.47,-2.83105450631149
385,8.4775,2.45155435505766
385,8.485,1.31794023139546
385,8.4925,0.496334241070162
385,8.5,-0.502137870217737
385,8.5075,-1.35859567933091
385,8.515,-1.7616130186089
385,8.5225,-2.73280077625629
385,8.53,2.88367036473556
385,8.5375,1.98862759727412
385,8.545,1.0438301299272
385,8.5525,0.227784609422915
385,8.56,-0.753952483293665
385,8.5675,-1.65511861064512
385,8.575,-2.62462547604661
385,8.5825,2.79343294614392
385,8.59,1.900241700504
385,8.5975,0.883640942087365
385,8.605,-0.0103860338899679
385,8.6125,-1.06953786068177
385,8.62,-2.075163143179
385,8.6275,-2.97873396838592
385,8.635,2.28419923127617
385,8.6425,1.39667837168522
385,8.65,0.515085732116187
385,8.6575,-0.427964533856327
385,8.665,-1.33654264515851
385,8.6725,-2.24570086837616
385,8.68,3.06964902632315
385,8.6875,2.05095322822953
385,8.695,1.13010506801615
385,8.7025,0.120270843732947
385,8.71,-0.857276126514899
385,8.7175,-1.73338292416614
385,8.725,-2.71429924412725
385,8.7325,2.74316971137569
385,8.74,1.8229245703146
385,8.7475,0.841175838455688
385,8.755,-0.0483043104619883
385,8.7625,-1.04556574010067
385,8.77,-1.96054597131665
385,8.7775,-2.84543113161432
385,8.785,2.45450359240833
385,8.7925,1.53860569327836
385,8.8,0.627052509784667
385,8.8075,-0.285487628861924
385,8.815,-1.2573664088063
385,8.8225,-2.24068068104994
385,8.83,3.13343548205869
385,8.8375,2.06775484662027
385,8.845,1.09109648145641
385,8.8525,0.205584350655511
385,8.86,-0.861936463128924
385,8.8675,-1.7384694166168
385,8.875,-2.56911982014597
385,8.8825,2.86931399163902
385,8.89,2.15876475765628
385,8.8975,1.2265029039871
385,8.905,0.282178068465365
385,8.9125,-0.611823329230859
385,8.92,-1.44874296712282
385,8.9275,-2.3651902943293
385,8.935,3.03788194745089
385,8.9425,2.21568283814009
385,8.95,1.32281500718476
385,8.9575,0.687623184347461
385,8.965,-0.14919878515031
385,8.9725,-1.19598694662463
385,8.98,-2.1276968818597
385,8.9875,-3.06072777919807
385,8.995,2.27298714268088
385,9.0025,1.36190615613888
385,9.01,0.532098801189125
385,9.0175,-0.361835296466242
385,9.025,-1.3300364836322
385,9.0325,-2.18281461320246
385,9.04,3.13812748430201
385,9.0475,2.14714930969459
385,9.055,1.21661347675611
385,9.0625,0.194760918393536
385,9.07,-0.756397560272454
385,9.0775,-1.62450347650178
385,9.085,-2.54963545373765
385,9.0925,2.8587460174174
385,9.1,1.95304907300944
385,9.1075,1.01889353445451
385,9.115,0.0466419024612564
385,9.1225,-0.88755354075743
385,9.13,-1.83059174263642
385,9.1375,-2.8459966800246
385,9.145,2.4596128212741
385,9.1525,1.48840273613619
385,9.16,0.543519814687244
385,9.1675,-0.350793723082968
385,9.175,-1.2909923264861
385,9.1825,-2.18611241088953
385,9.19,3.13822846736292
385,9.1975,2.09908365807732
385,9.205,1.18756323820811
385,9.2125,0.244936068180324
385,9.22,-0.810124223844398
385,9.2275,-1.73786475750397
385,9.235,-2.63467889866292
385,9.2425,2.73310028186457
385,9.25,1.8854605318239
385,9.2575,1.002166794322
385,9.265,0.12690842443054
385,9.2725,-0.950601427191709
385,9.28,-1.8867864637432
385,9.2875,-2.71485680474361
385,9.295,2.46367402587432
385,9.3025,1.7240005303821
385,9.31,0.8533985936494
385,9.3175,-0.100490662414633
385,9.325,-0.719571775515903
385,9.3325,-1.70653282832113
385,9.34,-2.57248108336064
385,9.3475,2.78791039121539
385,9.355,1.7758057270706
385,9.3625,0.889876032552477
385,9.37,-0.00224147899632329
385,9.3775,-0.929208844273766
385,9.385,-1.85535619484656
385,9.3925,-2.78573396305192
385,9.4,2.50941430822623
385,9.4075,1.52979998065864
385,9.415,0.62053427948528
385,9.4225,-0.300188901177353
385,9.43,-1.27870857145144
385,9.4375,-2.19506754207766
385,9.445,-3.04886789639182
385,9.4525,2.41564705890913
385,9.46,1.59709408416566
385,9.4675,0.783528862486118
385,9.475,-0.117478636745888
385,9.4825,-1.03972221319616
385,9.49,-1.90267579192115
385,9.4975,-2.87076408175872
385,9.505,2.52623957110153
385,9.5125,1.57901261619058
385,9.52,0.626531600066468
385,9.5275,-0.218588627471646
385,9.535,-1.15214517459731
385,9.5425,-2.05411401068557
385,9.55,-3.02090657969079
385,9.5575,2.2542076804663
385,9.565,1.27746855764854
385,9.5725,0.264956010781039
385,9.58,-0.717381455718379
385,9.5875,-1.73000840057763
385,9.595,-2.76137181961589
385,9.6025,2.59861102258017
385,9.61,1.66442977288392
385,9.6175,0.724184539778192
385,9.625,-0.146023964024819
385,9.6325,-1.08933163584327
385,9.64,-2.0604533210273
385,9.6475,-2.997328504702
385,9.655,2.40886307306968
385,9.6625,1.51299066779658
385,9.67,0.571061403427141
385,9.6775,-0.344871322475725
385,9.685,-1.25081909999813
385,9.6925,-2.17640329944378
385,9.7,-3.10558171333279
385,9.7075,2.29258237632001
385,9.715,1.27591429458508
385,9.7225,0.23441924255068
385,9.73,-0.684140369126978
385,9.7375,-1.61930803551822
385,9.745,-2.58967599376258
385,9.7525,2.84789175774166
385,9.76,2.04903936161647
385,9.7675,1.02041079713639
385,9.775,0.122023913745488
385,9.7825,-0.720883402176195
385,9.79,-1.83896814995682
385,9.7975,-2.67699236185303
385,9.805,2.83270840436919
385,9.8125,1.8426532547839
385,9.82,1.32282580813447
385,9.8275,0.462104082819787
385,9.835,-0.511435756580975
385,9.8425,-1.24370589927786
385,9.85,-2.23117567301455
385,9.8575,3.1159437874593
385,9.865,2.35627996059138
385,9.8725,1.44782829410082
385,9.88,0.583590785761837
385,9.8875,-0.232249931703189
385,9.895,-1.14543063631801
385,9.9025,-2.08722812366475
385,9.91,-3.03307959354543
385,9.9175,2.22087328073123
385,9.925,1.23106227231962
385,9.9325,0.225089841512972
385,9.94,-0.797294799206686
385,9.9475,-1.71758135221134
385,9.955,-2.71357360128892
385,9.9625,2.58565567758271
385,9.97,1.68162941140766
385,9.9775,0.780595757902914
385,9.985,-0.132311432283015
385,9.9925,-1.03163057343001
385,10,-1.92683942197821
385,10.0075,-2.94215066055055
385,10.015,2.37946525348836
385,10.0225,1.47513460584339
385,10.03,0.487893511582128
385,10.0375,-0.424681415636333
385,10.045,-1.33416638244546
385,10.0525,-2.29137581756225
385,10.06,3.0740125145225
385,10.0675,2.11801242436185
385,10.075,1.15338699708166
385,10.0825,0.196903423709151
385,10.09,-0.763834530805966
385,10.0975,-1.70817646199109
385,10.105,-2.68113456505464
385,10.1125,2.66736878902975
385,10.12,1.68934845716527
385,10.1275,0.713777024536557
385,10.135,-0.199687047025807
385,10.1425,-1.21671935425639
385,10.15,-2.19292468481426
385,10.1575,-3.14016144943211
385,10.165,2.15191378985203
385,10.1725,1.22434336763078
385,10.18,0.270179983056269
385,10.1875,-0.670969506967408
385,10.195,-1.58550766070985
385,10.2025,-2.50997813461543
385,10.21,2.89054379584103
385,10.2175,1.98832294033805
385,10.225,1.04761191788625
385,10.2325,0.280539513523176
385,10.24,-0.276238877154086
385,10.2475,-0.747124107282439
385,10.255,-1.41327566380697
385,10.2625,-2.24188113467877
385,10.27,3.10421296561833
385,10.2775,2.15006321682392
385,10.285,1.19540435935827
385,10.2925,0.146644748902806
385,10.3,-0.840839961746351
385,10.3075,-1.76783855741241
385,10.315,-2.64974166236587
385,10.3225,2.73804529052543
385,10.33,1.79458558604441
385,10.3375,0.920888121329128
385,10.345,-0.045482853201524
385,10.3525,-1.04673732383812
385,10.36,-1.98781976475158
385,10.3675,-2.94967843221344
385,10.375,2.32361349638967
385,10.3825,1.39889140427252
385,10.39,0.530222117458846
385,10.3975,-0.41755271022131
385,10.405,-1.35698735806455
385,10.4125,-2.32913221122529
385,10.42,2.97754313177912
385,10.4275,1.99725853461976
385,10.435,1.02877707061928
385,10.4425,0.0731823372594998
385,10.45,-0.913921402313647
385,10.4575,-1.87501761119545
385,10.465,-2.83880374890086
385,10.4725,2.51922331708574
385,10.48,1.6171884043804
385,10.4875,0.624745482287064
385,10.495,-0.260033780302296
385,10.5025,-1.18413993656074
385,10.51,-2.22102412900989
385,10.5175,3.12271206463525
385,10.525,2.1387391429029
385,10.5325,1.07281096656189
385,10.54,0.0756382720375098
385,10.5475,-0.848065691767982
385,10.555,-1.83994332465691
385,10.5625,-2.85633680441069
385,10.57,2.59342620975343
385,10.5775,1.56555357057034
385,10.585,0.547991701950252
385,10.5925,-0.195507283313427
385,10.6,-1.27561209799811
385,10.6075,-2.26742100396734
385,10.615,-2.92595233902291
385,10.6225,2.47172364066342
385,10.63,2.04191980923926
385,10.6375,1.35305940037999
385,10.645,0.414618079758738
385,10.6525,-0.57260904772228
385,10.66,-1.52786454825263
385,10.6675,-2.47406911684718
385,10.675,2.83882723453735
385,10.6825,2.05371701939604
385,10.69,1.19630367163315
385,10.6975,0.500340393284221
385,10.705,-0.421028368051812
385,10.7125,-1.44385134410185
385,10.72,-2.31426025741535
385,10.7275,2.89715701770739
385,10.735,1.92865374893113
385,10.7425,1.14760034472854
385,10.75,0.18532936206236
385,10.7575,-0.64924592052786
385,10.765,-1.41543126690397
385,10.7725,-2.14452831299964
385,10.78,-2.97224250087479
385,10.7875,2.4032849632368
385,10.795,1.47032231955601
385,10.8025,0.396458003761491
385,10.81,-0.625906517150955
385,10.8175,-1.58491438354617
385,10.825,-2.55152949053016
385,10.8325,2.77109184095226
385,10.84,1.81085806945521
385,10.8475,0.927116865952151
385,10.855,-0.038362787484128
385,10.8625,-1.04515280320317
385,10.87,-1.9844375618308
385,10.8775,-2.9714119904599
385,10.885,2.26731573306142
385,10.8925,1.30394710679285
385,10.9,0.360395031032059
385,10.9075,-0.636625276524841
385,10.915,-1.58406451279772
385,10.9225,-2.52941254443886
385,10.93,2.77689816858883
385,10.9375,1.78238087664723
385,10.945,0.821636995166845
385,10.9525,-0.106460128939599
385,10.96,-1.11941474665584
385,10.9675,-2.12835903156853
385,10.975,-3.03411715254681
385,10.9825,2.32910384151182
385,10.99,1.40673804380983
385,10.9975,0.613614809160531
385,11.005,-0.270351461199035
385,11.0125,-1.23101833111999
385,11.02,-2.05433361879853
385,11.0275,-3.03522271690011
385,11.035,2.19563479569355
385,11.0425,1.36066094614694
385,11.05,0.379058477863492
385,11.0575,-0.538579025305576
385,11.065,-1.33242125969992
385,11.0725,-2.34956008376896
385,11.08,2.95999922673106
385,11.0875,2.03409862829451
385,11.095,0.977442126688869
385,11.1025,-0.0372206822563504
385,11.11,-0.782799118433964
385,11.1175,-0.857089586598776
385,11.125,-0.989476844599698
385,11.1325,-1.78595734294254
385,11.14,-2.88228765902243
385,11.1475,2.25374808573908
385,11.155,1.25444152784786
385,11.1625,0.216831852709395
385,11.17,-0.856714003615682
385,11.1775,-1.78223626881773
385,11.185,-2.72643971235745
385,11.1925,2.61953867328942
385,11.2,1.78550735395878
385,11.2075,0.844153404524326
385,11.215,-0.0950246501271454
385,11.2225,-1.007948867373
385,11.23,-2.02116068847414
385,11.2375,-2.9951689305549
385,11.245,2.32147170834227
385,11.2525,1.26968141157774
385,11.26,0.273696294253381
385,11.2675,-0.644284902340152
385,11.275,-1.63284913259942
385,11.2825,-2.60216151673502
385,11.29,2.77039861328623
385,11.2975,1.77913395289228
385,11.305,0.856816447827625
385,11.3125,-0.0989202916586989
385,11.32,-1.14959368542399
385,11.3275,-2.07120546647806
385,11.335,-3.0466269435711
385,11.3425,2.22076432445925
385,11.35,1.38994897659663
385,11.3575,0.569175555524648
385,11.365,-0.38380165856379
385,11.3725,-1.28827587110801
385,11.38,-2.20266866602719
385,11.3875,3.03642410587064
385,11.395,2.04340145448747
385,11.4025,1.11907369563687
385,11.41,0.0978410290276858
385,11.4175,-0.886892053935902
385,11.425,-1.78233738332404
385,11.4325,-2.75588995792224
385,11.44,2.55840214873405
385,11.4475,1.54352699876739
385,11.455,0.490317755249499
385,11.4625,-0.498484544961534
385,11.47,-1.60271293950355
385,11.4775,-2.7143202489509
385,11.485,2.6404590930581
385,11.4925,1.67646206971299
385,11.5,0.547378852318178
385,11.5075,2.76640888312392
385,11.515,1.51628965277779
385,11.5225,0.449399693162451
385,11.53,-0.451769943512223
385,11.5375,-1.42857875937426
385,11.545,-2.41359805574317
385,11.5525,2.90878457798827
385,11.56,2.02578283234347
385,11.5675,1.08260647520146
385,11.575,0.117849293240341
385,11.5825,-0.772793233333557
385,11.59,-1.7302626210414
385,11.5975,-2.76623779085087
385,11.605,2.50528155689871
385,11.6125,1.58561689000185
385,11.62,0.58467490728711
385,11.6275,-0.402665109388565
385,11.635,-1.32179670285731
385,11.6425,-2.25279960279802
385,11.65,3.13501631836499
385,11.6575,2.18159863031481
385,11.665,1.20872936450695
385,11.6725,0.251741772822189
385,11.68,-0.751469080514469
385,11.6875,-1.73279180815661
385,11.695,-2.62027105965552
385,11.7025,2.67370384084925
385,11.71,1.73300380847776
385,11.7175,0.908756973394853
385,11.725,-0.0839894718644986
385,11.7325,-1.0018198547678
385,11.74,-1.91865157610092
385,11.7475,-2.98590379632683
385,11.755,2.29100661181766
385,11.7625,1.3381263519592
385,11.77,0.281255556839256
385,11.7775,-0.74796156406646
385,11.785,-1.69847871333111
385,11.7925,-2.7262871281216
385,11.8,2.55954693447547
385,11.8075,1.66448847059963
385,11.815,0.709079410638259
385,11.8225,-0.344060793570798
385,11.83,-1.34719010189461
385,11.8375,-2.2792040097558
385,11.845,2.88603844659664
385,11.8525,1.830506810481
385,11.86,0.97309157875909
385,11.8675,-0.104030652234789
385,11.875,-0.938817310400335
385,11.8825,-1.58587609767159
385,11.89,-2.55733781278274
385,11.8975,2.92250383887303
385,11.905,1.84170919853174
385,11.9125,0.712282608206335
385,11.92,-0.065353299124735
385,11.9275,-1.18489100722686
385,11.935,-2.30232109405482
385,11.9425,-1.81711339259083
385,11.95,-2.74434511640953
385,11.9575,2.82656259198666
385,11.965,1.99904372870989
385,11.9725,0.692217070751244
385,11.98,-0.61906865819727
385,11.9875,0.38447680085106
385,11.995,-0.785564420201761
385,12.0025,-1.42604506576518
385,12.01,-2.52002839079888
385,12.0175,2.5813455099477
385,12.025,1.56967001473446
385,12.0325,0.485994817724766
385,12.04,-0.60529052451205
385,12.0475,-1.68340887745512
385,12.055,-2.73732289115742
385,12.0625,2.64619110039708
385,12.07,1.7708663227003
385,12.0775,0.826605467588462
385,12.085,-0.0794608561275509
385,12.0925,-0.996491936536419
385,12.1,-2.00741367729983
385,12.1075,-2.99097475848429
385,12.115,2.31849965380269
385,12.1225,1.29733388924951
385,12.13,0.250693047025569
385,12.1375,-0.728164282435273
385,12.145,-1.63412056893906
385,12.1525,-2.66434917928526
385,12.16,2.63628651520846
385,12.1675,1.67904598628073
385,12.175,0.61793041155689
385,12.1825,-0.351182935538448
385,12.19,-1.28467130172948
385,12.1975,-2.3246199278692
385,12.205,2.9390715843433
385,12.2125,1.94565603490312
385,12.22,0.909201693089616
385,12.2275,-0.140948436648975
385,12.235,-1.06470517949147
385,12.2425,-1.99318356340664
385,12.25,-3.05352250525012
385,12.2575,2.40922646439258
385,12.265,1.61033541653493
385,12.2725,0.505355405168908
385,12.28,-0.469280075468232
385,12.2875,-1.36157421508191
385,12.295,-2.44226402629974
385,12.3025,2.65551229328919
385,12.31,1.97692683043737
385,12.3175,1.14208787702785
385,12.325,-0.154822570823297
385,12.3325,-0.936042293177877
385,12.34,-2.01594369186016
385,12.3475,2.68670964633158
385,12.355,1.29047850716096
385,12.3625,0.0927468743226687
385,12.37,-1.54539273306613
385,12.3775,-3.09462581123
385,12.385,2.04136236594455
385,12.3925,0.81993784320779
385,12.4,-0.411291084455635
385,12.4075,-1.33689530398536
385,12.415,-2.40758936524641
385,12.4225,3.0124955061999
385,12.43,2.43866087065458
385,12.4375,1.57922183777683
385,12.445,0.641131417924164
385,12.4525,-0.374332619420826
385,12.46,-1.41749809083547
385,12.4675,-2.51383731760871
385,12.475,2.79850982297544
385,12.4825,1.8353467929144
385,12.49,0.801394128359572
385,12.4975,-0.132757146866832
385,12.505,-1.0629366663217
385,12.5125,-2.03130744159954
385,12.52,-3.033649271329
385,12.5275,2.23470526392062
385,12.535,1.14359192636786
385,12.5425,0.0318103824508056
385,12.55,-1.02059192378503
385,12.5575,-2.08825250232976
385,12.565,-3.12693352678906
385,12.5725,2.2033447164026
385,12.58,1.27644521044333
385,12.5875,0.323950555419099
385,12.595,-0.458050286457625
385,12.6025,-1.33455027933994
385,12.61,-2.36734967871579
385,12.6175,2.92160650126839
385,12.625,1.81592400552986
385,12.6325,0.718325745775404
385,12.64,-0.308554009452989
385,12.6475,-1.38216731051315
385,12.655,-2.41008327873691
385,12.6625,2.86749497723715
385,12.67,1.87520132846976
385,12.6775,1.05442366376644
385,12.685,0.151348550907473
385,12.6925,-0.94806734236717
385,12.7,-2.06482797677885
385,12.7075,3.09700670900235
385,12.715,1.80713912538931
385,12.7225,0.288018354750143
385,12.73,-1.2199004548995
385,12.7375,-2.13340674922505
385,12.745,2.44892155971977
385,12.7525,0.625828741218255
385,12.76,1.1212408056563
385,12.7675,-0.0250910356088764
385,12.775,-0.713210403979495
385,12.7825,-1.77850691664409
385,12.79,-2.84398626953215
385,12.7975,2.33301355740109
385,12.805,1.10680849954957
385,12.8125,0.0127450769231798
385,12.82,-1.09404275371346
385,12.8275,-2.24354473358981
385,12.835,2.90549525017198
385,12.8425,1.82840211318042
385,12.85,0.893525528166512
385,12.8575,-0.0943637381500567
385,12.865,-1.01880530011201
385,12.8725,-1.85653809437733
385,12.88,-2.77266170696008
385,12.8875,2.54731599617522
385,12.895,1.52613847299554
385,12.9025,0.50265949557858
385,12.91,-0.522213301001323
385,12.9175,-1.56807624704396
385,12.925,-2.31366862863115
385,12.9325,3.13234142633888
385,12.94,2.13583945038905
385,12.9475,1.34183354059478
385,12.955,0.413083660455696
385,12.9625,-0.638774082700811
385,12.97,-1.69184708931377
385,12.9775,-2.68980714748324
385,12.985,2.47904151551922
385,12.9925,1.31820180050013
385,13,0.370626659705952
385,13.0075,-0.63988302081264
385,13.015,-1.60368114233104
385,13.0225,-2.2290990746159
385,13.03,3.13251423966843
385,13.0375,2.23386317050355
385,13.045,1.42239964301461
385,13.0525,0.347369326536586
385,13.06,-0.872560502107697
385,13.0675,-1.82311623010414
385,13.075,-2.86190059470909
385,13.0825,2.15782199818329
385,13.09,1.30122344966339
385,13.0975,0.465875331410139
385,13.105,-0.629203774172971
385,13.1125,-1.43810563062964
385,13.12,-2.48008765902497
385,13.1275,2.62078421721214
385,13.135,1.45224930432664
385,13.1425,0.0687022534981469
385,13.15,-1.41600513322398
385,13.1575,-2.72409956702296
385,13.165,2.23515625340533
385,13.1725,0.793841286021226
385,13.18,-0.519270611043267
385,13.1875,-1.62539016926847
385,13.195,-2.45161240171955
385,13.2025,3.12565212165837
385,13.21,2.52314088442044
385,13.2175,1.61661405793096
385,13.225,0.447686502131549
385,13.2325,-0.675598519415649
385,13.24,-1.70801652135939
385,13.2475,-2.76234335077474
385,13.255,2.37420761150351
385,13.2625,1.28512366679816
385,13.27,0.338088225695135
385,13.2775,-0.661082627383115
385,13.285,-1.57041633425466
385,13.2925,-2.51296888328062
385,13.3,2.72191923153672
385,13.3075,1.75130494623532
385,13.315,0.703153348532069
385,13.3225,-0.369146586705835
385,13.33,-1.32759279424133
385,13.3375,-2.40081497817225
385,13.345,2.7238643229944
385,13.3525,1.70953595222978
385,13.36,0.733149636499977
385,13.3675,-0.255785229673858
385,13.375,-1.07897582115373
385,13.3825,-1.88945333920686
385,13.39,-2.77364118768565
385,13.3975,2.61454402514493
385,13.405,1.75739101724467
385,13.4125,0.697851277388787
385,13.42,-0.460482694527261
385,13.4275,-1.51601330691044
385,13.435,-2.56779093327085
385,13.4425,2.78325737682405
385,13.45,2.24282141724915
385,13.4575,1.41861884657346
385,13.465,0.533318084808408
385,13.4725,-0.29130746269763
385,13.48,-1.3688938641812
385,13.4875,-2.42406460775913
385,13.495,2.97195022431667
385,13.5025,2.08831771070702
385,13.51,1.25340577153658
385,13.5175,1.69831559973451
385,13.525,0.558778976805819
385,13.5325,-0.547068877118492
385,13.54,-1.3946327551727
385,13.5475,-2.5797390318394
385,13.555,2.50823436183777
385,13.5625,1.6318672556162
385,13.57,0.656301914945599
385,13.5775,-0.290578968203605
385,13.585,-0.813693778580455
385,13.5925,-1.66751436114894
385,13.6,-2.54717166764556
385,13.6075,2.7330362342433
385,13.615,1.65686370863904
385,13.6225,0.677238563298126
385,13.63,-0.338541366979051
385,13.6375,-1.37348049236014
385,13.645,-2.31660945708553
385,13.6525,3.10920412125596
385,13.66,2.20214710439283
385,13.6675,1.29022251863589
385,13.675,0.393907874492385
385,13.6825,-0.702302193476803
385,13.69,-1.71594664765031
385,13.6975,-2.66290278774938
385,13.705,2.49493328853432
385,13.7125,1.40493174094413
385,13.72,0.483596840403936
385,13.7275,-0.426382854151759
385,13.735,-0.970318206831298
385,13.7425,-1.1636871542723
385,13.75,-2.32845272682649
385,13.7575,2.90907939963328
385,13.765,2.02916916447801
385,13.7725,0.919022762972447
385,13.78,-0.0701163463242445
385,13.7875,-0.807695244962479
385,13.795,-1.91974295758987
385,13.8025,-2.78174233675051
385,13.81,2.90233303363089
385,13.8175,1.92940184962339
385,13.825,1.1435195524102
385,13.8325,0.0489642887335865
385,13.84,-1.09797844610268
385,13.8475,-2.13162994722438
385,13.855,3.11156672457807
385,13.8625,2.11362521976639
385,13.87,1.01429624374314
385,13.8775,0.0655201758015436
385,13.885,-0.760304561582168
385,13.8925,-1.71688784266494
385,13.9,-2.47370220007942
385,13.9075,2.78571544060679
385,13.915,1.66895402662249
385,13.9225,0.651973074257662
385,13.93,-0.416953709498303
385,13.9375,-1.39714636039368
385,13.945,-1.89573646416557
385,13.9525,-2.3271328513763
385,13.96,-2.8070432343363
385,13.9675,2.51735760991002
385,13.975,1.39815449982271
385,13.9825,0.414478341158059
385,13.99,-0.639441261570621
385,13.9975,-1.82301791928756
385,14.005,-2.90172636176125
385,14.0125,2.60231209298851
385,14.02,1.7190166391236
385,14.0275,1.49376404339021
385,14.035,0.859300636948711
385,14.0425,-0.172608560252618
385,14.05,-1.10446367826633
385,14.0575,-2.11485944713765
385,14.065,-3.13232478923004
385,14.0725,2.13773952120744
385,14.08,1.201684022901
385,14.0875,0.229737349170597
385,14.095,-0.715482425406627
385,14.1025,-1.46166997038359
385,14.11,-2.39659098418828
385,14.1175,2.99325317474442
385,14.125,2.04589597675627
385,14.1325,0.992226615021226
385,14.14,0.0674289342159634
385,14.1475,-0.928333127960539
385,14.155,-1.95419908152491
385,14.1625,-2.83881169063372
385,14.17,2.57374831055706
385,14.1775,1.65205801295376
385,14.185,0.7002642017971
385,14.1925,-0.285504560381778
385,14.2,-1.34779975671181
385,14.2075,-2.44762010242779
385,14.215,2.80026885887842
385,14.2225,1.78123942069226
385,14.23,0.763824910593553
385,14.2375,-0.0710731953380812
385,14.245,-0.859293127960881
385,14.2525,-1.64167609437956
385,14.26,-2.41969483782837
385,14.2675,2.86908463595868
385,14.275,1.88185366269847
385,14.2825,0.87055257992077
385,14.29,-0.21053155861163
385,14.2975,-1.16941148584169
385,14.305,-1.95736763844899
385,14.3125,-2.74067807973528
385,14.32,2.66358265297498
385,14.3275,1.8151465142202
385,14.335,0.813682038028161
385,14.3425,-0.212948683224058
385,14.35,-1.10976462545425
385,14.3575,-2.15897770500567
385,14.365,3.1089610016473
385,14.3725,2.18346069245899
385,14.38,1.21719673445348
385,14.3875,0.23437053525711
385,14.395,-0.671808272857097
385,14.4025,-1.62701006297178
385,14.41,-2.64484159434283
385,14.4175,2.75656196693137
385,14.425,1.78208340710487
385,14.4325,0.809968230384796
385,14.44,-0.184247546952306
385,14.4475,-1.23988665364402
385,14.455,-2.12805456152981
385,14.4625,-2.92979338318111
385,14.47,2.65263075611857
385,14.4775,1.74430491852405
385,14.485,0.894428123505686
385,14.4925,-0.0855196470445533
385,14.5,-1.05257376318339
385,14.5075,-1.83202591485969
385,14.515,-2.86375443853794
385,14.5225,-2.9813526563142
385,14.53,2.86339186531245
385,14.5375,1.92893421995515
385,14.545,0.986169493835777
385,14.5525,-0.103189197292257
385,14.56,-1.20075520092138
385,14.5675,-2.23720044902523
385,14.575,3.0447373676614
385,14.5825,2.04125534449264
385,14.59,1.09150150560797
385,14.5975,0.39000652395007
385,14.605,-0.519200343819625
385,14.6125,-1.38081219064866
385,14.62,-2.20003185174179
385,14.6275,3.01546077421826
385,14.635,2.04190336951672
385,14.6425,1.03187041899109
385,14.65,0.0139157172448657
385,14.6575,-0.976688681213408
385,14.665,-1.97393165484564
385,14.6725,-2.81485295487662
385,14.68,2.56566583795382
385,14.6875,1.65201742436958
385,14.695,0.696338397502759
385,14.7025,-0.378847892782766
385,14.71,-1.41814878357803
385,14.7175,-2.4675788265607
385,14.725,2.71540455915666
385,14.7325,1.67541146444363
385,14.74,0.696535480111903
385,14.7475,-0.154077443288851
385,14.755,-0.801065858831005
385,14.7625,-1.56178983825211
385,14.77,-2.42636141394174
385,14.7775,2.82313659162296
385,14.785,1.83698481609318
385,14.7925,0.842465929043531
385,14.8,-0.212975809658021
385,14.8075,-1.12594386662105
385,14.815,-1.97515074104378
385,14.8225,-2.67635249727317
385,14.83,2.96153032400263
385,14.8375,2.17563610407127
385,14.845,1.11488139543549
385,14.8525,0.0171077932423034
385,14.86,-0.982077241819832
385,14.8675,-1.99159516584255
385,14.875,-3.02759853774444
385,14.8825,2.36391053098319
385,14.89,1.72655134225123
385,14.8975,0.973666836519487
385,14.905,0.391595205926166
385,14.9125,-0.514371995444957
385,14.92,-1.60183979745676
385,14.9275,-2.64023545085879
385,14.935,2.67308945779769
385,14.9425,1.79709334560699
385,14.95,0.880932144849098
385,14.9575,0.116862639599106
385,14.965,-0.697731211685508
385,14.9725,-1.65302216615117
385,14.98,-2.53049958737572
385,14.9875,2.7611946301112
385,14.995,1.70734911794517
385,15.0025,0.681194323197094
385,15.01,-0.399397362373053
385,15.0175,-1.40486258047422
385,15.025,-2.1945248983905
385,15.0325,-2.79608208250723
385,15.04,2.96496269045901
385,15.0475,2.0869849072019
385,15.055,1.09619749919215
385,15.0625,-0.00261859705012429
385,15.07,-1.04555987708004
385,15.0775,-2.09546882075473
385,15.085,3.0609665284942
385,15.0925,2.08095732849521
385,15.1,1.14893030148064
385,15.1075,0.260644122783921
385,15.115,-0.482167097945813
385,15.1225,-1.36336276973089
385,15.13,-2.33170980409222
385,15.1375,2.88913244057163
385,15.145,1.84660348611669
385,15.1525,0.854635280383456
385,15.16,-0.150939092876645
385,15.1675,-1.10469780038913
385,15.175,-2.06626928703941
385,15.1825,-2.99023856061984
385,15.19,2.50897789395198
385,15.1975,1.63136317502907
385,15.205,0.707646578696231
385,15.2125,-0.345335544965787
385,15.22,-1.44331045164429
385,15.2275,-2.48015486964156
385,15.235,2.72109529571189
385,15.2425,1.76490419368392
385,15.25,0.794096091458387
385,15.2575,-0.170046590323786
385,15.265,-0.734501141359928
385,15.2725,-1.40039147053184
385,15.28,-1.96747362228413
385,15.2875,-2.94964096729029
385,15.295,2.37166418501079
385,15.3025,1.38398287942589
385,15.31,0.588824388738869
385,15.3175,0.164634457852236
385,15.325,-0.73083119072417
385,15.3325,-1.41583547340901
385,15.34,-2.37365900180953
385,15.3475,2.83603086792756
385,15.355,1.82520669641527
385,15.3625,0.73411453659595
385,15.37,-0.348573740828991
385,15.3775,-1.34727766952958
385,15.385,-2.21142353107363
385,15.3925,-2.95442453400678
385,15.4,2.41750527523481
385,15.4075,1.5752749683888
385,15.415,0.620459257567814
385,15.4225,-0.452611590733595
385,15.43,-1.43351070760447
385,15.4375,-2.48142244522242
385,15.445,2.74455519230869
385,15.4525,1.7995547113473
385,15.46,0.945607939562074
385,15.4675,0.155913258936303
385,15.475,-0.687393279715078
385,15.4825,-1.51405267372787
385,15.49,-2.48898460920201
385,15.4975,2.74040407600026
385,15.505,1.71193661963066
385,15.5125,0.629559894174641
385,15.52,-0.413531108694611
385,15.5275,-1.36623315212452
385,15.535,-2.28450505354917
385,15.5425,-3.09632467339761
385,15.55,2.40429389110122
385,15.5575,1.58808519046348
385,15.565,0.739706203481285
385,15.5725,-0.170944808799722
385,15.58,-1.17333192222644
385,15.5875,-2.24670391364177
385,15.595,2.9926448836721
385,15.6025,1.98269813830849
385,15.61,1.04810853392677
385,15.6175,0.212704242620988
385,15.625,-0.600904314777917
385,15.6325,-1.39329384996914
385,15.64,-2.29177228681676
385,15.6475,2.9727735446511
385,15.655,1.92264113295612
385,15.6625,0.879215872857211
385,15.67,-0.176516422784401
385,15.6775,-1.08297586677734
385,15.685,-1.87539410749052
385,15.6925,-2.68980241600705
385,15.7,2.79483283952053
385,15.7075,1.78593399870314
385,15.715,0.763438732299204
385,15.7225,-0.282284875156262
385,15.73,-1.38679791164341
385,15.7375,-2.48354537724602
385,15.745,2.71293528567895
385,15.7525,1.73011518531523
385,15.76,0.83002139465494
385,15.7675,0.0127453932098018
385,15.775,-0.677718490693032
385,15.7825,-1.60318812191551
385,15.79,-2.52969397739223
385,15.7975,2.78950370082232
385,15.805,1.70995035741233
385,15.8125,0.70786881663031
385,15.82,-0.246359852944538
385,15.8275,-0.961094983901318
385,15.835,-1.05311470218677
385,15.8425,-1.56864139023188
385,15.85,-2.54138717897575
385,15.8575,2.73685554115022
385,15.865,1.81935048933028
385,15.8725,0.678783053191432
385,15.88,-0.399047802753397
385,15.8875,-1.36130667462678
385,15.895,-2.43869175250361
385,15.9025,2.93190654589465
385,15.91,2.07050044622663
385,15.9175,1.21883712558352
385,15.925,0.373022669884865
385,15.9325,-0.61640725088953
385,15.94,-1.52952639077216
385,15.9475,-2.55932108398145
385,15.955,2.68985895778194
385,15.9625,1.7080740683324
385,15.97,0.672264724169939
385,15.9775,-0.215788899426749
385,15.985,-0.981490708224672
385,15.9925,-1.76240261003011
385,16,-2.64106776071771
395,4,2.50067343542519
395,4.0075,1.4596905654527
395,4.015,0.487211344245147
395,4.0225,-0.489313980055584
395,4.03,-1.45020511727158
395,4.0375,-2.20368770925847
395,4.045,-3.06894187055293
395,4.0525,2.336229097146
395,4.06,1.45223926476013
395,4.0675,0.395541848434238
395,4.075,-0.571458994629284
395,4.0825,-1.5420520334349
395,4.09,-2.6429777128398
395,4.0975,2.70961240484607
395,4.105,1.76672184045247
395,4.1125,0.732740549196965
395,4.12,-0.133972590531882
395,4.1275,-1.10204434341992
395,4.135,-2.12631459835229
395,4.1425,-3.05403658528076
395,4.15,2.27854254573283
395,4.1575,1.23259352138673
395,4.165,0.177529873608538
395,4.1725,-0.797424472109314
395,4.18,-1.774842952623
395,4.1875,-2.6923591824614
395,4.195,2.82210905509294
395,4.2025,1.934068415226
395,4.21,1.05377846269263
395,4.2175,0.129808177371478
395,4.225,-0.838832256525592
395,4.2325,-1.58305008642022
395,4.24,-2.57460600380066
395,4.2475,2.76232741910502
395,4.255,2.00212938632311
395,4.2625,0.924831191768095
395,4.27,0.0583442229549868
395,4.2775,-0.624152902887113
395,4.285,-1.24990497528018
395,4.2925,-1.70355494163998
395,4.3,-2.39802251928947
395,4.3075,2.91766744878205
395,4.315,2.01701909034843
395,4.3225,1.15732362709493
395,4.33,0.110443054333808
395,4.3375,-0.837065543644356
395,4.345,-1.83461545753885
395,4.3525,-2.92438582595765
395,4.36,2.35512713480862
395,4.3675,1.32101779722974
395,4.375,0.223738233496865
395,4.3825,-0.720390323669202
395,4.39,-1.61466796690512
395,4.3975,-2.40442830793494
395,4.405,-3.00608526398071
395,4.4125,2.46497603076371
395,4.42,1.54345227642121
395,4.4275,0.471022840267046
395,4.435,-0.633222920654402
395,4.4425,-1.71323338587761
395,4.45,-2.81613063162887
395,4.4575,2.44200703229627
395,4.465,1.51907583875722
395,4.4725,0.760430359960277
395,4.48,-0.00396042239301811
395,4.4875,-0.857854763056209
395,4.495,-1.75096710203028
395,4.5025,-2.76436413499048
395,4.51,2.511693007039
395,4.5175,1.47477880264119
395,4.525,0.470605570024355
395,4.5325,-0.49067708676641
395,4.54,-1.42505402717109
395,4.5475,-2.2153741981669
395,4.555,-3.05956531379714
395,4.5625,2.22240387463375
395,4.57,1.20309086534134
395,4.5775,0.251180375042959
395,4.585,-0.731988047673691
395,4.5925,-1.62899494300906
395,4.6,-2.55146548239172
395,4.6075,2.71160547854881
395,4.615,1.8044376469225
395,4.6225,0.88888050821598
395,4.63,0.0629100118314643
395,4.6375,-0.795744180085007
395,4.645,-1.58731021498872
395,4.6525,-2.40435491767305
395,4.66,2.92342815482217
395,4.6675,1.96408812084674
395,4.675,0.940653840874409
395,4.6825,-0.050343310004854
395,4.69,-0.749394871848457
395,4.6975,-1.05976426061024
395,4.705,-1.98204930173504
395,4.7125,-3.06186068651786
395,4.72,2.08233024055162
395,4.7275,0.91914089750521
395,4.735,-0.210397967636542
395,4.7425,-1.27057172396002
395,4.75,-2.11331853810796
395,4.7575,-2.47402141440896
395,4.765,-2.81472359588808
395,4.7725,2.59505307766627
395,4.78,1.45731390729228
395,4.7875,0.359704349346879
395,4.795,-0.671695385713184
395,4.8025,-1.79265264193573
395,4.81,-2.80293845227249
395,4.8175,2.91086977841278
395,4.825,2.17636614659483
395,4.8325,1.39528951678669
395,4.84,0.452847346431843
395,4.8475,-0.625291123015343
395,4.855,-1.72503984697978
395,4.8625,-2.79547346307776
395,4.87,2.49480734843569
395,4.8775,1.44184746610207
395,4.885,0.465891107711345
395,4.8925,-0.479561929174732
395,4.9,-1.47305265596842
395,4.9075,-2.39964900114576
395,4.915,2.93694288201308
395,4.9225,1.98820374471206
395,4.93,1.00349215874735
395,4.9375,0.024429060599515
395,4.945,-0.945490211799593
395,4.9525,-2.00427348499847
395,4.96,-3.0520605530841
395,4.9675,2.25083826290148
395,4.975,1.25820525870336
395,4.9825,0.481004510595534
395,4.99,-0.164682177269585
395,4.9975,-0.837119160501032
395,5.005,-1.6056094649906
395,5.0125,-2.66992091706359
395,5.02,2.52180861842961
395,5.0275,1.48300418369157
395,5.035,0.482568237416361
395,5.0425,-0.487299115380323
395,5.05,-1.37659240303368
395,5.0575,-2.25682206515312
395,5.065,3.0792594821549
395,5.0725,2.08955242779423
395,5.08,1.09277258696814
395,5.0875,0.0531765901097568
395,5.095,-1.04616931865728
395,5.1025,-2.06933376079973
395,5.11,-3.04492145007827
395,5.1175,2.58972996607693
395,5.125,2.26877595244557
395,5.1325,1.36884555195589
395,5.14,0.380137701577644
395,5.1475,-0.683056982424962
395,5.155,-1.75127061042538
395,5.1625,-2.92068857137171
395,5.17,1.98685152962304
395,5.1775,0.335521643758142
395,5.185,-2.34573889435469
395,5.1925,2.31509160268214
395,5.2,0.997388490272392
395,5.2075,-0.201084265261627
395,5.215,-1.29196184647354
395,5.2225,-2.39902989105389
395,5.23,2.73247652164581
395,5.2375,1.60435598361786
395,5.245,0.623003774881772
395,5.2525,0.00150003710178434
395,5.26,-0.341032419482478
395,5.2675,-1.14345720376972
395,5.275,-2.08775689819556
395,5.2825,-3.11911326547452
395,5.29,2.13547563089243
395,5.2975,1.14815617745777
395,5.305,0.134086750881077
395,5.3125,-0.692337561186619
395,5.32,-1.57756924950762
395,5.3275,-2.51304490397514
395,5.335,2.76990418376695
395,5.3425,1.678854930013
395,5.35,0.614258945546147
395,5.3575,-0.492877751580961
395,5.365,-1.55276655166145
395,5.3725,-2.51646502794191
395,5.38,2.82023759083692
395,5.3875,1.90593221790696
395,5.395,0.965153131454957
395,5.4025,0.0365470605294482
395,5.41,-0.977232384397232
395,5.4175,-1.95803604589267
395,5.425,-2.8923595422556
395,5.4325,2.32042027090663
395,5.44,1.28212149461318
395,5.4475,0.260245412130142
395,5.455,-0.77033704241584
395,5.4625,-1.59234281430221
395,5.47,-2.52273121330762
395,5.4775,2.82910246998954
395,5.485,2.01607794391883
395,5.4925,0.925461437748473
395,5.5,-0.00802573103064097
395,5.5075,-0.917915733288866
395,5.515,-2.07386624359395
395,5.5225,3.13345901991642
395,5.53,2.14030321441001
395,5.5375,1.21081219188333
395,5.545,0.326648876317118
395,5.5525,0.27511665928283
395,5.56,-0.410336441740536
395,5.5675,-1.10929858181457
395,5.575,-2.1481316188453
395,5.5825,3.09563561660745
395,5.59,2.02934211937273
395,5.5975,0.791512038345735
395,5.605,-0.0951857514286188
395,5.6125,-0.831866419896651
395,5.62,-1.64185455002514
395,5.6275,-2.47864943760735
395,5.635,3.05117487790849
395,5.6425,2.41291447148215
395,5.65,1.50176298711353
395,5.6575,0.846422767966693
395,5.665,-0.0311331114700662
395,5.6725,-0.982881250065026
395,5.68,-2.02846813796075
395,5.6875,3.13930565185228
395,5.695,2.06927822654209
395,5.7025,1.03423519703694
395,5.71,-0.0125073034908813
395,5.7175,-1.00869846316382
395,5.725,-1.79381009041414
395,5.7325,-2.44741368142501
395,5.74,3.10509461789984
395,5.7475,2.38334879790082
395,5.755,1.39317185394483
395,5.7625,0.460249353015142
395,5.77,-0.373004919077736
395,5.7775,-1.39696776893188
395,5.785,-2.47549542731646
395,5.7925,2.77765427445074
395,5.8,1.72915432537206
395,5.8075,0.607376496509961
395,5.815,-0.403852784352024
395,5.8225,-1.25107286084671
395,5.83,-2.13030344250868
395,5.8375,-3.05847292254269
395,5.845,2.30359060554269
395,5.8525,1.3890629054082
395,5.86,0.354639936442484
395,5.8675,-0.673357607343097
395,5.875,-1.65663934855221
395,5.8825,-2.6042133474661
395,5.89,2.76513001896845
395,5.8975,1.81773047208841
395,5.905,1.02433985332479
395,5.9125,0.172421118379771
395,5.92,-0.820174661771144
395,5.9275,-1.8890823935924
395,5.935,-2.93949554221724
395,5.9425,2.22170402487392
395,5.95,1.06871195922309
395,5.9575,0.137888006063061
395,5.965,-0.756746984158219
395,5.9725,-1.87000008941146
395,5.98,-2.46746046165793
395,5.9875,2.98550992543161
395,5.995,2.14198976831596
395,6.0025,1.4418727580195
395,6.01,0.258880543298464
395,6.0175,-0.222263654737357
395,6.025,-1.3070369453439
395,6.0325,-2.29019906905177
395,6.04,-2.98418706403433
395,6.0475,2.01973499265961
395,6.055,0.928893799268235
395,6.0625,0.0225198537299431
395,6.07,-0.481163552941495
395,6.0775,-1.53648527415227
395,6.085,2.79117838394127
395,6.0925,-0.977327837117277
395,6.1,-1.77282293041904
395,6.1075,-2.82420412485978
395,6.115,2.21356634780113
395,6.1225,0.938108426539028
395,6.13,-0.257359547861811
395,6.1375,-1.22001857308781
395,6.145,-2.37701912650617
395,6.1525,2.75184465697068
395,6.16,1.86362546088455
395,6.1675,0.737098463395241
395,6.175,-0.0685993605897495
395,6.1825,-0.742576195535593
395,6.19,-1.84976472090828
395,6.1975,-2.6230159626228
395,6.205,2.63864390890291
395,6.2125,1.44543656108647
395,6.22,0.550060792754449
395,6.2275,-0.349382441230924
395,6.235,-1.37679691236132
395,6.2425,-2.19066297679132
395,6.25,-3.02932294792351
395,6.2575,2.34781184475975
395,6.265,1.52876886890365
395,6.2725,0.563913889734076
395,6.28,-0.497868269233876
395,6.2875,-1.51243446386259
395,6.295,-2.54557702229651
395,6.3025,2.68351505549896
395,6.31,1.80965782781549
395,6.3175,0.923696662648271
395,6.325,0.0395621040148534
395,6.3325,-0.73348825252899
395,6.34,-1.63137272369377
395,6.3475,-2.62421768415414
395,6.355,2.63219527888829
395,6.3625,1.56755037447636
395,6.37,0.445262978069084
395,6.3775,-0.67609923062773
395,6.385,-1.61664835255123
395,6.3925,-2.34781367202729
395,6.4,-3.12766626585461
395,6.4075,2.28515095993873
395,6.415,1.21202600816596
395,6.4225,0.0808405779399475
395,6.43,-0.961500105050093
395,6.4375,-1.97645590809299
395,6.445,-2.79147176753878
395,6.4525,2.79221735169485
395,6.46,1.89435026210887
395,6.4675,1.41937701869486
395,6.475,0.561101023188515
395,6.4825,-0.500162531711781
395,6.49,-1.61113641698758
395,6.4975,-2.53332217187584
395,6.505,2.75427048646972
395,6.5125,1.57621848476685
395,6.52,1.96112386412068
395,6.5275,0.685215793070679
395,6.535,-0.0455503113012003
395,6.5425,-0.617011197470107
395,6.55,-1.88619875506111
395,6.5575,-2.65356943214377
395,6.565,2.83496621575739
395,6.5725,1.66456003266275
395,6.58,0.76006024618092
395,6.5875,0.103143917139465
395,6.595,-0.875895038110613
395,6.6025,-1.83630369601929
395,6.61,-2.72319768693379
395,6.6175,2.48886999457646
395,6.625,1.52416264769735
395,6.6325,0.49547312642568
395,6.64,-0.672155826878104
395,6.6475,-1.54831057826697
395,6.655,-2.36122776398391
395,6.6625,3.10450919879039
395,6.67,2.4970267338874
395,6.6775,1.42518028167275
395,6.685,0.257844784390975
395,6.6925,-0.622747344157198
395,6.7,-1.70228972525462
395,6.7075,-2.94930450905294
395,6.715,2.59245648443106
395,6.7225,1.63125411541529
395,6.73,0.403355273374499
395,6.7375,-0.377781745655908
395,6.745,-1.26141555480435
395,6.7525,-2.34289326505123
395,6.76,3.1243576105975
395,6.7675,2.2193116460269
395,6.775,1.22675315578258
395,6.7825,0.52623366416043
395,6.79,-0.459969001763002
395,6.7975,-1.27214152228271
395,6.805,-2.07785861780643
395,6.8125,-3.01077840815427
395,6.82,2.34097305981211
395,6.8275,1.35991467922169
395,6.835,0.436416474206077
395,6.8425,-0.596716163372989
395,6.85,-1.23740083721465
395,6.8575,-2.28845334282573
395,6.865,2.8620140094065
395,6.8725,2.16313033895408
395,6.88,1.23949630118744
395,6.8875,0.660168370381345
395,6.895,0.0829511057253359
395,6.9025,-0.968262614587758
395,6.91,-1.99170168167955
395,6.9175,-2.99930227588069
395,6.925,2.12631547275692
395,6.9325,0.971227149422957
395,6.94,-0.0470885638651289
395,6.9475,-1.1017796186984
395,6.955,-2.21785390394666
395,6.9625,-3.09436860083624
395,6.97,2.41146284097256
395,6.9775,1.43178179311859
395,6.985,0.539833894348838
395,6.9925,-0.38971300436086
395,7,-1.3520273494708
395,7.0075,-2.18672191064675
395,7.015,-2.73145076982414
395,7.0225,2.96450009898844
395,7.03,2.18312005042928
395,7.0375,1.2921224473636
395,7.045,0.23964088560139
395,7.0525,-0.854162976082817
395,7.06,-1.92558994103803
395,7.0675,-2.9140374738218
395,7.075,2.45884457442806
395,7.0825,1.64055607579227
395,7.09,0.966383843640742
395,7.0975,0.300851989403637
395,7.105,-0.638532217343177
395,7.1125,-1.717060128084
395,7.12,-2.66486146014794
395,7.1275,2.66982894237119
395,7.135,1.55911300238073
395,7.1425,0.512364297668889
395,7.15,-0.26886644813389
395,7.1575,-1.30535979669969
395,7.165,-2.27259034250062
395,7.1725,-2.994071058827
395,7.18,2.22579448214442
395,7.1875,1.35493805506127
395,7.195,0.443090155560783
395,7.2025,-0.683711552284724
395,7.21,-1.51262666096388
395,7.2175,-2.52153005504905
395,7.225,2.64999177643285
395,7.2325,1.90818143147047
395,7.24,0.908183972853629
395,7.2475,-0.0435640747484333
395,7.255,-0.846327844704208
395,7.2625,-1.87868923539654
395,7.27,-2.85895543489148
395,7.2775,2.41756137428415
395,7.285,1.48009376383927
395,7.2925,0.470043487769227
395,7.3,-0.556416766168021
395,7.3075,-1.31310104517554
395,7.315,-2.33300929537058
395,7.3225,3.01440312020507
395,7.33,2.1854362163779
395,7.3375,1.20644242704645
395,7.345,0.368480554672055
395,7.3525,-0.473815684546747
395,7.36,-1.41518204444754
395,7.3675,-2.34422085501846
395,7.375,3.1043705259044
395,7.3825,2.09905536038115
395,7.39,1.27625585246044
395,7.3975,0.47654813654447
395,7.405,-0.712759707464987
395,7.4125,-1.65415156821811
395,7.42,-2.49452387173227
395,7.4275,2.62444025088067
395,7.435,1.98982932979182
395,7.4425,1.16856321886849
395,7.45,0.309156501466394
395,7.4575,-0.293230113065226
395,7.465,-1.42480392466607
395,7.4725,-2.42397027813956
395,7.48,2.86590109031811
395,7.4875,1.70706192496751
395,7.495,0.606604123076469
395,7.5025,-0.404244783048374
395,7.51,-1.38000881075464
395,7.5175,-2.45500667789422
395,7.525,2.96781034393394
395,7.5325,2.4212176743655
395,7.54,1.43600482794246
395,7.5475,0.873295282359189
395,7.555,0.0273447726978988
395,7.5625,-0.949207881898208
395,7.57,-1.65304857228622
395,7.5775,-2.43384322595212
395,7.585,2.98723323360708
395,7.5925,2.06367526730559
395,7.6,1.16657160947717
395,7.6075,0.211613979893414
395,7.615,-0.671752189160565
395,7.6225,-1.60932277319335
395,7.63,-2.6245281672171
395,7.6375,2.72077845808631
395,7.645,1.73627805090504
395,7.6525,0.724116791793423
395,7.66,-0.128787769352748
395,7.6675,-1.03822220988782
395,7.675,-2.00596004980771
395,7.6825,-2.89021637664224
395,7.69,2.43467525227403
395,7.6975,1.43074832166985
395,7.705,0.461223119703158
395,7.7125,-0.524193953173324
395,7.72,-1.52980376889286
395,7.7275,-2.50900755566613
395,7.735,2.78699086939667
395,7.7425,1.83852006137925
395,7.75,0.930258508253867
395,7.7575,-0.0468702391556916
395,7.765,-0.958862685298626
395,7.7725,-1.81819380701734
395,7.78,-2.79392151510421
395,7.7875,2.63177228841863
395,7.795,1.73190083837636
395,7.8025,0.764264871542109
395,7.81,-0.13635574405081
395,7.8175,-1.14728888666276
395,7.825,-2.05541504578822
395,7.8325,-3.08302122742021
395,7.84,2.10937831243841
395,7.8475,1.19770623805876
395,7.855,0.0847871879318177
395,7.8625,-1.02786873512664
395,7.87,-1.7991666788284
395,7.8775,-2.86400250752063
395,7.885,2.40942845548895
395,7.8925,1.94689642681515
395,7.9,0.859144332683697
395,7.9075,-0.016769943836748
395,7.915,-0.621483770626827
395,7.9225,-1.78954735094424
395,7.93,-2.72227775407669
395,7.9375,2.79961051578457
395,7.945,1.77050324499845
395,7.9525,1.14644649798834
395,7.96,0.553674245857289
395,7.9675,-0.285165221535273
395,7.975,-1.15170492660968
395,7.9825,-2.20117799543313
395,7.99,3.06414844477494
395,7.9975,2.20120478587804
395,8.005,1.20997869250957
395,8.0125,0.360093790712252
395,8.02,-0.330649021566874
395,8.0275,-1.26183477755985
395,8.035,-2.19859423067912
395,8.0425,-3.11393940912734
395,8.05,2.16176324149164
395,8.0575,1.07061484406745
395,8.065,0.108670917448997
395,8.0725,-0.85715853536896
395,8.08,-1.91627232257456
395,8.0875,-2.74635375501613
395,8.095,2.73546659936374
395,8.1025,1.82018175506713
395,8.11,1.07672613311999
395,8.1175,0.197651435409084
395,8.125,-0.773654373779592
395,8.1325,-1.60037885083646
395,8.14,-2.60284451194148
395,8.1475,2.66442851319703
395,8.155,1.7774399167552
395,8.1625,0.780716836978378
395,8.17,-0.209814165154371
395,8.1775,-1.16964493906395
395,8.185,-2.20776696916382
395,8.1925,3.03478302836981
395,8.2,2.00937939890602
395,8.2075,0.976939968251764
395,8.215,-0.0129787307749145
395,8.2225,-1.0016110619078
395,8.23,-1.96250018086095
395,8.2375,-2.86319104831739
395,8.245,2.61590446029145
395,8.2525,1.83578307973995
395,8.26,0.91868352868587
395,8.2675,0.0980833827671862
395,8.275,-0.911825292000907
395,8.2825,-1.98041565153782
395,8.29,-2.86193468706934
395,8.2975,2.42474739363585
395,8.305,1.38505988842319
395,8.3125,0.515584097915211
395,8.32,-0.348457568316314
395,8.3275,-1.23575724230247
395,8.335,-2.1050108926798
395,8.3425,-2.96492437215762
395,8.35,2.36729457681688
395,8.3575,1.43295891800002
395,8.365,0.694297173001969
395,8.3725,-0.20321627627446
395,8.38,-1.1600685922726
395,8.3875,-2.0279833919843
395,8.395,-3.00417903941694
395,8.4025,2.31672399795807
395,8.41,1.34539040019489
395,8.4175,0.36956465337783
395,8.425,-0.553741212984961
395,8.4325,-1.52970805347808
395,8.44,-2.3031404823819
395,8.4475,-3.05496202500457
395,8.455,2.49348885320975
395,8.4625,1.72974356875702
395,8.47,0.672764160652147
395,8.4775,-0.222943205372694
395,8.485,-1.15232847928563
395,8.4925,-2.25038652556665
395,8.5,-3.12199209502079
395,8.5075,2.23641812235539
395,8.515,1.24633005551183
395,8.5225,0.473430619434896
395,8.53,-0.438123807637806
395,8.5375,-1.33605262042593
395,8.545,-2.24149648970191
395,8.5525,3.00808851458629
395,8.56,2.00489652366022
395,8.5675,1.03145036856394
395,8.575,-0.0111845552841568
395,8.5825,-1.00607022160653
395,8.59,-1.8485125475356
395,8.5975,-2.89763356814651
395,8.605,2.40724160379591
395,8.6125,1.64163247459674
395,8.62,0.540545538690871
395,8.6275,-0.427587666004811
395,8.635,-1.29947427169362
395,8.6425,-2.41441118099143
395,8.65,2.9391018675023
395,8.6575,2.05271644873023
395,8.665,1.08788039355545
395,8.6725,0.309997600878176
395,8.68,-0.554423678800358
395,8.6875,-1.39055984757819
395,8.695,-2.33265308427484
395,8.7025,3.03701169295946
395,8.71,2.07952194348091
395,8.7175,0.935212929929657
395,8.725,0.00527120961771948
395,8.7325,-0.96925815994783
395,8.74,-2.0698382363512
395,8.7475,-2.90096263666084
395,8.755,2.38391945389003
395,8.7625,1.36205796218675
395,8.77,0.602887776254572
395,8.7775,-0.315768662087701
395,8.785,-1.20232607516808
395,8.7925,-2.04259277240714
395,8.8,-3.0591148703965
395,8.8075,2.35204302641171
395,8.815,1.61445993885321
395,8.8225,0.752536117645376
395,8.83,-0.0735845817931573
395,8.8375,-1.03960001066651
395,8.845,-2.04378333281146
395,8.8525,-2.9959994219451
395,8.86,2.29401868233242
395,8.8675,1.34344508247307
395,8.875,0.555290532060386
395,8.8825,-0.236581546399646
395,8.89,-0.931794492894559
395,8.8975,-1.63057928454787
395,8.905,-2.58407400234231
395,8.9125,2.7151157449171
395,8.92,1.73088996839788
395,8.9275,0.761985359009868
395,8.935,-0.234755215790092
395,8.9425,-1.13698980014075
395,8.95,-1.91800457752388
395,8.9575,-2.90295341539206
395,8.965,2.47557452442798
395,8.9725,1.59441145958318
395,8.98,0.586153590511785
395,8.9875,-0.416240827152946
395,8.995,-1.39064191772973
395,9.0025,-2.3313893080803
395,9.01,3.01957799897248
395,9.0175,2.25742896451572
395,9.025,1.53508814590413
395,9.0325,0.635302382813482
395,9.04,-0.261579990695531
395,9.0475,-1.1959298642583
395,9.055,-2.19497872015884
395,9.0625,-3.10758019340404
395,9.07,2.1653513809259
395,9.0775,1.13203909401629
395,9.085,0.206015759474365
395,9.0925,-0.828327858915915
395,9.1,-1.7853825939884
395,9.1075,-2.66173448872722
395,9.115,2.57890444231964
395,9.1225,1.6074628805765
395,9.13,0.721926506438003
395,9.1375,-0.283346407433477
395,9.145,-1.20079753410944
395,9.1525,-2.02869513073453
395,9.16,-2.9907508777208
395,9.1675,2.39090845216699
395,9.175,1.48013064724012
395,9.1825,0.501731022645097
395,9.19,-0.505707346700536
395,9.1975,-1.53073064813459
395,9.205,-2.47905899617636
395,9.2125,2.81196094264701
395,9.22,1.83062066243621
395,9.2275,1.07021731510231
395,9.235,0.145706297552656
395,9.2425,-0.732039590598642
395,9.25,-1.50930071857756
395,9.2575,-2.45642858525826
395,9.265,3.01132575111979
395,9.2725,2.0732112572177
395,9.28,1.09893218464081
395,9.2875,0.160261868969749
395,9.295,-0.839044961746587
395,9.3025,-1.72603562763196
395,9.31,-2.61159071061805
395,9.3175,2.71210281715549
395,9.325,1.77076965239749
395,9.3325,0.871053821162514
395,9.34,-0.128926228238441
395,9.3475,-1.12005176576197
395,9.355,-2.00876631516882
395,9.3625,-3.06105696011817
395,9.37,2.23834961039677
395,9.3775,1.44037076321605
395,9.385,0.538204794370663
395,9.3925,-0.26705471749469
395,9.4,-1.06811750621071
395,9.4075,-2.0054338988104
395,9.415,-2.95253245955567
395,9.4225,2.4203376160715
395,9.43,1.4977695948253
395,9.4375,0.53919946562272
395,9.445,-0.424674601640634
395,9.4525,-1.31484773588522
395,9.46,-2.21094842389861
395,9.4675,-3.13889740683343
395,9.475,2.24074800537239
395,9.4825,1.29006010047155
395,9.49,0.35366127436454
395,9.4975,-0.596883493018973
395,9.505,-1.53510435210601
395,9.5125,-2.39958961077852
395,9.52,2.93715096931767
395,9.5275,1.98010353477266
395,9.535,1.11846538352577
395,9.5425,0.164164018576919
395,9.55,-0.863437490428682
395,9.5575,-1.73605146869943
395,9.565,-2.66950296353312
395,9.5725,2.63152143290156
395,9.58,1.8561073989984
395,9.5875,1.13332614217985
395,9.595,0.281386204572018
395,9.6025,-0.62989918942333
395,9.61,-1.54745856944467
395,9.6175,-2.56678271148306
395,9.625,2.66695494920093
395,9.6325,1.67781444917865
395,9.64,0.667708218774204
395,9.6475,-0.360166146773628
395,9.655,-1.34101992653072
395,9.6625,-2.26948138790334
395,9.67,-3.13570946299771
395,9.6775,2.24632032861513
395,9.685,1.3167354758385
395,9.6925,0.397636386721784
395,9.7,-0.601666292177197
395,9.7075,-1.63190610780546
395,9.715,-2.59942531315643
395,9.7225,2.7394734160598
395,9.73,1.75827272702467
395,9.7375,0.764757027695489
395,9.745,-0.126619704654222
395,9.7525,-1.02538052200423
395,9.76,-2.0141499856463
395,9.7675,-2.82130654579604
395,9.775,2.49850443661334
395,9.7825,1.58483448760704
395,9.79,1.06091803438812
395,9.7975,0.114116351641872
395,9.805,-0.625538583201834
395,9.8125,-1.55302819537757
395,9.82,-2.54194228858612
395,9.8275,2.97365024458989
395,9.835,1.91704544614182
395,9.8425,0.924852546511072
395,9.85,0.00702824152982712
395,9.8575,-1.05424493248656
395,9.865,-1.98728239261414
395,9.8725,-2.87051672595422
395,9.88,2.48601545947557
395,9.8875,1.59237525590379
395,9.895,0.695337450655872
395,9.9025,-0.0735711787282782
395,9.91,-0.994985293384908
395,9.9175,-1.87472414411075
395,9.925,-2.67855327565895
395,9.9325,2.61257841658698
395,9.94,1.84281548066835
395,9.9475,0.926731531221295
395,9.955,-0.0352561703712672
395,9.9625,-0.904036519770464
395,9.97,-1.96751911609535
395,9.9775,-2.92128292201564
395,9.985,2.43427834597279
395,9.9925,1.38455011851547
395,10,0.435032050753563
395,10.0075,-0.480032040745739
395,10.015,-1.37996538222194
395,10.0225,-2.26680518180052
395,10.03,-3.05004613342735
395,10.0375,2.36622993354736
395,10.045,1.40220765084742
395,10.0525,0.479299963487627
395,10.06,-0.540594083326528
395,10.0675,-1.54779245564563
395,10.075,-2.53355361856129
395,10.0825,2.72100798779804
395,10.09,1.76129922349886
395,10.0975,0.771346487221143
395,10.105,-0.204224165342524
395,10.1125,-1.06533413906283
395,10.12,-2.00927676825465
395,10.1275,-2.94142826588143
395,10.135,2.39394795355133
395,10.1425,1.43417658331635
395,10.15,0.481308178184598
395,10.1575,-0.52801113682194
395,10.165,-1.4057667945019
395,10.1725,-2.31559965517056
395,10.18,3.02215007506875
395,10.1875,2.16813792785876
395,10.195,1.20245181811402
395,10.2025,0.222925890061102
395,10.21,-0.772751167964453
395,10.2175,-1.80857048036196
395,10.225,-2.80618159653288
395,10.2325,2.44268236354294
395,10.24,1.42616537932043
395,10.2475,0.451688534219212
395,10.255,-0.57881794247294
395,10.2625,-1.55723592647044
395,10.27,-2.54091253031837
395,10.2775,2.72387636532635
395,10.285,1.80582506258486
395,10.2925,0.839501834937493
395,10.3,-0.0318056283732423
395,10.3075,-0.561918749212293
395,10.315,-1.0033896924706
395,10.3225,-1.59387946294547
395,10.33,-2.34654630430819
395,10.3375,2.96944526853947
395,10.345,1.95930009429777
395,10.3525,1.01389461403736
395,10.36,0.193513985768941
395,10.3675,-0.693789252957033
395,10.375,-1.46079010974892
395,10.3825,-2.29973043929858
395,10.39,3.01771586801864
395,10.3975,2.16348935136527
395,10.405,1.16527413205845
395,10.4125,0.166986687084703
395,10.42,-0.797577358737593
395,10.4275,-1.8488603422901
395,10.435,-2.84408778991672
395,10.4425,2.49205242134353
395,10.45,1.49345373820276
395,10.4575,0.50733329738415
395,10.465,-0.380970711098621
395,10.4725,-1.32401034244999
395,10.48,-2.1960789668943
395,10.4875,-3.02143925862304
395,10.495,2.29895668411182
395,10.5025,1.41287904056964
395,10.51,0.462485203234065
395,10.5175,-0.531915917045549
395,10.525,-1.35775376501078
395,10.5325,-2.30398731624512
395,10.54,3.00276563446519
395,10.5475,2.11284000870603
395,10.555,1.13731946461604
395,10.5625,0.120274205836174
395,10.57,-0.846531954295248
395,10.5775,-1.8144703365973
395,10.585,-2.84069066983983
395,10.5925,2.43761532762431
395,10.6,1.5610787253002
395,10.6075,0.653832206772005
395,10.615,-0.326452369189997
395,10.6225,-1.19675411071295
395,10.63,-2.17890759971559
395,10.6375,3.0485784940128
395,10.645,2.16095457178318
395,10.6525,1.18547011090675
395,10.66,0.22948992281563
395,10.6675,-0.552986038714176
395,10.675,-1.48614623963404
395,10.6825,-2.36761720297928
395,10.69,3.0157847975966
395,10.6975,1.95476007787921
395,10.705,0.938529949064977
395,10.7125,-0.0163141538274186
395,10.72,-1.00603488572488
395,10.7275,-1.93264468946306
395,10.735,-2.77106151090002
395,10.7425,2.6562160095329
395,10.75,1.79080257394525
395,10.7575,0.943957847567558
395,10.765,-0.0137814699918758
395,10.7725,-0.977032684175164
395,10.78,-2.01915600571809
395,10.7875,-3.09238013274004
395,10.795,2.25904581185455
395,10.8025,1.2320162187343
395,10.81,0.264190224757231
395,10.8175,-0.245808103101589
395,10.825,-0.984621258926553
395,10.8325,-1.38181281377104
395,10.84,-2.15677980100395
395,10.8475,-3.13207890064591
395,10.855,2.20897722078199
395,10.8625,1.29992573964362
395,10.87,0.379004320440709
395,10.8775,-0.57612531618898
395,10.885,-1.43265323157494
395,10.8925,-2.41004855680521
395,10.9,2.8805573050969
395,10.9075,1.9662570814829
395,10.915,0.99574259607225
395,10.9225,0.0278822011079045
395,10.93,-0.961955093426405
395,10.9375,-1.90031794781052
395,10.945,-2.83205780771617
395,10.9525,2.52129074942921
395,10.96,1.62115363892607
395,10.9675,0.639382393156785
395,10.975,-0.334281225114936
395,10.9825,-1.30857607593644
395,10.99,-2.30779495849299
395,10.9975,2.96461430120548
395,11.005,1.95784133690526
395,11.0125,0.976825173822647
395,11.02,0.0105822949980736
395,11.0275,-0.897130563711622
395,11.035,-1.76717324402393
395,11.0425,-2.68985356322651
395,11.05,2.70591587749251
395,11.0575,1.82897256427067
395,11.065,0.881905310162763
395,11.0725,-0.0445813127019939
395,11.08,-1.00646745787626
395,11.0875,-1.99435441002969
395,11.095,-2.92541567167249
395,11.1025,2.41908466160608
395,11.11,1.4432416442457
395,11.1175,0.434363365510155
395,11.125,-0.547085645245733
395,11.1325,-1.58115830789782
395,11.14,-2.58201286380202
395,11.1475,2.793312422468
395,11.155,1.75369067167657
395,11.1625,0.807427744801606
395,11.17,-0.0677402735571898
395,11.1775,-1.015572981224
395,11.185,-1.79372664714322
395,11.1925,-2.60591148729726
395,11.2,2.76416835401402
395,11.2075,1.83592228893068
395,11.215,0.955100945321403
395,11.2225,-0.043663435486594
395,11.23,-0.970966799084986
395,11.2375,-1.91652525418356
395,11.245,-2.90865553621839
395,11.2525,2.67344918799271
395,11.26,1.91802723873022
395,11.2675,1.09060558863726
395,11.275,0.287688468523544
395,11.2825,-0.6563510802302
395,11.29,-1.59528409294497
395,11.2975,-2.28787997165701
395,11.305,-3.08090980284923
395,11.3125,2.44964029677179
395,11.32,1.6459160832055
395,11.3275,0.715374921169528
395,11.335,-0.254608228801722
395,11.3425,-1.1694614692761
395,11.35,-2.25222489284836
395,11.3575,2.9911861905777
395,11.365,2.16651354877848
395,11.3725,1.12257307196015
395,11.38,0.227225458179242
395,11.3875,-0.545481232918952
395,11.395,-1.51806559380388
395,11.4025,-2.33591558455288
395,11.41,3.07899220681246
395,11.4175,2.05845060304395
395,11.425,1.07636982925288
395,11.4325,0.11110569728253
395,11.44,-0.927236352637722
395,11.4475,-1.92341578107002
395,11.455,-2.86091866400395
395,11.4625,2.44850548263764
395,11.47,1.47148868389946
395,11.4775,0.546897080816463
395,11.485,-0.409803759454099
395,11.4925,-1.41345156149331
395,11.5,-2.40484630285096
395,11.5075,2.86095600019471
395,11.515,1.85949416826457
395,11.5225,0.880867562696415
395,11.53,-0.0584623499654209
395,11.5375,-0.961237774859296
395,11.545,-1.90181755887107
395,11.5525,-2.81879559062583
395,11.56,2.48870312358287
395,11.5675,1.52133583235207
395,11.575,0.592894023155407
395,11.5825,-0.409685327736159
395,11.59,-1.31967011708818
395,11.5975,-2.19883849563126
395,11.605,3.12811815274341
395,11.6125,2.28322283473778
395,11.62,1.40333100486223
395,11.6275,0.435455683789273
395,11.635,-0.409223117579851
395,11.6425,-1.41577672277355
395,11.65,-2.4149211916505
395,11.6575,2.96211828333722
395,11.665,1.90764231651281
395,11.6725,0.927320913905492
395,11.68,0.100273608728255
395,11.6875,-0.619053605362221
395,11.695,-1.45376787101622
395,11.7025,-2.35264369295124
395,11.71,3.11672580619947
395,11.7175,2.02733244701871
395,11.725,1.03705903953484
395,11.7325,0.266132533306875
395,11.74,-0.742535464053546
395,11.7475,-1.52755134885049
395,11.755,-2.16046036786939
395,11.7625,-3.1125407786146
395,11.77,2.27741768609252
395,11.7775,1.41428416594984
395,11.785,0.393054112377187
395,11.7925,-0.680228477812063
395,11.8,-1.47133449599599
395,11.8075,-2.45128643246757
395,11.815,3.00187634798142
395,11.8225,2.52587939471014
395,11.83,1.50128410103938
395,11.8375,0.851694570681204
395,11.845,-0.196748806274478
395,11.8525,-1.3669182860835
395,11.86,-2.25821780181948
395,11.8675,2.96751901997169
395,11.875,1.8498197701966
395,11.8825,1.13317777403128
395,11.89,0.28640003658915
395,11.8975,-0.720775309051552
395,11.905,-1.48944231563048
395,11.9125,-2.48686746060813
395,11.92,2.77267772506126
395,11.9275,1.87970096340829
395,11.935,0.87406496137076
395,11.9425,-0.0909399559911652
395,11.95,-1.0346025107141
395,11.9575,-1.95005162147464
395,11.965,-2.80784169709745
395,11.9725,2.5239532330601
395,11.98,1.54175379919595
395,11.9875,0.543019760893656
395,11.995,-0.456697327641588
395,12.0025,-1.47344005596754
395,12.01,-2.46656189303457
395,12.0175,2.84224252552036
395,12.025,1.83691062470972
395,12.0325,0.829015454687451
395,12.04,-0.0990311804374211
395,12.0475,-1.02451129167025
395,12.055,-2.05547070904858
395,12.0625,-3.00195766404514
395,12.07,2.30485341987755
395,12.0775,1.2317110841538
395,12.085,0.287030959850168
395,12.0925,-0.658932612704178
395,12.1,-1.71592034027323
395,12.1075,-2.57830578909247
395,12.115,2.86603869667166
395,12.1225,1.89460279234792
395,12.13,1.10328828715608
395,12.1375,0.0858161606999215
395,12.145,-1.04332820757018
395,12.1525,-2.10368395836887
395,12.16,3.11383681705587
395,12.1675,2.0334992976839
395,12.175,0.789399655267386
395,12.1825,-0.342562435484942
395,12.19,-0.842061330624373
395,12.1975,2.16217528432972
395,12.205,-0.435210142406783
395,12.2125,-1.99781410922069
395,12.22,-3.12893427719088
395,12.2275,2.27373291647349
395,12.235,1.17055481215562
395,12.2425,0.421051728530535
395,12.25,-0.098416627888881
395,12.2575,-0.939172144623659
395,12.265,-1.89207063268868
395,12.2725,-2.75117754795929
395,12.28,2.590177689342
395,12.2875,1.64631939718355
395,12.295,0.940399289719723
395,12.3025,-0.012730526337721
395,12.31,-0.840304457402701
395,12.3175,-1.67477006172247
395,12.325,-2.73377489580761
395,12.3325,2.66857513412821
395,12.34,1.71074490645247
395,12.3475,0.560511104874021
395,12.355,-0.489320414480479
395,12.3625,-1.4834080080967
395,12.37,-2.62238182440453
395,12.3775,2.64327027637408
395,12.385,1.7672226274245
395,12.3925,0.818793666291207
395,12.4,0.0322096791457062
395,12.4075,-0.812614658035969
395,12.415,-1.80195688798269
395,12.4225,-2.78595408933883
395,12.43,2.47626738508723
395,12.4375,1.38810676901429
395,12.445,0.368661329972748
395,12.4525,-0.592550536498057
395,12.46,-1.64314421612152
395,12.4675,-2.59657277993437
395,12.475,2.84286667557009
395,12.4825,1.96516791626135
395,12.49,0.96848634255412
395,12.4975,0.0278741338646014
395,12.505,-0.968482749816662
395,12.5125,-2.14471094837434
395,12.52,-3.11167734624702
395,12.5275,2.16110052255931
395,12.535,0.927190907636821
395,12.5425,0.230472284275369
395,12.55,-0.615216610023614
395,12.5575,-1.58084146951478
395,12.565,-1.99447030778395
395,12.5725,2.97542872078999
395,12.58,1.69092201546295
395,12.5875,1.17123836308114
395,12.595,-0.0893337841408326
395,12.6025,-1.44107408134558
395,12.61,-1.55220583108628
395,12.6175,-2.94492079536988
395,12.625,-2.27801635477979
395,12.6325,2.78535445954785
395,12.64,1.2782506888075
395,12.6475,-0.241667026010493
395,12.655,-1.57715876629126
395,12.6625,-2.791717741822
395,12.67,1.27734563732802
395,12.6775,-0.337847450053062
395,12.685,-1.39868735398195
395,12.6925,-2.63981418735396
395,12.7,2.2419650242604
395,12.7075,1.16709826255373
395,12.715,0.176870461138644
395,12.7225,-0.816942802231455
395,12.73,-1.18405288434921
395,12.7375,-2.11094712207448
395,12.745,-2.98652814997206
395,12.7525,2.34836887202931
395,12.76,1.24728694488595
395,12.7675,0.178100961771439
395,12.775,-0.947440505813888
395,12.7825,-2.07858818138402
395,12.79,-3.11238057076811
395,12.7975,2.18542754524412
395,12.805,1.33716555452957
395,12.8125,0.446655363333796
395,12.82,-0.525708422014992
395,12.8275,-1.4405755100254
395,12.835,-2.44911892913975
395,12.8425,2.77719894986368
395,12.85,1.75352728402622
395,12.8575,0.707046904853727
395,12.865,-0.284073842694508
395,12.8725,-1.13572991388312
395,12.88,-2.0276771272718
395,12.8875,-3.03689711639317
395,12.895,2.26525766189391
395,12.9025,1.31848618968229
395,12.91,0.282729875882695
395,12.9175,-0.75196660186467
395,12.925,-1.72741880361727
395,12.9325,-2.82865187400036
395,12.94,2.35275403162071
395,12.9475,1.36322165603819
395,12.955,0.3583497416651
395,12.9625,-0.587872927459137
395,12.97,-1.48811790895501
395,12.9775,-2.35024414540408
395,12.985,2.90761728782984
395,12.9925,1.85530478575509
395,13,0.927377885611279
395,13.0075,-0.267010314863202
395,13.015,-1.5071048398198
395,13.0225,-2.65380937333063
395,13.03,2.27641746777417
395,13.0375,0.897583930443602
395,13.045,0.204741688750097
395,13.0525,-1.17603463537807
395,13.06,0.350629538733052
395,13.0675,-1.6222080328381
395,13.075,2.84517166268241
395,13.0825,1.55954783089651
395,13.09,0.44263661097005
395,13.0975,-1.0499728166288
395,13.105,-2.54546442678858
395,13.1125,2.47768471979347
395,13.12,1.28880361686561
395,13.1275,-0.0633484363791794
395,13.135,-1.26515413953653
395,13.1425,-2.12137367857678
395,13.15,-3.09118155004345
395,13.1575,2.63919499732256
395,13.165,1.91620038423147
395,13.1725,0.9900113126899
395,13.18,-0.00671879004718125
395,13.1875,-1.06594355869877
395,13.195,-2.10838049501237
395,13.2025,3.13182349222944
395,13.21,2.17950224165877
395,13.2175,1.26448938849375
395,13.225,0.260724012308784
395,13.2325,-0.557413572663609
395,13.24,-1.36200911895268
395,13.2475,-2.4039484142598
395,13.255,2.98524600052275
395,13.2625,1.96528185197235
395,13.27,0.837191174426148
395,13.2775,-0.15473466852537
395,13.285,-1.17981222362164
395,13.2925,-2.24947321147857
395,13.3,-3.12777829636662
395,13.3075,2.37168139643748
395,13.315,1.58037537996568
395,13.3225,0.865040596866875
395,13.33,-0.239088314216676
395,13.3375,-1.43218996582881
395,13.345,-2.46531580297143
395,13.3525,2.72072052320592
395,13.36,1.60160103395293
395,13.3675,0.637557329522622
395,13.375,-0.272199775267026
395,13.3825,-1.1733162882584
395,13.39,-2.03159258635869
395,13.3975,-2.6884230898812
395,13.405,2.63148433971743
395,13.4125,1.49160211907442
395,13.42,0.445698178203594
395,13.4275,-0.641952451472699
395,13.435,-1.78857513089556
395,13.4425,-1.15277885555313
395,13.45,-1.68590266163803
395,13.4575,-2.71441456173928
395,13.465,2.5214273202871
395,13.4725,1.43588602422361
395,13.48,0.302575213821715
395,13.4875,-0.82967857933071
395,13.495,-1.97573361377463
395,13.5025,-3.07926942462954
395,13.51,3.01041330392261
395,13.5175,2.92568107798175
395,13.525,2.22078180360565
395,13.5325,1.04788470103993
395,13.54,-0.123499246658329
395,13.5475,-1.12734582978704
395,13.555,-2.22019623418362
395,13.5625,2.93668253406654
395,13.57,1.97654527968071
395,13.5775,1.00833777704956
395,13.585,0.0515747095948035
395,13.5925,-0.738519107479807
395,13.6,-1.70227556597498
395,13.6075,-2.72820433934506
395,13.615,2.56355302911515
395,13.6225,1.48793100900115
395,13.63,0.429196222925275
395,13.6375,-0.526888377044495
395,13.645,-1.5030032338942
395,13.6525,-2.50641088490966
395,13.66,2.9383230591756
395,13.6675,2.13000861927623
395,13.675,1.23979061511532
395,13.6825,0.323520953940215
395,13.69,-0.60517044906013
395,13.6975,-1.71830126483658
395,13.705,-2.88045625508243
395,13.7125,2.43008733461277
395,13.72,1.38919225014116
395,13.7275,0.248641032694709
395,13.735,-0.54759759888659
395,13.7425,-1.31409613778681
395,13.75,-2.23887108483022
395,13.7575,-2.62027133463432
395,13.765,2.80565381156662
395,13.7725,1.77857592950377
395,13.78,0.8489808471342
395,13.7875,-0.358748513651963
395,13.795,-1.29752737478902
395,13.8025,-1.88339000985181
395,13.81,-2.82222085978484
395,13.8175,2.94586233996816
395,13.825,1.82671418759676
395,13.8325,0.667966702534416
395,13.84,-0.294866062057608
395,13.8475,-1.43764628190921
395,13.855,-2.62126222568687
395,13.8625,2.61566787942863
395,13.87,1.7481679092658
395,13.8775,1.19954746921492
395,13.885,0.635541734221481
395,13.8925,-0.167169544804272
395,13.9,-1.21800384256798
395,13.9075,-2.30910967523534
395,13.915,2.89184466368433
395,13.9225,1.82798584306954
395,13.93,0.857135361748472
395,13.9375,-0.204062164742604
395,13.945,-1.26031583775382
395,13.9525,-2.09259807943518
395,13.96,-2.74298793842258
395,13.9675,2.84513111591364
395,13.975,2.01883288372182
395,13.9825,1.02463736952495
395,13.99,-0.128518169343907
395,13.9975,-1.19773027652908
395,14.005,-2.22084628021196
395,14.0125,3.01129753311729
395,14.02,2.34344486625185
395,14.0275,1.75963351310401
395,14.035,1.1801261283983
395,14.0425,0.552234452583081
395,14.05,-0.504983418756244
395,14.0575,-1.49678185249489
395,14.065,-2.52928332594882
395,14.0725,2.72675496254592
395,14.08,1.93894894881893
395,14.0875,1.41147673422667
395,14.095,0.681051228671905
395,14.1025,-0.345406190703288
395,14.11,-1.37416029793579
395,14.1175,-2.45317881305429
395,14.125,2.69989070663629
395,14.1325,1.64887550402915
395,14.14,0.635599798849026
395,14.1475,-0.373080471196912
395,14.155,-1.34355846112331
395,14.1625,-2.08408876445011
395,14.17,-2.84424470125202
395,14.1775,2.45880994051022
395,14.185,1.47063824141771
395,14.1925,0.423075236268965
395,14.2,-0.679203349971337
395,14.2075,-1.68590762212059
395,14.215,-2.64163335801889
395,14.2225,2.57831321536539
395,14.23,1.67436895617787
395,14.2375,0.827231224928608
395,14.245,0.184089966070998
395,14.2525,-0.453032539460893
395,14.26,-1.52025245737874
395,14.2675,-2.47992975602982
395,14.275,2.74301338380958
395,14.2825,1.59854900975306
395,14.29,0.691099435061868
395,14.2975,-0.161943147425004
395,14.305,-1.13180964153301
395,14.3125,-1.89335073846117
395,14.32,-2.63744704330743
395,14.3275,2.66676075013895
395,14.335,1.6875609653157
395,14.3425,0.739237046087432
395,14.35,-0.312295478078687
395,14.3575,-1.3764306767246
395,14.365,-2.31334716644572
395,14.3725,3.06306552518559
395,14.38,2.15000829757629
395,14.3875,1.37242685857209
395,14.395,0.498991220266634
395,14.4025,-0.494564288792859
395,14.41,-1.45883927988007
395,14.4175,-2.51651404207647
395,14.425,2.64915044063459
395,14.4325,1.64593055139435
395,14.44,0.6256642719788
395,14.4475,-0.353074136202798
395,14.455,-1.00203442022891
395,14.4625,-1.80356406274257
395,14.47,-2.62078599968613
395,14.4775,2.77056963764726
395,14.485,1.70026265377212
395,14.4925,0.670638570317949
395,14.5,-0.355303451102417
395,14.5075,-1.40097167814388
395,14.515,-2.43130554121969
395,14.5225,2.86860475282187
395,14.53,1.92373159450147
395,14.5375,1.02269795262567
395,14.545,0.290709362228843
395,14.5525,-0.497610720032614
395,14.56,-1.42923507481981
395,14.5675,-2.42429225887977
395,14.575,2.87123678486921
395,14.5825,1.97390829259107
395,14.59,1.60173120124915
395,14.5975,1.24652068790187
395,14.605,0.506654150029023
395,14.6125,-0.443240241752476
395,14.62,-1.58351229967041
395,14.6275,-2.60426759264662
395,14.635,2.59774224892481
395,14.6425,1.47802411235554
395,14.65,0.561191540023945
395,14.6575,-0.36056112725201
395,14.665,-1.25554274213007
395,14.6725,-2.07688122289368
395,14.68,-3.00025896414727
395,14.6875,2.30427980123236
395,14.695,1.27776908293133
395,14.7025,0.256903639194675
395,14.71,-0.814818722416645
395,14.7175,-1.858403978312
395,14.725,-2.77300250358606
395,14.7325,2.59922577971006
395,14.74,1.75824651325282
395,14.7475,0.939821671243111
395,14.755,0.0480987446117214
395,14.7625,-0.846051678064703
395,14.77,-1.8279742754057
395,14.7775,-2.79671582616463
395,14.785,2.52341175228915
395,14.7925,1.5549308055043
395,14.8,0.709322864477329
395,14.8075,-0.144444688490985
395,14.815,-0.99709647782316
395,14.8225,-1.81987817421431
395,14.83,-2.79304905796138
395,14.8375,2.46570761113481
395,14.845,1.44617728111808
395,14.8525,0.323511185093156
395,14.86,-0.754180313176749
395,14.8675,-1.67282214485525
395,14.875,-2.525676947744
395,14.8825,-3.11436386623674
395,14.89,2.38128417360401
395,14.8975,1.44528171110588
395,14.905,0.508084360390912
395,14.9125,-0.559587962876024
395,14.92,-1.66288266318455
395,14.9275,-2.74024462745925
395,14.935,2.43539515834092
395,14.9425,1.30750709506227
395,14.95,0.433107200054144
395,14.9575,0.0147919065270399
395,14.965,-0.563692121080514
395,14.9725,-1.32714654064655
395,14.98,-2.33147813026436
395,14.9875,2.8973274319562
395,14.995,1.87514561837781
395,15.0025,0.782889823752202
395,15.01,-0.177515090966999
395,15.0175,-1.02113782528743
395,15.025,-1.84816896824017
395,15.0325,-2.39879919642117
395,15.04,2.97001077359265
395,15.0475,1.96471224301219
395,15.055,0.957981478985497
395,15.0625,-0.0281534054089184
395,15.07,-1.05223669358238
395,15.0775,-2.0788805988171
395,15.085,-2.78353132731668
395,15.0925,2.75909502628794
395,15.1,2.29000575947282
395,15.1075,1.5624126222094
395,15.115,0.471263132757593
395,15.1225,-0.540647229086453
395,15.13,-1.59733110916997
395,15.1375,-2.71070655237391
395,15.145,2.55013021439299
395,15.1525,1.5920616332729
395,15.16,0.666509514714899
395,15.1675,-0.248738708570523
395,15.175,-1.11102869243755
395,15.1825,-1.99752640908167
395,15.19,-3.02963579946618
395,15.1975,2.24830410715194
395,15.205,1.21395743370769
395,15.2125,0.112063599783381
395,15.22,-0.902948966468001
395,15.2275,-1.8985838238367
395,15.235,-2.86309530138727
395,15.2425,2.57118714344763
395,15.25,1.72241341971517
395,15.2575,0.864136726607313
395,15.265,-0.132602404914216
395,15.2725,-1.16760193797252
395,15.28,-2.18778373020367
395,15.2875,3.04434606919905
395,15.295,2.05303295324207
395,15.3025,1.10968398353971
395,15.31,0.291228466173197
395,15.3175,-0.323486673034167
395,15.325,-1.09308697621342
395,15.3325,-1.88785357725911
395,15.34,-2.8840220186947
395,15.3475,2.3344381889051
395,15.355,1.37083547033585
395,15.3625,0.40709877836294
395,15.37,-0.516811505519868
395,15.3775,-1.41949852758377
395,15.385,-2.2202067501934
395,15.3925,-3.05071642078536
395,15.4,2.26553900744745
395,15.4075,1.31887272274025
395,15.415,0.281304376003033
395,15.4225,-0.770696106688447
395,15.43,-1.79595702885109
395,15.4375,-2.77239300489416
395,15.445,2.68616307894026
395,15.4525,1.83477117422584
395,15.46,1.02675061095823
395,15.4675,0.283142714386915
395,15.475,-0.647881380629014
395,15.4825,-1.59277050825276
395,15.49,-2.61361133583967
395,15.4975,2.57584800874732
395,15.505,1.51443006522682
395,15.5125,0.498608596604294
395,15.52,-0.337465749801639
395,15.5275,-1.07620091587831
395,15.535,-1.79265452103989
395,15.5425,-2.51582469447141
395,15.55,2.78298209302084
395,15.5575,1.79159217854153
395,15.565,0.835682543583509
395,15.5725,-0.191400252377506
395,15.58,-1.2529740965066
395,15.5875,-2.0993174536054
395,15.595,-2.69400498884567
395,15.6025,2.92896873505682
395,15.61,2.11704988783373
395,15.6175,1.0588523293826
395,15.625,-0.0469814410913723
395,15.6325,-1.11347227981187
395,15.64,-2.16955189415026
395,15.6475,3.10857243154267
395,15.655,2.2203384776971
395,15.6625,1.28771503153797
395,15.67,0.608124228055931
395,15.6775,-0.176728104088182
395,15.685,-1.09876229216587
395,15.6925,-2.01916876791636
395,15.7,-3.13477276583494
395,15.7075,2.06753170168606
395,15.715,1.08170813654261
395,15.7225,0.106494812344157
395,15.73,-0.848951112683375
395,15.7375,-1.82630752150738
395,15.745,-2.74256582780141
395,15.7525,2.61938490473023
395,15.76,1.69290458741317
395,15.7675,0.72170410014433
395,15.775,-0.340119288108347
395,15.7825,-1.37749904696755
395,15.79,-2.40524206013179
395,15.7975,2.84854571745835
395,15.805,2.00546483643383
395,15.8125,1.22005768652168
395,15.82,0.304419908386789
395,15.8275,-0.60623991160488
395,15.835,-1.58499277476624
395,15.8425,-2.63882732138559
395,15.85,2.60324394995299
395,15.8575,1.53655013818993
395,15.865,0.450739702762291
395,15.8725,-0.576476195849966
395,15.88,-1.37766468864512
395,15.8875,-1.65466811000199
395,15.895,-2.2476882817216
395,15.9025,3.12954256880115
395,15.91,2.08733680566672
395,15.9175,1.02212548734804
395,15.925,0.0395486307231953
395,15.9325,-0.985560477712361
395,15.94,-1.96407587534457
395,15.9475,-2.89788197304404
395,15.955,2.47601610311969
395,15.9625,1.78223933244545
395,15.97,0.95434952213768
395,15.9775,0.0342435208575966
395,15.985,-1.04550555790579
395,15.9925,-2.14726682630208
395,16,3.07152874886715
405,4,0.687008923758287
405,4.0075,-0.332289869696426
405,4.015,-1.28260302403878
405,4.0225,-2.35958689248976
405,4.03,2.88905937766382
405,4.0375,2.01025669157604
405,4.045,1.08504035252024
405,4.0525,0.221219034299542
405,4.06,-0.665505545282172
405,4.0675,-1.54461225761946
405,4.075,-2.46756869361804
405,4.0825,2.87913470163554
405,4.09,1.95836030432877
405,4.0975,0.876739737149825
405,4.105,-0.0383480201226808
405,4.1125,-0.901275257762788
405,4.12,-1.89890637212668
405,4.1275,-2.79405834583753
405,4.135,2.56119172798767
405,4.1425,1.62937790943363
405,4.15,0.776487273471341
405,4.1575,-0.224837387842546
405,4.165,-1.26825319636182
405,4.1725,-2.22958681319444
405,4.18,3.0594224001536
405,4.1875,2.4144251901838
405,4.195,1.75298000001101
405,4.2025,0.951111062343355
405,4.21,0.140461099754945
405,4.2175,-0.767076421529649
405,4.225,-1.72491636878933
405,4.2325,-2.63585375682468
405,4.24,2.67926816170722
405,4.2475,1.60284165733666
405,4.255,0.667006252348694
405,4.2625,-0.335806803808428
405,4.27,-1.31912909153021
405,4.2775,-2.17322281946084
405,4.285,-3.12301994529548
405,4.2925,2.31469732052324
405,4.3,1.38841860930327
405,4.3075,0.402244372809428
405,4.315,-0.630367343602696
405,4.3225,-1.64247841378199
405,4.33,-2.5605221961621
405,4.3375,2.76413696195093
405,4.345,1.90680351700942
405,4.3525,1.17512082420752
405,4.36,0.282460993145627
405,4.3675,-0.693442884295202
405,4.375,-1.6953274802363
405,4.3825,-2.79277623778706
405,4.39,2.42056606021887
405,4.3975,1.46637319067276
405,4.405,0.774831486850293
405,4.4125,0.30004576941387
405,4.42,-0.449218626482861
405,4.4275,-1.47298251889744
405,4.435,-2.52634729527651
405,4.4425,2.67628711762916
405,4.45,1.53457257219103
405,4.4575,0.486914429690946
405,4.465,-0.506934340593981
405,4.4725,-1.46236708195121
405,4.48,-2.29617067700871
405,4.4875,3.05743846417745
405,4.495,2.02235332104617
405,4.5025,0.975609218191416
405,4.51,0.00228479378950781
405,4.5175,-0.95500460907779
405,4.525,-2.00974155556229
405,4.5325,-2.93805391368538
405,4.54,2.58795269733941
405,4.5475,1.85588604604281
405,4.555,1.3320286245296
405,4.5625,0.518820191080083
405,4.57,-0.493179035395613
405,4.5775,-1.37951724157778
405,4.585,-2.16202524419064
405,4.5925,3.03007023401429
405,4.6,1.94587150810594
405,4.6075,0.96336674536596
405,4.615,-0.0858774269090576
405,4.6225,-0.750157809213554
405,4.63,-1.03183372096289
405,4.6375,-1.86728640464157
405,4.645,-2.69352761095216
405,4.6525,2.59526046113597
405,4.66,1.52252014016468
405,4.6675,0.486034223303671
405,4.675,-0.60888362130024
405,4.6825,-1.61547440782429
405,4.69,-2.26144655432431
405,4.6975,-2.97983783394428
405,4.705,2.29808332434328
405,4.7125,1.41070212586932
405,4.72,0.363827986349912
405,4.7275,-0.625064959508382
405,4.735,-1.46755312651093
405,4.7425,-2.42444220627394
405,4.75,-3.10315946931621
405,4.7575,2.37493960125542
405,4.765,1.41633550851488
405,4.7725,0.548669300237158
405,4.78,-0.531937866126449
405,4.7875,-1.65400014609517
405,4.795,-2.67855863901553
405,4.8025,2.57871963785171
405,4.81,1.58285998894903
405,4.8175,0.682698911683738
405,4.825,-0.200122405039898
405,4.8325,-1.09295791071005
405,4.84,-2.00420786712075
405,4.8475,-2.92529930489478
405,4.855,2.41451510931099
405,4.8625,1.41725736694234
405,4.87,0.448168335382008
405,4.8775,-0.58275680187289
405,4.885,-1.62753827555262
405,4.8925,-2.59762393694942
405,4.9,2.68507186887399
405,4.9075,1.79911160787755
405,4.915,0.990761121981259
405,4.9225,0.129949038072945
405,4.93,-0.827204852889691
405,4.9375,-1.80643334019429
405,4.945,-2.85028206073275
405,4.9525,2.31791295733382
405,4.96,1.31790936239615
405,4.9675,0.336569574864926
405,4.975,-0.588743046701409
405,4.9825,-1.41326682246038
405,4.99,-2.23399583826874
405,4.9975,-3.11836745452507
405,5.005,2.15890086811648
405,5.0125,1.14119986885626
405,5.02,0.13427563504656
405,5.0275,-0.887934579104468
405,5.035,-1.82145580035518
405,5.0425,-2.63968285757806
405,5.05,2.60574337018677
405,5.0575,1.56679644888104
405,5.065,0.613800017157876
405,5.0725,-0.49142088213501
405,5.08,-1.6225888282435
405,5.0875,-2.70108104598231
405,5.095,2.4872434579976
405,5.1025,1.51068969734343
405,5.11,1.10198764038797
405,5.1175,0.783911434944764
405,5.125,-0.0980321019249609
405,5.1325,-1.12498425736829
405,5.14,-1.7942126676084
405,5.1475,-2.77656363274213
405,5.155,2.39838109335795
405,5.1625,1.3408023319009
405,5.17,0.188539482895051
405,5.1775,-0.784726063329386
405,5.185,-1.18811759891396
405,5.1925,-1.87725497715167
405,5.2,-2.70716381252041
405,5.2075,2.66402640721225
405,5.215,1.76269737136751
405,5.2225,0.765947911160212
405,5.23,-0.457339132650629
405,5.2375,-1.53398098626112
405,5.245,0.1582306294711
405,5.2525,-1.09686736045914
405,5.26,-2.45910055027655
405,5.2675,2.80921384114342
405,5.275,1.72752699665465
405,5.2825,0.547577738685148
405,5.29,-0.204816215669608
405,5.2975,-0.626607051656538
405,5.305,-1.32857176075429
405,5.3125,-2.30120892317995
405,5.32,2.83953126162973
405,5.3275,1.78378010215002
405,5.335,0.685153778825885
405,5.3425,-0.442494495073611
405,5.35,-1.43568432987906
405,5.3575,-2.46813193472284
405,5.365,2.77933897241418
405,5.3725,1.7956913079217
405,5.38,0.82605906187562
405,5.3875,-0.158778568562686
405,5.395,-1.18182203053173
405,5.4025,-2.19268486041296
405,5.41,3.11204199828699
405,5.4175,2.0945880644799
405,5.425,1.09170652089624
405,5.4325,0.0737864056306988
405,5.44,-0.951789587817218
405,5.4475,-1.86867945917119
405,5.455,-2.80522618498868
405,5.4625,2.82471095351762
405,5.47,2.00498000858998
405,5.4775,1.04982184510836
405,5.485,0.187220928761085
405,5.4925,-0.895159740697848
405,5.5,-2.02864276828261
405,5.5075,-3.06769130477148
405,5.515,2.17304012553173
405,5.5225,1.04976004344871
405,5.53,0.177484960713678
405,5.5375,-0.464289637109533
405,5.545,-1.25985787872494
405,5.5525,-1.88710338763777
405,5.56,-2.97353454038721
405,5.5675,2.18494483297362
405,5.575,1.31488111804488
405,5.5825,0.239967216285577
405,5.59,-0.751770593507937
405,5.5975,-1.04689432406915
405,5.605,-1.97783878330698
405,5.6125,-2.92042292106334
405,5.62,2.38140134405758
405,5.6275,1.24393650548915
405,5.635,0.185200859262864
405,5.6425,-0.841099344836654
405,5.65,-1.33362307909952
405,5.6575,-1.31334114850987
405,5.665,-2.00594200829431
405,5.6725,-3.03325010980607
405,5.68,2.08743078714413
405,5.6875,0.974575574392454
405,5.695,-0.117854502979119
405,5.7025,-1.2475506601021
405,5.71,-2.3106258202745
405,5.7175,2.94996993835125
405,5.725,1.93981805050065
405,5.7325,0.977776232027327
405,5.74,0.00646255185450217
405,5.7475,-0.884047229019242
405,5.755,-1.63457000537637
405,5.7625,-2.54281281595666
405,5.77,2.68589089084606
405,5.7775,1.68353971083312
405,5.785,0.843664546035942
405,5.7925,0.00405960265638763
405,5.8,-0.668538158037375
405,5.8075,-1.33290210080358
405,5.815,-2.34486259900632
405,5.8225,2.93505512499266
405,5.83,1.86338101732682
405,5.8375,0.744512821090618
405,5.845,-0.35641027554136
405,5.8525,-1.46830623194743
405,5.86,-2.53314247162524
405,5.8675,2.92440448786873
405,5.875,2.05419443798167
405,5.8825,1.08638281673911
405,5.89,0.395579350712651
405,5.8975,-0.571495103683536
405,5.905,-1.61578726739471
405,5.9125,-2.42934322928944
405,5.92,2.8231845183744
405,5.9275,1.73132307295958
405,5.935,0.734719887474977
405,5.9425,-0.285420478799959
405,5.95,-1.31645088899496
405,5.9575,-2.42739832069812
405,5.965,2.73409595967806
405,5.9725,1.62112528587763
405,5.98,0.543578478342258
405,5.9875,-0.453756371424578
405,5.995,-1.42348413467623
405,6.0025,-2.09395282901566
405,6.01,-2.86999792172052
405,6.0175,2.22562858570881
405,6.025,1.67346823452001
405,6.0325,1.33137994413462
405,6.04,0.458636971118626
405,6.0475,0.297149365241383
405,6.055,-1.05916068653578
405,6.0625,-2.46073469539681
405,6.07,2.71610835648824
405,6.0775,1.94791658169136
405,6.085,0.371843222445249
405,6.0925,2.63673715636567
405,6.1,0.820626251457291
405,6.1075,-0.293336948511797
405,6.115,-1.33463157488814
405,6.1225,-2.70465072751047
405,6.13,2.71005793562742
405,6.1375,2.00694325119805
405,6.145,1.61333950269292
405,6.1525,1.03548316900021
405,6.16,0.0730416811026491
405,6.1675,-1.10362258507259
405,6.175,-2.41029934946849
405,6.1825,2.82066687080725
405,6.19,1.74728671668955
405,6.1975,0.476158478850267
405,6.205,-0.370662439620159
405,6.2125,-1.0236440402053
405,6.22,-1.56173472836859
405,6.2275,-2.24247023195255
405,6.235,3.09970253163111
405,6.2425,2.0813348776011
405,6.25,0.983356019575447
405,6.2575,-0.0760426031580366
405,6.265,-1.15288647637363
405,6.2725,-2.15804348557713
405,6.28,3.05855874537356
405,6.2875,2.13102345175734
405,6.295,1.48617341115015
405,6.3025,0.494228392816868
405,6.31,-0.362470312014999
405,6.3175,-1.25511376189279
405,6.325,-2.39092519403635
405,6.3325,2.82617254321787
405,6.34,1.84128831962624
405,6.3475,0.862056924955341
405,6.355,0.169071890433486
405,6.3625,-0.274598881684361
405,6.37,-1.03968842186972
405,6.3775,-2.10241124120744
405,6.385,3.03731375872809
405,6.3925,1.92863765602237
405,6.4,0.825451005039154
405,6.4075,-0.22294506177176
405,6.415,-1.24517514244558
405,6.4225,-2.27895472877299
405,6.43,3.11239441508065
405,6.4375,2.22669447799403
405,6.445,1.33831668369289
405,6.4525,0.552253861675268
405,6.46,-0.405251221309937
405,6.4675,-1.42416730328034
405,6.475,-2.37245068177226
405,6.4825,2.91535214025016
405,6.49,1.87776713045975
405,6.4975,0.871500593956066
405,6.505,-0.0680519970200186
405,6.5125,-0.990575557761684
405,6.52,-2.04535958016875
405,6.5275,-2.86545398728991
405,6.535,2.43161117159577
405,6.5425,1.15908200184479
405,6.55,0.298663101241585
405,6.5575,-0.726538844843588
405,6.565,-2.14347505029934
405,6.5725,-0.583722772827724
405,6.58,-1.59893740785993
405,6.5875,-2.71760420142144
405,6.595,2.37480796214509
405,6.6025,1.27370768665964
405,6.61,0.199964167520769
405,6.6175,-0.974557125161217
405,6.625,-2.20794859719539
405,6.6325,-3.03575193314855
405,6.64,2.36251296721124
405,6.6475,1.23643148042157
405,6.655,0.937008850195221
405,6.6625,-0.229715042858323
405,6.67,-1.31075262850347
405,6.6775,-1.86247559350375
405,6.685,-3.00072484003145
405,6.6925,2.33247756177894
405,6.7,1.36117565082295
405,6.7075,0.411690284827625
405,6.715,-0.382257895797278
405,6.7225,-1.28143885533723
405,6.73,-2.00658573071443
405,6.7375,-3.04143141955236
405,6.745,2.12366687132044
405,6.7525,1.05283312227295
405,6.76,-0.110342540251892
405,6.7675,-1.16667285855268
405,6.775,-2.15636400641045
405,6.7825,2.85413795201042
405,6.79,1.90485109592432
405,6.7975,2.32363000787226
405,6.805,1.48025073059215
405,6.8125,0.719737304074076
405,6.82,-0.557284694472281
405,6.8275,-1.66676103467039
405,6.835,-2.53965421113587
405,6.8425,2.6920983472258
405,6.85,1.73814782526737
405,6.8575,1.21274854771215
405,6.865,0.411309628759058
405,6.8725,-0.428738475544308
405,6.88,-1.32439234698212
405,6.8875,-2.49638025402227
405,6.895,2.73215934041258
405,6.9025,1.85387060576139
405,6.91,1.33260323349033
405,6.9175,0.834375613814097
405,6.925,0.0741404205600729
405,6.9325,-1.01869311818483
405,6.94,-2.20030595705871
405,6.9475,3.06686451390507
405,6.955,2.0011680786589
405,6.9625,0.850684733243875
405,6.97,-0.205667947135473
405,6.9775,-1.1570125638003
405,6.985,-1.92441414812419
405,6.9925,-2.7558127075189
405,7,2.68016436067627
405,7.0075,1.80354709354195
405,7.015,0.737797663869293
405,7.0225,-0.338288453826894
405,7.03,-1.37619035922959
405,7.0375,-2.32197364028291
405,7.045,3.00334525691033
405,7.0525,2.07935463048652
405,7.06,1.25956567983064
405,7.0675,0.336911857148369
405,7.075,-0.696928094620934
405,7.0825,-1.66666043705352
405,7.09,-2.52906144944169
405,7.0975,2.65154016238664
405,7.105,1.52455127238695
405,7.1125,0.924369790857636
405,7.12,0.28879591814802
405,7.1275,-0.418239733539108
405,7.135,-1.03786593598311
405,7.1425,-2.03600395988095
405,7.15,3.08035603629475
405,7.1575,2.087115517785
405,7.165,1.11635164369637
405,7.1725,-0.0290312408230088
405,7.18,-1.07026047023316
405,7.1875,-2.10160422019914
405,7.195,-3.11798285427202
405,7.2025,2.24700129867881
405,7.21,1.25112408578274
405,7.2175,0.390924199254994
405,7.225,-0.51515774977013
405,7.2325,-1.42547867500894
405,7.24,-2.14575941648478
405,7.2475,-2.89547193223877
405,7.255,2.33146599515487
405,7.2625,1.36587895846818
405,7.27,0.53995401439991
405,7.2775,-0.614715041412449
405,7.285,-1.58434224716964
405,7.2925,-2.34994282457652
405,7.3,2.70910370170133
405,7.3075,1.60493978540419
405,7.315,0.803073358202676
405,7.3225,-0.347937772850891
405,7.33,-1.22645392666968
405,7.3375,-1.76891739051255
405,7.345,-2.23292993151626
405,7.3525,-2.80289531249465
405,7.36,2.52917103692568
405,7.3675,1.44726859840976
405,7.375,0.222449624429872
405,7.3825,-0.863279637819257
405,7.39,-1.97017705952657
405,7.3975,-3.04990232430761
405,7.405,2.53076869587197
405,7.4125,1.58910383138727
405,7.42,0.983796966830309
405,7.4275,0.0888594834207923
405,7.435,-1.03373892812826
405,7.4425,-1.67986826108173
405,7.45,-2.71343211766295
405,7.4575,2.41862310270819
405,7.465,1.67223300624948
405,7.4725,0.804656775384237
405,7.48,-0.155333152791876
405,7.4875,-0.866110742128617
405,7.495,-1.84434142938478
405,7.5025,-2.95063758180034
405,7.51,2.3763526415345
405,7.5175,1.34443609333781
405,7.525,0.207124714907343
405,7.5325,-0.71110238269909
405,7.54,-1.70653249372407
405,7.5475,-2.7599289174996
405,7.555,2.88058938554306
405,7.5625,1.9376160389703
405,7.57,1.02828268160769
405,7.5775,0.224497260581094
405,7.585,-0.803352532686262
405,7.5925,-1.77048570373853
405,7.6,-2.69634299497385
405,7.6075,2.60898799414079
405,7.615,1.6264493488138
405,7.6225,0.765440867323487
405,7.63,-0.129893564523702
405,7.6375,-1.11423249131588
405,7.645,-2.07181982652671
405,7.6525,-3.0772312313531
405,7.66,2.13419205999305
405,7.6675,1.1033557729114
405,7.675,0.137981850645773
405,7.6825,-0.700832355985801
405,7.69,-1.37747708351331
405,7.6975,-2.02165874446768
405,7.705,-2.77981467149021
405,7.7125,2.44785619197358
405,7.72,1.47298125924514
405,7.7275,0.471562954719367
405,7.735,-0.668375086555542
405,7.7425,-1.67938888662967
405,7.75,-2.70168922683282
405,7.7575,2.48049203748844
405,7.765,1.54108414156353
405,7.7725,0.621888757331863
405,7.78,-0.308990232696734
405,7.7875,-1.09908968643817
405,7.795,-1.9417976007229
405,7.8025,-2.85133654503319
405,7.81,2.65496287474944
405,7.8175,1.65229797827256
405,7.825,0.676131121537132
405,7.8325,0.068374181763765
405,7.84,-0.768484380168585
405,7.8475,-1.57676048404697
405,7.855,-2.32150508345907
405,7.8625,2.85678090957977
405,7.87,1.76885341683207
405,7.8775,0.929721111571181
405,7.885,-0.0802905350672749
405,7.8925,-1.0028914835298
405,7.9,-1.61808753574523
405,7.9075,-2.48269163915249
405,7.915,2.97238490806993
405,7.9225,2.17462805161202
405,7.93,1.07803396394998
405,7.9375,0.0827850942780243
405,7.945,-0.836334281291617
405,7.9525,-1.97257834483473
405,7.96,-2.99424182474356
405,7.9675,2.49949921058111
405,7.975,1.4354255913427
405,7.9825,0.461998899678784
405,7.99,-0.303217633625198
405,7.9975,-1.39080552755107
405,8.005,-2.33431569273336
405,8.0125,3.02608054318867
405,8.02,1.93825544013418
405,8.0275,1.10055649170276
405,8.035,0.267532110613414
405,8.0425,-0.562401733640129
405,8.05,-1.12086908253649
405,8.0575,-2.12652694874452
405,8.065,3.09968870278149
405,8.0725,2.25395603888772
405,8.08,1.09635791146399
405,8.0875,-0.0927605867639854
405,8.095,-0.981098225821672
405,8.1025,-2.03862385473828
405,8.11,-3.1411912630242
405,8.1175,2.30388892200949
405,8.125,1.53781508133359
405,8.1325,0.661879052789004
405,8.14,-0.314849830444434
405,8.1475,-1.02005754195938
405,8.155,-2.08594727178233
405,8.1625,3.09324415449963
405,8.17,2.35117983024909
405,8.1775,1.28156348896912
405,8.185,0.32149730753897
405,8.1925,-0.441252017660365
405,8.2,-1.48422107276052
405,8.2075,-2.30386694830837
405,8.215,3.0851276359872
405,8.2225,2.08964167190505
405,8.23,1.19376767255664
405,8.2375,0.221250002602753
405,8.245,-0.686348607439171
405,8.2525,-1.44986522168078
405,8.26,-2.26783107655193
405,8.2675,3.12226883891783
405,8.275,2.22716134760142
405,8.2825,1.21560609390188
405,8.29,0.157793367161003
405,8.2975,-0.835421950200532
405,8.305,-1.90432716410221
405,8.3125,-2.93401046977251
405,8.32,2.46966863373423
405,8.3275,1.59408939455745
405,8.335,0.688007328788546
405,8.3425,-0.134990457706011
405,8.35,-0.980017597506951
405,8.3575,-1.95787666143601
405,8.365,-2.75989200412887
405,8.3725,2.67164280285263
405,8.38,1.65613712996752
405,8.3875,0.809895192007138
405,8.395,0.0341659549376738
405,8.4025,-0.983461705615587
405,8.41,-1.93439502408387
405,8.4175,-2.84633329786582
405,8.425,2.33202847333632
405,8.4325,1.30172642521702
405,8.44,0.386965309937987
405,8.4475,-0.652244279054048
405,8.455,-1.63021333202736
405,8.4625,-2.45739847041136
405,8.47,2.99173798163591
405,8.4775,2.15478545088496
405,8.485,1.43910577000746
405,8.4925,0.519685886363812
405,8.5,-0.52381526245851
405,8.5075,-1.44123025652403
405,8.515,-2.49383727640278
405,8.5225,2.73919032186882
405,8.53,1.78051052751459
405,8.5375,0.692883081130156
405,8.545,-0.261500206156367
405,8.5525,-1.12126141493515
405,8.56,-2.08795443803139
405,8.5675,-2.83657373417969
405,8.575,2.5423323788836
405,8.5825,1.60311266880667
405,8.59,0.786974704445807
405,8.5975,-0.119593446059658
405,8.605,-1.04220036018621
405,8.6125,-1.9355711656907
405,8.62,-2.81501537570751
405,8.6275,2.43871325286583
405,8.635,1.36618924489198
405,8.6425,0.382783407497421
405,8.65,-0.683442952863748
405,8.6575,-1.83144924728035
405,8.665,-2.82925074523909
405,8.6725,2.56183549372456
405,8.68,1.5684757317174
405,8.6875,0.852893831807434
405,8.695,0.161844676600814
405,8.7025,-0.714248805214589
405,8.71,-1.49441653040675
405,8.7175,-2.53465829491657
405,8.725,2.75981113396001
405,8.7325,1.89237953996621
405,8.74,0.821522300514084
405,8.7475,-0.0227344937063926
405,8.755,-0.779032627879749
405,8.7625,-1.82589143234757
405,8.77,-2.76468095382786
405,8.7775,2.60701146721769
405,8.785,1.5145795786818
405,8.7925,0.447944491415911
405,8.8,-0.489128208763688
405,8.8075,-1.44506192670479
405,8.815,-2.43150208953598
405,8.8225,-3.05729947929866
405,8.83,2.63983177649199
405,8.8375,1.86298089107567
405,8.845,0.96475601881551
405,8.8525,-0.0659230359438373
405,8.86,-1.07255978367112
405,8.8675,-2.15335517030088
405,8.875,3.05596900449627
405,8.8825,2.05535200108519
405,8.89,0.994769433819259
405,8.8975,-0.0482794164647951
405,8.905,-0.936029016641217
405,8.9125,-1.75052257687408
405,8.92,-2.52594155054696
405,8.9275,3.04956169138815
405,8.935,2.45398773802945
405,8.9425,1.62931247697641
405,8.95,0.761713023365846
405,8.9575,-0.0947541320039953
405,8.965,-1.14078742711599
405,8.9725,-2.19798592320319
405,8.98,3.08930243783158
405,8.9875,2.08865166178848
405,8.995,1.06986323235414
405,9.0025,0.113055494176347
405,9.01,-0.744118019348043
405,9.0175,-1.63651604281353
405,9.025,-2.50675329879618
405,9.0325,3.01982225162342
405,9.04,2.18398896416235
405,9.0475,1.23291749158042
405,9.055,0.319110461682598
405,9.0625,-0.662978233429322
405,9.07,-1.68225349750589
405,9.0775,-2.64892229968172
405,9.085,2.60183472544971
405,9.0925,1.67769758790533
405,9.1,0.779609564722467
405,9.1075,-0.193947124062119
405,9.115,-0.990802862108613
405,9.1225,-1.95549566875007
405,9.13,-3.03143202364228
405,9.1375,2.32795004803354
405,9.145,1.32897996036222
405,9.1525,0.272448933362903
405,9.16,-0.564084345213321
405,9.1675,-1.48478736663308
405,9.175,-2.44698534720538
405,9.1825,3.04719141388123
405,9.19,2.11114605462863
405,9.1975,1.16931244943636
405,9.205,0.228494888517097
405,9.2125,-0.834123845415416
405,9.22,-1.86996187333248
405,9.2275,-2.85149673607979
405,9.235,2.41304152611707
405,9.2425,1.41105571053799
405,9.25,0.534426395682939
405,9.2575,-0.337824524721595
405,9.265,-1.24955304255526
405,9.2725,-2.01275109673817
405,9.28,-2.88778356195595
405,9.2875,2.39848465127684
405,9.295,1.52786299614369
405,9.3025,0.574658312634091
405,9.31,-0.415790664896843
405,9.3175,-1.32716196607646
405,9.325,-2.27104588056218
405,9.3325,3.02925362327972
405,9.34,1.9996420440318
405,9.3475,1.07101164257112
405,9.355,0.0895352847088397
405,9.3625,-0.903472621382098
405,9.37,-1.7117003267091
405,9.3775,-2.66081071580937
405,9.385,2.86461391644
405,9.3925,2.10364396896023
405,9.4,1.18430361267145
405,9.4075,0.317321562360557
405,9.415,-0.686193237522925
405,9.4225,-1.75272473143865
405,9.43,-2.72896621587198
405,9.4375,2.54406212172399
405,9.445,1.53867803480464
405,9.4525,0.661552163992478
405,9.46,-0.299825156960331
405,9.4675,-1.16356712502652
405,9.475,-1.90089518054713
405,9.4825,-2.75453908847734
405,9.49,2.66606277913138
405,9.4975,1.83053336538826
405,9.505,0.84985600660276
405,9.5125,-0.0512890920096888
405,9.52,-0.872936888410846
405,9.5275,-1.87935828801509
405,9.535,-2.77242434848355
405,9.5425,2.59663777146759
405,9.55,1.5897135216975
405,9.5575,0.63261324160795
405,9.565,-0.344868898818977
405,9.5725,-1.33561289216445
405,9.58,-2.33914920391681
405,9.5875,2.98212853206762
405,9.595,2.12892280061867
405,9.6025,1.29241916050858
405,9.61,0.498666801236552
405,9.6175,-0.344110236835095
405,9.625,-1.30066468096864
405,9.6325,-2.20380372036338
405,9.64,3.09743595649227
405,9.6475,2.07388738743711
405,9.655,1.10649520245524
405,9.6625,0.0984834883463288
405,9.67,-0.88987756461078
405,9.6775,-1.85284808870635
405,9.685,-2.81239339982917
405,9.6925,2.5049253545566
405,9.7,1.48668594644889
405,9.7075,0.515490891063327
405,9.715,-0.402780846186623
405,9.7225,-1.36266636710728
405,9.73,-2.19971143810869
405,9.7375,-3.01917625091492
405,9.745,2.30678115984659
405,9.7525,1.4184083364916
405,9.76,0.473589807703776
405,9.7675,-0.525958247277578
405,9.775,-1.535159846996
405,9.7825,-2.54915336940493
405,9.79,2.76336040793194
405,9.7975,1.69273721543619
405,9.805,0.704318379713163
405,9.8125,-0.143754379508134
405,9.82,-0.94938786966308
405,9.8275,-1.70557849714306
405,9.835,-2.37896849354655
405,9.8425,-3.09142186623484
405,9.85,2.14181527179254
405,9.8575,1.22002559952849
405,9.865,0.254862268997022
405,9.8725,-0.838983163679821
405,9.88,-1.79535711597867
405,9.8875,-2.60805148101025
405,9.895,2.68004637096285
405,9.9025,1.73494511799886
405,9.91,0.892935410383591
405,9.9175,-0.132395508265869
405,9.925,-0.989469960405471
405,9.9325,-1.77580666431543
405,9.94,-2.67381993231146
405,9.9475,2.78298914703012
405,9.955,1.91152415465506
405,9.9625,1.03644017760132
405,9.97,0.122060086152229
405,9.9775,-0.911114403209294
405,9.985,-1.83804142306539
405,9.9925,-2.78538021109824
405,10,2.48290023992673
405,10.0075,1.68450955046919
405,10.015,0.787773663306152
405,10.0225,-0.166529996172966
405,10.03,-1.06015324239554
405,10.0375,-2.00698377719171
405,10.045,-2.96831203231145
405,10.0525,2.39446806178041
405,10.06,1.50302834200965
405,10.0675,0.580008172508883
405,10.075,-0.318673680065638
405,10.0825,-1.16572425605556
405,10.09,-2.04731275599535
405,10.0975,-3.03534589598026
405,10.105,2.29713325801455
405,10.1125,1.32863329734759
405,10.12,0.277807413906796
405,10.1275,-0.708524688525184
405,10.135,-1.68797041339007
405,10.1425,-2.72450947554235
405,10.15,2.58697977847259
405,10.1575,1.67414537621924
405,10.165,0.75483015677528
405,10.1725,-0.0799001652366693
405,10.18,-0.92744107802243
405,10.1875,-1.87457197567152
405,10.195,-2.81907343610056
405,10.2025,2.51754734376257
405,10.21,1.5393727485249
405,10.2175,0.52125933857706
405,10.225,-0.478778407953448
405,10.2325,-1.48144374031918
405,10.24,-2.48559883865042
405,10.2475,2.8154421311178
405,10.255,1.84684920896886
405,10.2625,0.895798880382249
405,10.27,-0.0956686021096941
405,10.2775,-1.02477756465278
405,10.285,-1.92461596252445
405,10.2925,-2.86532652793413
405,10.3,2.53738603398812
405,10.3075,1.62359536828378
405,10.315,0.688022900017605
405,10.3225,-0.265372859909685
405,10.33,-1.25073601098572
405,10.3375,-2.20463658224875
405,10.345,3.07872409326273
405,10.3525,2.08611191951082
405,10.36,1.17757147254957
405,10.3675,0.355668223903912
405,10.375,-0.465076235439246
405,10.3825,-1.20090988412883
405,10.39,-2.04291419440985
405,10.3975,-3.07107516453076
405,10.405,2.25748479482579
405,10.4125,1.30169762535519
405,10.42,0.269488637524852
405,10.4275,-0.70471972186303
405,10.435,-1.590619233357
405,10.4425,-2.46186044993087
405,10.45,3.04760512944637
405,10.4575,2.24601713238146
405,10.465,1.30345252113054
405,10.4725,0.28359134650562
405,10.48,-0.755244675574655
405,10.4875,-1.85430517781562
405,10.495,-2.8773444676756
405,10.5025,2.53228907621081
405,10.51,1.61121842019652
405,10.5175,1.07742906434732
405,10.525,0.430974807415357
405,10.5325,-0.317306173775602
405,10.54,-1.18513277722408
405,10.5475,-2.25946430995134
405,10.555,2.99569184761338
405,10.5625,1.96265632093409
405,10.57,0.934359520346993
405,10.5775,-0.0773975004328637
405,10.585,-1.0007280749164
405,10.5925,-1.88673866386997
405,10.6,-2.8446183450768
405,10.6075,2.72154131887358
405,10.615,1.84128387655794
405,10.6225,0.837163083437902
405,10.63,0.0406483571412998
405,10.6375,-0.969013127823157
405,10.645,-1.90663605276054
405,10.6525,-2.72771032905004
405,10.66,2.55588273328405
405,10.6675,1.57984633573147
405,10.675,0.622988926275605
405,10.6825,-0.368046147817652
405,10.69,-1.36005684173624
405,10.6975,-2.27409254262699
405,10.705,3.07507663213206
405,10.7125,2.08823533408967
405,10.72,1.26126368401078
405,10.7275,0.359333965227878
405,10.735,-0.580769803662729
405,10.7425,-1.44746219199794
405,10.75,-2.46089218415985
405,10.7575,2.81080546860612
405,10.765,1.84675423599055
405,10.7725,0.844153211605715
405,10.78,-0.143700054788726
405,10.7875,-1.09349710869804
405,10.795,-2.06146803008478
405,10.8025,-2.99591349292477
405,10.81,2.39400594497776
405,10.8175,1.43827477411352
405,10.825,0.507533427290645
405,10.8325,-0.471019599828448
405,10.84,-1.48185516150378
405,10.8475,-2.4212840771043
405,10.855,2.96619443331675
405,10.8625,2.10155032671759
405,10.87,1.29502703483141
405,10.8775,0.590128060079929
405,10.885,-0.275844428516094
405,10.8925,-1.13472711647971
405,10.9,-2.10603197347526
405,10.9075,3.09086837985451
405,10.915,2.07403432504296
405,10.9225,1.03860976922789
405,10.93,0.0428062418165568
405,10.9375,-0.845260241603206
405,10.945,-1.73045702523764
405,10.9525,-2.35937370635699
405,10.96,-3.11130031485941
405,10.9675,2.36967081750101
405,10.975,1.46186380578776
405,10.9825,0.530554123285726
405,10.99,-0.487273360190109
405,10.9975,-1.4858688988581
405,11.005,-2.39381297388984
405,11.0125,2.86444909782127
405,11.02,1.98170942263428
405,11.0275,1.02973936269204
405,11.035,-0.000818439861162336
405,11.0425,-0.896951485648379
405,11.05,-1.97703080576799
405,11.0575,-2.84879149271597
405,11.065,2.74925562173381
405,11.0725,1.86678711407843
405,11.08,1.28846654787433
405,11.0875,0.381043731551685
405,11.095,-0.616536064357253
405,11.1025,-1.58631768562195
405,11.11,-2.59416468081289
405,11.1175,2.60768650446807
405,11.125,1.52428954799017
405,11.1325,0.556836215636761
405,11.14,-0.453752453931272
405,11.1475,-1.44312037368981
405,11.155,-2.21881423321221
405,11.1625,-3.0796617282794
405,11.17,2.29759707994038
405,11.1775,1.40069254892332
405,11.185,0.436351258133608
405,11.1925,-0.545021465956363
405,11.2,-1.53224326602077
405,11.2075,-2.52311350676143
405,11.215,2.81039417320388
405,11.2225,1.88732151505583
405,11.23,0.951855318202034
405,11.2375,-0.00116818659692068
405,11.245,-0.962014379115385
405,11.2525,-1.99220009156033
405,11.26,-3.02641422084172
405,11.2675,2.36052775182625
405,11.275,1.34981197199321
405,11.2825,0.300779717376165
405,11.29,-0.607844124186002
405,11.2975,-1.5931044465671
405,11.305,-2.54871081483748
405,11.3125,2.90570995729453
405,11.32,1.95794860666663
405,11.3275,0.974573535849778
405,11.335,0.065345928726099
405,11.3425,-0.931980658229279
405,11.35,-1.91728099518986
405,11.3575,-2.83755283739368
405,11.365,2.41436341987586
405,11.3725,1.41155625787352
405,11.38,0.457565729699873
405,11.3875,-0.52483943982868
405,11.395,-1.55130079641384
405,11.4025,-2.56284467132308
405,11.41,2.71687088001467
405,11.4175,1.59220223825655
405,11.425,0.627642300434589
405,11.4325,-0.254992124953958
405,11.44,-1.0312642129871
405,11.4475,-1.07302910915668
405,11.455,-1.62513463440412
405,11.4625,-2.26775760810208
405,11.47,2.77596123264355
405,11.4775,1.66860731800081
405,11.485,0.81408209621587
405,11.4925,-0.314541116372041
405,11.5,-1.2044152461145
405,11.5075,-1.27947773512199
405,11.515,-2.14894623493956
405,11.5225,-3.07157021773177
405,11.53,2.33375508348633
405,11.5375,1.35101835751148
405,11.545,0.296896442905969
405,11.5525,-0.659605968858499
405,11.56,-1.6379910787629
405,11.5675,-2.73031936397407
405,11.575,2.59393468462263
405,11.5825,1.82554986912728
405,11.59,0.840858860799464
405,11.5975,-0.0504773381572143
405,11.605,-0.761289086251714
405,11.6125,-1.8124443855282
405,11.62,-2.76866860707415
405,11.6275,2.66368790081351
405,11.635,1.67552337577463
405,11.6425,0.755213710628035
405,11.65,-0.12719899925806
405,11.6575,-1.01925434371177
405,11.665,-1.97781920745884
405,11.6725,-2.9449191084802
405,11.68,2.38283716452356
405,11.6875,1.37518781923789
405,11.695,0.371408505627554
405,11.7025,-0.607926477934068
405,11.71,-1.53210673647872
405,11.7175,-2.49681421930423
405,11.725,2.80487267738173
405,11.7325,1.8570857247003
405,11.74,0.888017198826753
405,11.7475,-0.0944593542300679
405,11.755,-1.07956908209563
405,11.7625,-2.01482549561639
405,11.77,-2.95912858088717
405,11.7775,2.33062695521621
405,11.785,1.52407031417696
405,11.7925,0.635203842701451
405,11.8,-0.388012003397246
405,11.8075,-1.17678154414609
405,11.815,-2.17589974475331
405,11.8225,2.99334156407217
405,11.83,2.07345137423661
405,11.8375,1.06157456732665
405,11.845,-0.0275144186621442
405,11.8525,-0.888764847304817
405,11.86,-1.82933551555706
405,11.8675,-2.83908165037987
405,11.875,2.70078593642382
405,11.8825,1.76807723369
405,11.89,0.80285837472584
405,11.8975,-0.108480826795662
405,11.905,-1.20070788178717
405,11.9125,-2.2648207911387
405,11.92,3.13593249963791
405,11.9275,2.13145276675104
405,11.935,1.15030401271367
405,11.9425,0.342506886294806
405,11.95,-0.792346112154755
405,11.9575,-1.71425627423247
405,11.965,-2.36997053530118
405,11.9725,2.80280474790138
405,11.98,2.23196120403033
405,11.9875,1.4002066366973
405,11.995,0.542650068992259
405,12.0025,-0.150209241030602
405,12.01,-1.00305492050338
405,12.0175,-1.94872093352663
405,12.025,-2.97322997440722
405,12.0325,2.42375646513912
405,12.04,1.36061000151774
405,12.0475,0.283457256288035
405,12.055,-0.647397094581466
405,12.0625,-1.67670586039298
405,12.07,-2.6262311470273
405,12.0775,2.98583264376898
405,12.085,2.12570741587202
405,12.0925,1.22109761226404
405,12.1,0.444154366481862
405,12.1075,-0.514341028418485
405,12.115,-1.47471034984942
405,12.1225,-2.27998933177324
405,12.13,3.07633739354847
405,12.1375,2.05299894981881
405,12.145,1.1566796797476
405,12.1525,0.288639556654183
405,12.16,-0.739007278639334
405,12.1675,-1.70648578729073
405,12.175,-2.64676818196649
405,12.1825,2.54217949473721
405,12.19,1.46925657019987
405,12.1975,0.608717574054706
405,12.205,-0.18435565078572
405,12.2125,-1.07475610130988
405,12.22,-1.87787181144378
405,12.2275,-2.7913863850356
405,12.235,2.46597402087701
405,12.2425,1.51549449379223
405,12.25,0.530079371850339
405,12.2575,-0.492312030235168
405,12.265,-1.5557107011908
405,12.2725,-2.61292483708196
405,12.28,2.70747292262866
405,12.2875,1.72285090642019
405,12.295,0.751546008784883
405,12.3025,-0.140974789899989
405,12.31,-1.066656926824
405,12.3175,-2.09091600990805
405,12.325,-3.11352410294583
405,12.3325,2.28450352232631
405,12.34,1.19981760418397
405,12.3475,0.130178959088742
405,12.355,-0.56584658221002
405,12.3625,-1.54330066240579
405,12.37,-2.39915072855289
405,12.3775,3.0293543924955
405,12.385,1.89303126404256
405,12.3925,0.864777998688265
405,12.4,-0.244706141457028
405,12.4075,-1.37712767475777
405,12.415,-2.3565833735971
405,12.4225,2.782387859316
405,12.43,1.6792176986217
405,12.4375,0.844939684186081
405,12.445,-0.132843671928985
405,12.4525,-0.703432490261694
405,12.46,-1.66133528645673
405,12.4675,-2.81158149236868
405,12.475,2.36075767758903
405,12.4825,0.970792112230089
405,12.49,-0.46883613407377
405,12.4975,-1.5640537583491
405,12.505,-2.57610140680394
405,12.5125,2.14991901646386
405,12.52,0.912870648579939
405,12.5275,0.561995905960184
405,12.535,-1.03184095605637
405,12.5425,-1.54452549783135
405,12.55,-2.38730658252779
405,12.5575,2.43164894160446
405,12.565,1.61486942069348
405,12.5725,0.515968377009726
405,12.58,-0.861080018359451
405,12.5875,-1.89090892814558
405,12.595,-2.90647014197386
405,12.6025,2.14334520981102
405,12.61,1.13966721097209
405,12.6175,0.263224163979849
405,12.625,-0.723751404139002
405,12.6325,-1.64701575719894
405,12.64,-2.51430596186983
405,12.6475,2.81142921458529
405,12.655,1.78787949527869
405,12.6625,0.75766344159472
405,12.67,-0.248600868731179
405,12.6775,-1.13979216029035
405,12.685,-2.05370130987427
405,12.6925,-3.00945009586135
405,12.7,2.3854744626572
405,12.7075,1.43228317476209
405,12.715,0.380080939952087
405,12.7225,-0.619179359247654
405,12.73,-1.60625334841573
405,12.7375,-2.70661266105498
405,12.745,2.48451989476799
405,12.7525,1.53511649630979
405,12.76,0.686208963087679
405,12.7675,-0.0617405811657087
405,12.775,-0.760649938545666
405,12.7825,-1.62809804885065
405,12.79,-2.68533057492458
405,12.7975,2.55294267788697
405,12.805,1.53848441196963
405,12.8125,0.446710454658472
405,12.82,-0.642617091330785
405,12.8275,-1.73144376959501
405,12.835,-2.83599799329679
405,12.8425,2.4443842570033
405,12.85,1.58825323326054
405,12.8575,0.71863802023187
405,12.865,-0.147169116190562
405,12.8725,-1.02808675082766
405,12.88,-2.05832369487146
405,12.8875,-3.10082782710064
405,12.895,2.15448688359495
405,12.9025,1.04993459398425
405,12.91,-0.049310641395584
405,12.9175,-1.00927653522976
405,12.925,-1.49045133548772
405,12.9325,-2.22595638358012
405,12.94,3.0133565664972
405,12.9475,1.88008601022809
405,12.955,0.658953788093208
405,12.9625,-0.528114845645357
405,12.97,-1.64391079022152
405,12.9775,-2.6989862222797
405,12.985,2.44224284798118
405,12.9925,1.37649952415394
405,13,0.274891807885466
405,13.0075,-0.883445404218613
405,13.015,-1.68076159681901
405,13.0225,-2.95030973217113
405,13.03,1.9847438144196
405,13.0375,1.20882189782566
405,13.045,-0.10802492612953
405,13.0525,-1.4557326622735
405,13.06,-2.15320522387636
405,13.0675,2.7749116821942
405,13.075,1.30197484045282
405,13.0825,0.62154450090897
405,13.09,-0.152312080079745
405,13.0975,-0.752357477166103
405,13.105,-1.37228602232098
405,13.1125,-2.56651261706723
405,13.12,2.53310735636667
405,13.1275,1.45397475363414
405,13.135,0.277537478126167
405,13.1425,-0.949005906607635
405,13.15,-2.0411993965236
405,13.1575,3.12932766392047
405,13.165,1.98522989352495
405,13.1725,0.922062791757804
405,13.18,-0.116893243923764
405,13.1875,-1.03621742780652
405,13.195,-2.06166375671596
405,13.2025,-2.92506196102553
405,13.21,2.61229341339755
405,13.2175,1.40757898612834
405,13.225,0.350328549578411
405,13.2325,-0.617359606061603
405,13.24,-1.82512111047239
405,13.2475,-2.09843282083038
405,13.255,-2.77503201828176
405,13.2625,2.47762348299927
405,13.27,1.57632525638604
405,13.2775,0.383145304755488
405,13.285,-0.693949420583382
405,13.2925,-1.72766037234467
405,13.3,-2.95030114565992
405,13.3075,2.2751312670038
405,13.315,1.37974416577165
405,13.3225,0.554210039826575
405,13.33,0.166332764803039
405,13.3375,-0.397075846020693
405,13.345,-1.49814064083754
405,13.3525,-2.45263978492426
405,13.36,2.88686784496266
405,13.3675,1.74341280396655
405,13.375,0.792741017810788
405,13.3825,-0.230762769590301
405,13.39,-1.35842910955756
405,13.3975,-2.10097345155088
405,13.405,-2.68324196142464
405,13.4125,2.74876007477938
405,13.42,1.79297055671363
405,13.4275,0.793327069144
405,13.435,-0.248430577485171
405,13.4425,-1.21679830500931
405,13.45,-2.1316773247101
405,13.4575,-2.69926519119173
405,13.465,3.08879079518792
405,13.4725,2.42439840191562
405,13.48,1.452475720125
405,13.4875,0.286283020752475
405,13.495,-0.75611377772804
405,13.5025,-1.85076628009623
405,13.51,-3.08271885636417
405,13.5175,2.2015911639798
405,13.525,1.51020487182749
405,13.5325,0.709446507235486
405,13.54,0.422524252256916
405,13.5475,-0.424138639787344
405,13.555,-1.38014818822999
405,13.5625,-2.23797261567296
405,13.57,2.97876501542455
405,13.5775,1.89126580047734
405,13.585,0.819751014251956
405,13.5925,-0.302673904520669
405,13.6,-1.31123634359013
405,13.6075,-2.24543173283975
405,13.615,3.04938111059844
405,13.6225,2.12973109351013
405,13.63,1.14348815126629
405,13.6375,0.132699790196661
405,13.645,-0.88240853972929
405,13.6525,-1.88838110415289
405,13.66,-2.79368703024853
405,13.6675,2.50550989157736
405,13.675,1.60268032930756
405,13.6825,0.81141880082143
405,13.69,-0.151292426217713
405,13.6975,-1.0989302545476
405,13.705,-2.07859795764129
405,13.7125,3.1318789414626
405,13.72,2.11214040920195
405,13.7275,1.16043727671392
405,13.735,0.0937710556739206
405,13.7425,-0.937934495303776
405,13.75,-1.82673610373941
405,13.7575,-2.9010908753306
405,13.765,2.3432692846068
405,13.7725,1.51993941285159
405,13.78,0.39383681186654
405,13.7875,-0.579077453187426
405,13.795,-1.23384760004501
405,13.8025,-2.3996644612355
405,13.81,-3.11521240616149
405,13.8175,2.45892101352422
405,13.825,1.43140272431665
405,13.8325,0.741905808978924
405,13.84,-0.27010091942002
405,13.8475,-1.28259097552176
405,13.855,-2.20994396665128
405,13.8625,3.06645473465013
405,13.87,1.99731874918163
405,13.8775,0.909485465929293
405,13.885,-0.189412117193061
405,13.8925,-1.35167256932301
405,13.9,-1.20940085183486
405,13.9075,-1.63613175593772
405,13.915,-2.58047282636733
405,13.9225,2.67441916918296
405,13.93,1.46984154873073
405,13.9375,0.429303089347388
405,13.945,-0.387150681428901
405,13.9525,-1.39393074717827
405,13.96,-2.45764984318138
405,13.9675,-3.07932632304518
405,13.975,2.32456910800758
405,13.9825,1.054837023728
405,13.99,0.0419771197434865
405,13.9975,-1.02129799526309
405,14.005,-2.49228860653486
405,14.0125,2.36392434419676
405,14.02,-1.7223108011629
405,14.0275,-2.49322477189829
405,14.035,2.51889625540227
405,14.0425,1.35422723053335
405,14.05,0.248894099709993
405,14.0575,-0.961176804879615
405,14.065,-2.10058305221067
405,14.0725,-3.04923970704281
405,14.08,2.26458370011319
405,14.0875,1.45316119478669
405,14.095,0.854192798925044
405,14.1025,-0.0299939497347407
405,14.11,-1.00231958447716
405,14.1175,-1.99950323211083
405,14.125,-3.04337011859565
405,14.1325,2.19431036229663
405,14.14,1.17398328051764
405,14.1475,0.230650976395725
405,14.155,-0.685364816017324
405,14.1625,-1.6911078345881
405,14.17,-2.65281426933129
405,14.1775,2.74350680494283
405,14.185,1.75926585481608
405,14.1925,0.780931897918347
405,14.2,-0.165979231478917
405,14.2075,-1.23989681193768
405,14.215,-2.31793047473249
405,14.2225,3.07340752753767
405,14.23,2.19567521666616
405,14.2375,1.30169571728936
405,14.245,0.500266192533907
405,14.2525,-0.447686018961584
405,14.26,-1.37861545036642
405,14.2675,-2.33387221087347
405,14.275,2.82634273857978
405,14.2825,1.75327152475147
405,14.29,0.793856086341891
405,14.2975,-0.262327601357936
405,14.305,-1.18429801453095
405,14.3125,-1.9261754967883
405,14.32,-2.86260959391046
405,14.3275,2.44377905320327
405,14.335,1.53954455207655
405,14.3425,0.587938735536991
405,14.35,-0.452036862668562
405,14.3575,-1.33266365728079
405,14.365,-2.23285318976537
405,14.3725,-3.12517601710337
405,14.38,2.61817250043513
405,14.3875,1.76132921598394
405,14.395,0.772724286132966
405,14.4025,-0.224493423492072
405,14.41,-1.2711433106244
405,14.4175,-2.29081591820456
405,14.425,3.03599585908433
405,14.4325,2.00252315587252
405,14.44,1.01765179270006
405,14.4475,0.210523948679003
405,14.455,-0.734040960234646
405,14.4625,-1.46409052511407
405,14.47,-2.30542912443835
405,14.4775,2.8873157348085
405,14.485,1.90242526894819
405,14.4925,0.866056522448489
405,14.5,-0.230331868110868
405,14.5075,-1.22916825445269
405,14.515,-2.1854605320431
405,14.5225,3.13502462218666
405,14.53,2.20313053134139
405,14.5375,1.3695712901237
405,14.545,0.45248916711178
405,14.5525,-0.545246644211509
405,14.56,-1.48299450251033
405,14.5675,-2.46261222682597
405,14.575,2.89174998946416
405,14.5825,2.33984714059838
405,14.59,1.86007711227658
405,14.5975,1.24734520452613
405,14.605,0.297875019062283
405,14.6125,-0.815219832753958
405,14.62,-1.85570298694051
405,14.6275,-2.94560430186255
405,14.635,2.19420927463102
405,14.6425,1.13740170352368
405,14.65,0.118658535663733
405,14.6575,-0.840632342695929
405,14.665,-1.50631893169381
405,14.6725,-2.20900731773316
405,14.68,-2.91870687537225
405,14.6875,2.49337940388301
405,14.695,1.47460611000241
405,14.7025,0.553672482375905
405,14.71,-0.418156543444449
405,14.7175,-1.4557963025366
405,14.725,-2.42831203801847
405,14.7325,2.90343629079123
405,14.74,1.96565435553507
405,14.7475,1.00824007362908
405,14.755,0.0689509087314445
405,14.7625,-0.945806424483135
405,14.77,-2.06804539161323
405,14.7775,3.13910233946412
405,14.785,2.12034364030167
405,14.7925,1.16439398914197
405,14.8,0.394046352776121
405,14.8075,-0.28183484669367
405,14.815,-0.945778407406034
405,14.8225,-1.79310616494859
405,14.83,-2.72939892456322
405,14.8375,2.57305633215454
405,14.845,1.5358670513586
405,14.8525,0.454867640545828
405,14.86,-0.590929849355261
405,14.8675,-1.55354915566619
405,14.875,-2.45165830636704
405,14.8825,2.97394298141542
405,14.89,2.02024964508658
405,14.8975,1.14081528921447
405,14.905,0.240875323743285
405,14.9125,-0.692484662182849
405,14.92,-1.49360367249151
405,14.9275,-2.53185570217408
405,14.935,2.78019352338584
405,14.9425,1.98799194306812
405,14.95,1.07206261303539
405,14.9575,0.105351730022078
405,14.965,-0.850875022244703
405,14.9725,-1.88302394834319
405,14.98,-3.0040459409615
405,14.9875,2.30683108750876
405,14.995,1.39296410356036
405,15.0025,0.391684397884804
405,15.01,-0.470643957180838
405,15.0175,-1.18805542068941
405,15.025,-1.9141836250686
405,15.0325,-2.73815195326356
405,15.04,2.5961175824848
405,15.0475,1.48976334724005
405,15.055,0.374505628844112
405,15.0625,-0.58670878034257
405,15.07,-1.62114058301824
405,15.0775,-2.54848198944481
405,15.085,3.11024297257635
405,15.0925,2.45086231846496
405,15.1,1.99525200624031
405,15.1075,0.892285958482163
405,15.115,-0.182586084038229
405,15.1225,-1.11986821428113
405,15.13,-2.28952284709545
405,15.1375,3.12123287851352
405,15.145,2.62208167766167
405,15.1525,1.77739898420764
405,15.16,1.07627118228802
405,15.1675,0.118866064252384
405,15.175,-0.924448806655227
405,15.1825,-1.92904802083331
405,15.19,-2.96894665509492
405,15.1975,2.25739708388819
405,15.205,1.29321202209085
405,15.2125,0.420625552061041
405,15.22,-0.491973683351767
405,15.2275,-1.44130032406249
405,15.235,-2.42033452968772
405,15.2425,2.85139519341166
405,15.25,1.81946555395176
405,15.2575,0.7995227844895
405,15.265,-0.217253474051754
405,15.2725,-1.20053887924063
405,15.28,-2.06795016925195
405,15.2875,-2.92340248534976
405,15.295,2.47324207966998
405,15.3025,1.50792111781022
405,15.31,0.481453404816007
405,15.3175,-0.502400027720469
405,15.325,-1.53172932198289
405,15.3325,-2.58756128657891
405,15.34,2.63142419193135
405,15.3475,1.58749236801402
405,15.355,0.703483866872661
405,15.3625,-0.0356950218154294
405,15.37,-0.522353161055905
405,15.3775,-1.2554595237356
405,15.385,-2.1913597518084
405,15.3925,-3.11715032173656
405,15.4,2.18659671071897
405,15.4075,1.08290726794023
405,15.415,-0.0587318200872386
405,15.4225,-1.11451818661889
405,15.43,-2.03009863365606
405,15.4375,-2.92406640303063
405,15.445,2.5961886796176
405,15.4525,1.76707550523585
405,15.46,0.73642449510457
405,15.4675,-0.249588655236504
405,15.475,-1.15750295862352
405,15.4825,-2.09738719161907
405,15.49,-3.11153964718668
405,15.4975,2.22356765843241
405,15.505,1.4545358521203
405,15.5125,0.587576562888951
405,15.52,-0.270238804263838
405,15.5275,-1.21616690074852
405,15.535,-2.30872164035745
405,15.5425,2.88000142414552
405,15.55,1.81905974702995
405,15.5575,0.822009010328792
405,15.565,-0.205151879769848
405,15.5725,-1.24469329831021
405,15.58,-2.00742658588298
405,15.5875,-2.73653022368907
405,15.595,2.82972924378326
405,15.6025,1.97290133524588
405,15.61,0.944751158710101
405,15.6175,0.01899687033068
405,15.625,-0.954482420438331
405,15.6325,-1.86453411403047
405,15.64,-2.81227140198867
405,15.6475,2.47590432729759
405,15.655,1.5642461838883
405,15.6625,0.598401725184249
405,15.67,-0.293215458296196
405,15.6775,-1.21768556790376
405,15.685,-2.22945285868891
405,15.6925,3.06637555431228
405,15.7,2.09457098778383
405,15.7075,1.40861165686707
405,15.715,0.923944321425975
405,15.7225,0.286661439885654
405,15.73,-0.57438822511581
405,15.7375,-1.62595373342879
405,15.745,-2.71987024441772
405,15.7525,2.4277884195303
405,15.76,1.28070020866222
405,15.7675,0.185914126436927
405,15.775,-0.850095118835445
405,15.7825,-1.82683663018891
405,15.79,-2.76587756275467
405,15.7975,2.80689549974409
405,15.805,2.15891045300537
405,15.8125,1.23392874862234
405,15.82,0.259227619476105
405,15.8275,-0.751485567169815
405,15.835,-1.85842025934368
405,15.8425,-2.89223148370792
405,15.85,2.52941740010713
405,15.8575,1.61808087504764
405,15.865,0.793997245329084
405,15.8725,0.0225198491213119
405,15.88,-0.877430407978792
405,15.8875,-1.85438332359281
405,15.895,-2.90536884411441
405,15.9025,2.27490571736429
405,15.91,1.13778201380682
405,15.9175,0.0556921614081957
405,15.925,-0.688412471052923
405,15.9325,-1.23206912404888
405,15.94,-1.95034692408916
405,15.9475,-2.80507906717082
405,15.955,2.57535771392915
405,15.9625,1.57689855679356
405,15.97,0.487805204980208
405,15.9775,-0.58770966855019
405,15.985,-1.60255276705883
405,15.9925,-2.6255077085773
405,16,2.76093031121887
415,4,-1.14505992963267
415,4.0075,-2.04677349505768
415,4.015,-3.00646102132086
415,4.0225,2.26060248895283
415,4.03,1.1242090652579
415,4.0375,0.15342054815664
415,4.045,-0.867618904086883
415,4.0525,-1.90420037744459
415,4.06,-2.79726842899046
415,4.0675,2.47106125087357
415,4.075,1.58391466369851
415,4.0825,0.873534436095752
415,4.09,0.0874603321243971
415,4.0975,-0.937495834985566
415,4.105,-1.80811555515114
415,4.1125,-2.62938256190094
415,4.12,2.59130261474593
415,4.1275,1.73449849937793
415,4.135,0.859331310282543
415,4.1425,-0.144957063825604
415,4.15,-0.99351545206522
415,4.1575,-1.83392909174288
415,4.165,-2.94901261145631
415,4.1725,2.31936333039319
415,4.18,1.67749823363465
415,4.1875,0.760695739924395
415,4.195,0.045657767444903
415,4.2025,-0.697172918787787
415,4.21,-1.70482141421161
415,4.2175,-2.66640387719954
415,4.225,2.71989960664984
415,4.2325,1.686874888494
415,4.24,0.627579737618505
415,4.2475,-0.457678555175977
415,4.255,-1.52542413891007
415,4.2625,-2.44523148292746
415,4.27,2.87560663991086
415,4.2775,2.13045457874461
415,4.285,1.55600794279604
415,4.2925,0.63447597074406
415,4.3,-0.210787858794295
415,4.3075,-1.09393644191335
415,4.315,-2.23382398238894
415,4.3225,3.01493747942767
415,4.33,2.10925484196185
415,4.3375,1.04979651123867
415,4.345,0.0486653833646097
415,4.3525,-0.799816708153471
415,4.36,-1.72996751381231
415,4.3675,-2.7877606093894
415,4.375,2.47419314398319
415,4.3825,1.41884746386613
415,4.39,0.301617512518663
415,4.3975,-0.732847665325377
415,4.405,-1.65925978172782
415,4.4125,-2.52528665483658
415,4.42,2.91608640001081
415,4.4275,2.05651875016938
415,4.435,1.14892228080913
415,4.4425,0.191105836793132
415,4.45,-0.791614316938053
415,4.4575,-1.77591123750205
415,4.465,-2.765749761072
415,4.4725,2.68827692814142
415,4.48,1.90747443114807
415,4.4875,0.876642412164536
415,4.495,-0.241849252577371
415,4.5025,-1.29979120533349
415,4.51,-2.36039260902314
415,4.5175,2.83886761126624
415,4.525,1.77807401999798
415,4.5325,0.795530742146152
415,4.54,-0.0243128591762338
415,4.5475,0.288971306665098
415,4.555,-0.383879525846422
415,4.5625,-1.54349291836896
415,4.57,-2.62887913808172
415,4.5775,2.70388791288289
415,4.585,1.71497022469458
415,4.5925,0.65679260454812
415,4.6,-0.422785405368322
415,4.6075,-1.67627649428056
415,4.615,-3.0937129020868
415,4.6225,1.27865016147386
415,4.63,-1.53626091820819
415,4.6375,-3.11716522239034
415,4.645,2.08252220381188
415,4.6525,1.03911552784321
415,4.66,-0.133021175004253
415,4.6675,-1.21195436649271
415,4.675,-1.64680780852266
415,4.6825,-2.41995392664021
415,4.69,3.10067409881324
415,4.6975,2.08120924536376
415,4.705,0.889428886685464
415,4.7125,-0.131104283377346
415,4.72,-1.18035387393138
415,4.7275,-2.24978710062574
415,4.735,3.07693109034762
415,4.7425,2.10230278954032
415,4.75,1.20367221079359
415,4.7575,0.293550127261471
415,4.765,-0.670975337855065
415,4.7725,-1.61021945947583
415,4.78,-2.63792455636884
415,4.7875,2.61285884459545
415,4.795,1.66257890096081
415,4.8025,0.734742328415756
415,4.81,-0.279389783094589
415,4.8175,-1.23806229232086
415,4.825,-2.19246914184693
415,4.8325,3.07284170877093
415,4.84,2.12857371791294
415,4.8475,1.14419840520333
415,4.855,0.129081826825797
415,4.8625,-0.832489389022397
415,4.87,-1.74276030945528
415,4.8775,-2.61348489351384
415,4.885,2.80457208656686
415,4.8925,1.93377680992478
415,4.9,1.02913193080581
415,4.9075,0.066926277017712
415,4.915,-0.958093027668453
415,4.9225,-1.99458261852218
415,4.93,-3.05740829695633
415,4.9375,2.14444678099405
415,4.945,1.10677783103466
415,4.9525,0.147344001551724
415,4.96,-0.794899097030143
415,4.9675,-1.72524101125475
415,4.975,-2.65757087913706
415,4.9825,2.65309524067447
415,4.99,1.71346902383416
415,4.9975,0.714582080285894
415,5.005,-0.258767388358964
415,5.0125,-1.22439419503096
415,5.02,-2.21083996025863
415,5.0275,-3.00537052643063
415,5.035,2.4611020241538
415,5.0425,1.5358398613717
415,5.05,0.584999917323431
415,5.0575,-0.379521534729884
415,5.065,-1.38646983605043
415,5.0725,-2.40020203541462
415,5.08,2.91094112797861
415,5.0875,1.92032280989991
415,5.095,0.902817423184659
415,5.1025,-0.0753908608570628
415,5.11,-1.0411190236582
415,5.1175,-2.0854692318895
415,5.125,-3.02054302163519
415,5.1325,2.38089155379994
415,5.14,1.48517472131186
415,5.1475,0.568306171948681
415,5.155,-0.454015389143715
415,5.1625,-1.51600119689803
415,5.17,-2.5196548419771
415,5.1775,2.88824396847205
415,5.185,1.98256240681072
415,5.1925,1.01087345186962
415,5.2,0.0413090746920854
415,5.2075,-0.857415339399292
415,5.215,-2.00330781812302
415,5.2225,3.0995577535817
415,5.23,1.9259033100333
415,5.2375,0.496867180643144
415,5.245,-1.0497330372783
415,5.2525,2.77191497088833
415,5.26,0.818825556256862
415,5.2675,-0.654102090946958
415,5.275,-1.92940280680271
415,5.2825,2.89392636509301
415,5.29,1.47717193925265
415,5.2975,0.196684315623388
415,5.305,-1.62460339101083
415,5.3125,2.85671036893791
415,5.32,1.47623134361266
415,5.3275,0.101076147408604
415,5.335,-1.24022123447844
415,5.3425,-2.40812296491338
415,5.35,2.82994730906889
415,5.3575,1.85259796081831
415,5.365,0.918054275553863
415,5.3725,-0.0147473473422584
415,5.38,-1.00564763632423
415,5.3875,-1.94583113601459
415,5.395,-3.04059593130838
415,5.4025,2.24457843774594
415,5.41,1.20891384195383
415,5.4175,0.0612628117656739
415,5.425,-0.914111572334142
415,5.4325,-1.96037961287422
415,5.44,-2.94683570992153
415,5.4475,2.59240545726035
415,5.455,1.5987378025517
415,5.4625,0.638698874992171
415,5.47,-0.239620463309491
415,5.4775,-1.34881666854321
415,5.485,-2.40241541632019
415,5.4925,2.95467146506454
415,5.5,1.85378359372671
415,5.5075,0.840674805955505
415,5.515,0.0143589522380924
415,5.5225,-0.840629749827867
415,5.53,-1.71053825171511
415,5.5375,-2.5564178590736
415,5.545,2.62159566110972
415,5.5525,1.5048339986468
415,5.56,0.611410781992588
415,5.5675,-0.512735595410812
415,5.575,-1.50746839662068
415,5.5825,-2.1939945807708
415,5.59,-3.1180891861127
415,5.5975,2.41962276390265
415,5.605,1.53376235618728
415,5.6125,0.576483592805696
415,5.62,-0.532613946089426
415,5.6275,-1.72567522086367
415,5.635,-2.75530539675823
415,5.6425,2.51727106308006
415,5.65,1.33940844941776
415,5.6575,0.289854566945322
415,5.665,0.429651528421002
415,5.6725,0.183680938297164
415,5.68,-0.647508366474097
415,5.6875,-1.65235587523117
415,5.695,-2.86248917379877
415,5.7025,2.278289167304
415,5.71,1.33633456762646
415,5.7175,0.396694896706677
415,5.725,-0.619260218973376
415,5.7325,-1.41786529852144
415,5.74,-1.91953143981838
415,5.7475,-2.97926697980691
415,5.755,2.2808207028421
415,5.7625,1.42729621705042
415,5.77,0.685416011994809
415,5.7775,0.170991541690842
415,5.785,-0.518688102387458
415,5.7925,-1.49670132778586
415,5.8,-2.60722118606555
415,5.8075,2.59548771086758
415,5.815,1.52864383490114
415,5.8225,0.438981479280846
415,5.83,-0.694910207553039
415,5.8375,-1.78597253972104
415,5.845,-2.65048467243147
415,5.8525,2.77973073273326
415,5.86,1.98563833907851
415,5.8675,1.19660384328445
415,5.875,0.309356852162626
415,5.8825,-0.621508447688379
415,5.89,-1.68570399270231
415,5.8975,-2.58466424012589
415,5.905,2.71227609456121
415,5.9125,1.5957616676688
415,5.92,0.711551712675118
415,5.9275,-0.255059888981845
415,5.935,-1.2773876208243
415,5.9425,-2.21135436800196
415,5.95,3.09498742887834
415,5.9575,2.11310980052508
415,5.965,1.12315660157327
415,5.9725,0.0559427281538741
415,5.98,-1.06585061190965
415,5.9875,-2.02243852127751
415,5.995,-3.05248717810175
415,6.0025,2.1998562881214
415,6.01,1.81259644639272
415,6.0175,0.828180273582553
415,6.025,-0.107151495218593
415,6.0325,-1.01075691087761
415,6.04,-2.15175862747307
415,6.0475,3.07359346526131
415,6.055,2.11344949902231
415,6.0625,1.18712232822416
415,6.07,0.276815389635605
415,6.0775,-0.609363326299655
415,6.085,-1.51470172988852
415,6.0925,-2.50153055709832
415,6.1,2.75848124175814
415,6.1075,1.71002307501321
415,6.115,0.6843789081635
415,6.1225,-0.229813319768187
415,6.13,-1.15604360260753
415,6.1375,-1.99160327189714
415,6.145,-2.73362293861313
415,6.1525,2.76319507330213
415,6.16,1.78869346483993
415,6.1675,0.674887923163337
415,6.175,-0.316996567950464
415,6.1825,-1.38318541317616
415,6.19,-2.52792998783913
415,6.1975,2.70974369127094
415,6.205,1.67279090046045
415,6.2125,0.723605447008777
415,6.22,-0.162714581696658
415,6.2275,-1.14063101313349
415,6.235,-1.91340765071532
415,6.2425,-2.88733212605212
415,6.25,2.17734078937267
415,6.2575,1.00328786937549
415,6.265,-0.0663525042489418
415,6.2725,-1.31304488048099
415,6.28,-2.86132682326112
415,6.2875,-1.45318931715164
415,6.295,-2.92366470657778
415,6.3025,2.9514946875327
415,6.31,1.75442020156579
415,6.3175,0.242415584746986
415,6.325,-1.04779147310842
415,6.3325,-2.42053200929563
415,6.34,2.26169463719061
415,6.3475,0.775711089574894
415,6.355,-0.661013732580604
415,6.3625,-2.05465645760907
415,6.37,3.00273325247999
415,6.3775,1.94745208754075
415,6.385,1.22063478075452
415,6.3925,0.147596609851286
415,6.4,-1.02136697162119
415,6.4075,-1.97141072342194
415,6.415,-2.79009798770868
415,6.4225,2.46142858461019
415,6.43,1.49832045863354
415,6.4375,0.558254018433999
415,6.445,-0.66793684128946
415,6.4525,-1.68151703677503
415,6.46,-2.59639631700289
415,6.4675,2.52711280872132
415,6.475,1.8316374329446
415,6.4825,1.0799040998703
415,6.49,0.0872872814058504
415,6.4975,-0.891042349045347
415,6.505,-1.95084825025421
415,6.5125,-3.03404738113739
415,6.52,2.0677928341971
415,6.5275,0.885989414143414
415,6.535,0.0109083505185812
415,6.5425,-0.89122555796065
415,6.55,-1.56206066371733
415,6.5575,-2.10526713918555
415,6.565,3.06608101672889
415,6.5725,1.92807948857024
415,6.58,0.946718712417993
415,6.5875,-0.0730611972295839
415,6.595,-1.1128042103574
415,6.6025,-1.96370311246394
415,6.61,-2.78118993151505
415,6.6175,2.71039822546035
415,6.625,1.89485351882238
415,6.6325,0.853986976660102
415,6.64,-0.079417183671161
415,6.6475,-1.13043659733421
415,6.655,-2.32705864267561
415,6.6625,-3.10105920582825
415,6.67,2.25417583562009
415,6.6775,1.13011487839998
415,6.685,0.456924824418796
415,6.6925,-0.529187558702941
415,6.7,-1.51185894059604
415,6.7075,-2.30522122005049
415,6.715,2.91816325091631
415,6.7225,1.80630930635076
415,6.73,0.844657072677236
415,6.7375,-0.242927856689884
415,6.745,-1.41594883767821
415,6.7525,-2.23780067642957
415,6.76,3.08372384614572
415,6.7675,1.92509276741725
415,6.775,1.34509576318139
415,6.7825,0.37159207713808
415,6.79,-0.706919068383767
415,6.7975,-1.62340511971854
415,6.805,-2.8610774047459
415,6.8125,2.47248832342414
415,6.82,2.39949219775023
415,6.8275,2.0664223108166
415,6.835,1.12741149032528
415,6.8425,-0.0123532054150994
415,6.85,-1.17559985006736
415,6.8575,-2.39770047502748
415,6.865,2.85672483811088
415,6.8725,1.78192477916597
415,6.88,0.417545981005126
415,6.8875,-0.765819398814379
415,6.895,-0.975607678241286
415,6.9025,-0.800997778181328
415,6.91,-1.26266819053133
415,6.9175,-2.41037896309629
415,6.925,2.86592163720902
415,6.9325,1.83550592911658
415,6.94,0.859459306561355
415,6.9475,-0.152197744952113
415,6.955,-1.23018499555971
415,6.9625,-2.24895452634813
415,6.97,3.0722586078931
415,6.9775,2.05143291371933
415,6.985,0.916694441850509
415,6.9925,0.0262683008367404
415,7,-0.808025891420435
415,7.0075,-1.97327673626081
415,7.015,-2.81267754755423
415,7.0225,3.06994611415019
415,7.03,2.23502969243699
415,7.0375,1.26164286666079
415,7.045,0.396497759409118
415,7.0525,-0.614781625420973
415,7.06,-1.7998584845323
415,7.0675,-2.89541863505142
415,7.075,2.38951845370018
415,7.0825,1.24966290184418
415,7.09,0.115056578440165
415,7.0975,-0.689521714664058
415,7.105,-1.4549961368576
415,7.1125,-2.28890281233843
415,7.12,3.13775413480526
415,7.1275,2.11604156504024
415,7.135,1.13980117821343
415,7.1425,0.331008517818174
415,7.15,-0.52099226762385
415,7.1575,-1.37418149430503
415,7.165,-2.26335942528293
415,7.1725,3.04785624824938
415,7.18,2.26781672796074
415,7.1875,1.34018791024599
415,7.195,0.207180959950599
415,7.2025,-0.81419692627021
415,7.21,-1.85497810339614
415,7.2175,-2.99918493974342
415,7.225,2.34633772920865
415,7.2325,1.39386779087708
415,7.24,0.359995936887639
415,7.2475,-0.344819182102953
415,7.255,-1.19140390880763
415,7.2625,-2.00236300672651
415,7.27,-2.88834698997476
415,7.2775,2.34361149132363
415,7.285,1.28233941016223
415,7.2925,0.200586949537445
415,7.3,-0.742949471874835
415,7.3075,-1.77398413639009
415,7.315,-2.744780323908
415,7.3225,2.71039764795761
415,7.33,1.64916305805388
415,7.3375,0.629604952303327
415,7.345,-0.343717628225945
415,7.3525,-1.4355526664318
415,7.36,-2.63620589491631
415,7.3675,2.73099964352456
415,7.375,2.37811831742008
415,7.3825,2.13840043539672
415,7.39,1.75952380614319
415,7.3975,0.377358005625564
415,7.405,-0.686946217569935
415,7.4125,-1.73613856502646
415,7.42,-3.0108811981631
415,7.4275,2.33104758569749
415,7.435,1.25977664435513
415,7.4425,0.0758216323030875
415,7.45,-0.409449924742358
415,7.4575,-1.49517702369687
415,7.465,-1.5995082391062
415,7.4725,-2.43494371375052
415,7.48,2.69713166395009
415,7.4875,1.8024171023259
415,7.495,1.03653572863228
415,7.5025,-0.0484900909856177
415,7.51,-1.20492979786091
415,7.5175,-1.82519127577215
415,7.525,-2.90450495082575
415,7.5325,2.1575144167428
415,7.54,1.38271215857001
415,7.5475,0.389864596444623
415,7.555,-0.74790561008709
415,7.5625,-1.75248085389991
415,7.57,-2.5453244883613
415,7.5775,2.98694450849694
415,7.585,2.11250024199841
415,7.5925,1.63364259063679
415,7.6,0.712116580275232
415,7.6075,-0.334943822186514
415,7.615,-1.29897719750283
415,7.6225,-2.36116410343359
415,7.63,2.87936705338448
415,7.6375,1.85572502823734
415,7.645,0.883078511752897
415,7.6525,-0.0278174190296611
415,7.66,-0.92544967950799
415,7.6675,-1.63596452230582
415,7.675,-2.50361575852897
415,7.6825,2.78877014931912
415,7.69,1.95070655855335
415,7.6975,1.04939954851953
415,7.705,0.118091995440887
415,7.7125,-0.662596723653163
415,7.72,-1.63226774984535
415,7.7275,-2.62345337002258
415,7.735,2.81050164501032
415,7.7425,1.83025179089816
415,7.75,0.730037953037393
415,7.7575,-0.333227749285243
415,7.765,-1.35331183693599
415,7.7725,-2.46508509048455
415,7.78,2.70762847577501
415,7.7875,1.8807290232248
415,7.795,1.12519450759364
415,7.8025,0.265184741357921
415,7.81,-0.448285821410987
415,7.8175,-1.21571286570745
415,7.825,-2.26196136787299
415,7.8325,2.9405065508576
415,7.84,2.03577564417422
415,7.8475,0.993816976674624
415,7.855,-0.0784129354706139
415,7.8625,-0.850871402958825
415,7.87,-1.79303546904514
415,7.8775,-2.86802109964389
415,7.885,2.55948467830396
415,7.8925,1.58974904550914
415,7.9,0.468962473733612
415,7.9075,-0.467854057667983
415,7.915,-1.34516422240443
415,7.9225,-2.35672831280868
415,7.93,3.10193348030624
415,7.9375,2.46716444472369
415,7.945,1.60290331078904
415,7.9525,0.664320729211305
415,7.96,-0.307303586256062
415,7.9675,-1.24671097018428
415,7.975,-2.31114888602983
415,7.9825,2.88633815702567
415,7.99,2.063049158717
415,7.9975,1.02601933882914
415,8.005,-0.0453280899351938
415,8.0125,-0.766372690993338
415,8.02,-1.72370760779782
415,8.0275,-2.77159492825505
415,8.035,2.58400568223979
415,8.0425,1.72960940097529
415,8.05,0.751183734192264
415,8.0575,-0.25822696751991
415,8.065,-0.70957452182445
415,8.0725,-1.66391788237136
415,8.08,-2.64606379747977
415,8.0875,2.90035276499369
415,8.095,1.78168620981904
415,8.1025,0.706765861336306
415,8.11,-0.275573311236984
415,8.1175,-1.32322171083671
415,8.125,-2.28928417683141
415,8.1325,2.93056598614141
415,8.14,2.05507986238137
415,8.1475,1.37398497841006
415,8.155,0.556649267445683
415,8.1625,-0.0770788694170136
415,8.17,-0.938457920478433
415,8.1775,-1.79670876926593
415,8.185,-2.76087393984332
415,8.1925,2.54654393418307
415,8.2,1.57377319335043
415,8.2075,0.519721404951176
415,8.215,-0.463333684930609
415,8.2225,-1.44782019147828
415,8.23,-2.46638243501749
415,8.2375,2.84924039972117
415,8.245,1.82519797428595
415,8.2525,0.855362118032495
415,8.26,0.0165460668436657
415,8.2675,-0.862931292439177
415,8.275,-1.71128578786795
415,8.2825,-2.51801322782952
415,8.29,2.83467939617565
415,8.2975,1.83195876264407
415,8.305,0.875368640797445
415,8.3125,-0.13967716520626
415,8.32,-1.23178882903028
415,8.3275,-2.2689420574568
415,8.335,3.04875090605966
415,8.3425,2.02802234319466
415,8.35,1.05249235187971
415,8.3575,0.239817581028849
415,8.365,-0.640859451638582
415,8.3725,-1.59957538002791
415,8.38,-2.52382172745009
415,8.3875,2.85873998795176
415,8.395,1.83425120538255
415,8.4025,0.836835245947169
415,8.41,0.02705302091221
415,8.4175,-0.960845599140941
415,8.425,-1.91557222706836
415,8.4325,-2.77325028823789
415,8.44,2.49187958267407
415,8.4475,1.4841960183211
415,8.455,0.461121012602996
415,8.4625,-0.531512494598672
415,8.47,-1.54872087126025
415,8.4775,-2.57659174223749
415,8.485,2.96787996356877
415,8.4925,2.12422650567772
415,8.5,1.46136971961795
415,8.5075,0.732496476008002
415,8.515,-0.250218730585461
415,8.5225,-1.13888721458305
415,8.53,-2.21847582539824
415,8.5375,2.95850410785252
415,8.545,2.00291134714838
415,8.5525,0.929037816000562
415,8.56,-0.0939540332760229
415,8.5675,-0.865495104318552
415,8.575,-1.95122140889701
415,8.5825,-2.94575216632749
415,8.59,2.69550922161785
415,8.5975,1.5154361226369
415,8.605,0.645261201991421
415,8.6125,0.278035326630937
415,8.62,-0.728741371794859
415,8.6275,-1.12688243519208
415,8.635,-2.15732535663901
415,8.6425,3.00286328980226
415,8.65,2.06465343792409
415,8.6575,0.948190719137371
415,8.665,-0.173245512826446
415,8.6725,-1.22795467112947
415,8.68,-2.29063107969307
415,8.6875,2.96986318029373
415,8.695,1.99856792136943
415,8.7025,1.67645305047764
415,8.71,0.983007941045603
415,8.7175,0.543103624658326
415,8.725,-0.425330491661248
415,8.7325,-1.42183218803115
415,8.74,-2.20799100639839
415,8.7475,2.88813067891182
415,8.755,1.88981001772171
415,8.7625,0.983842081006011
415,8.77,-0.193789207447081
415,8.7775,-1.13668061566778
415,8.785,-1.96240814575062
415,8.7925,-3.01807354035572
415,8.8,2.37265525923743
415,8.8075,1.62246890705487
415,8.815,0.59354337023888
415,8.8225,-0.203216739164272
415,8.83,-0.86161181250044
415,8.8375,-1.9210730692598
415,8.845,-2.80484896370456
415,8.8525,2.54609537891198
415,8.86,1.45944398795715
415,8.8675,0.474771710923051
415,8.875,-0.491094525229614
415,8.8825,-1.55470882909442
415,8.89,-2.56480830114548
415,8.8975,2.83298684856568
415,8.905,1.88314883261774
415,8.9125,0.908682639453865
415,8.92,0.00508327297505607
415,8.9275,-0.906124484527196
415,8.935,-1.8485574508086
415,8.9425,-2.72672930995361
415,8.95,2.7611438357864
415,8.9575,1.8483205414727
415,8.965,0.881068539391208
415,8.9725,0.0215847458590403
415,8.98,-0.929104496176301
415,8.9875,-1.95491478563728
415,8.995,-2.92954714103078
415,9.0025,2.38119696164066
415,9.01,1.31538232708681
415,9.0175,0.254068870059251
415,9.025,-0.691186936144799
415,9.0325,-1.70582926759431
415,9.04,-2.6716040304154
415,9.0475,2.82268996233322
415,9.055,2.03132451299274
415,9.0625,1.27691639783789
415,9.07,0.343918967659291
415,9.0775,-0.581186055687138
415,9.085,-1.53228898022334
415,9.0925,-2.61826068407502
415,9.1,2.7087808407738
415,9.1075,1.81548929831905
415,9.115,0.777077588047786
415,9.1225,-0.16932720288297
415,9.13,-1.04953491347276
415,9.1375,-2.09493955050372
415,9.145,-3.05629643749748
415,9.1525,2.33690124734809
415,9.16,1.30924028789318
415,9.1675,0.393557264219809
415,9.175,-0.423847059725524
415,9.1825,-1.32582344654444
415,9.19,-2.12826828110638
415,9.1975,-3.08222181039512
415,9.205,2.2183424266916
415,9.2125,1.2989870529146
415,9.22,0.237172835483912
415,9.2275,-0.744488057814055
415,9.235,-1.68544169968887
415,9.2425,-2.72502653403229
415,9.25,2.59407869627074
415,9.2575,1.69788301219975
415,9.265,0.759767464772354
415,9.2725,-0.194678998272779
415,9.28,-1.08896466500555
415,9.2875,-1.99431452401994
415,9.295,-2.89843726141789
415,9.3025,2.56719984242873
415,9.31,1.76264370170986
415,9.3175,0.826999570391149
415,9.325,-0.0735642828844286
415,9.3325,-0.997388110689732
415,9.34,-2.0325305608847
415,9.3475,-2.97858559103503
415,9.355,2.34317569331029
415,9.3625,1.27541926291143
415,9.37,0.300802184793529
415,9.3775,-0.573358154965995
415,9.385,-1.60396058444415
415,9.3925,-2.49887089431101
415,9.4,3.05460540466509
415,9.4075,2.15233330949153
415,9.415,1.38144078709143
415,9.4225,0.526513093694412
415,9.43,-0.42172870345174
415,9.4375,-1.43935899271637
415,9.445,-2.44059174396532
415,9.4525,2.87705463601127
415,9.46,1.81429309726656
415,9.4675,0.809405600132213
415,9.475,-0.117162601334143
415,9.4825,-1.11450393697127
415,9.49,-2.04843454954667
415,9.4975,-2.92311385526293
415,9.505,2.43625385042053
415,9.5125,1.55354454335242
415,9.52,0.618720544890695
415,9.5275,-0.195643563543027
415,9.535,-1.09248115436809
415,9.5425,-2.11817742198051
415,9.55,-3.01060047677995
415,9.5575,2.27081502285271
415,9.565,1.22727078681475
415,9.5725,0.282652844369714
415,9.58,-0.694540548946751
415,9.5875,-1.6352758631103
415,9.595,-2.54847498165578
415,9.6025,2.84234280088549
415,9.61,2.01508793169111
415,9.6175,1.07704305403933
415,9.625,0.20694102873071
415,9.6325,-0.635270666330319
415,9.64,-1.61687389112445
415,9.6475,-2.55049251004559
415,9.655,2.75678023612108
415,9.6625,1.79219229622353
415,9.67,0.838088039354641
415,9.6775,-0.171843447232729
415,9.685,-1.11001344177966
415,9.6925,-2.09595465039707
415,9.7,-3.12988875692756
415,9.7075,2.18182508192742
415,9.715,1.19911403915126
415,9.7225,0.178269278906115
415,9.73,-0.731452594831671
415,9.7375,-1.5645186832342
415,9.745,-2.37286456244627
415,9.7525,3.11760551932056
415,9.76,2.2047941792422
415,9.7675,1.40136844317841
415,9.775,0.378313367382343
415,9.7825,-0.679006034228515
415,9.79,-1.59137010021102
415,9.7975,-2.73687133677008
415,9.805,2.43900897827692
415,9.8125,1.64056589290266
415,9.82,0.601042930611952
415,9.8275,-0.309790127136411
415,9.835,-0.858415200681318
415,9.8425,-1.79873510027625
415,9.85,-2.23769204758806
415,9.8575,-2.97631215663679
415,9.865,2.51951047164169
415,9.8725,1.71035725458955
415,9.88,0.674157238289915
415,9.8875,-0.317992722457486
415,9.895,-1.29990475686028
415,9.9025,-2.36032586479653
415,9.91,2.80526819809424
415,9.9175,1.86949942086313
415,9.925,0.945986737709259
415,9.9325,0.00894182051000172
415,9.94,-0.466237358096692
415,9.9475,-1.33010291472997
415,9.955,-2.09543182164713
415,9.9625,-2.98124078192918
415,9.97,2.22446071777661
415,9.9775,1.22386628732477
415,9.985,0.166091777868971
415,9.9925,-0.90328181941373
415,10,-1.88742720689249
415,10.0075,-2.88113914301924
415,10.015,2.4542503651244
415,10.0225,1.55675293948131
415,10.03,0.62045044218549
415,10.0375,-0.344752980561828
415,10.045,-1.2483896891106
415,10.0525,-2.17249249168103
415,10.06,3.13162738746956
415,10.0675,2.32496818888484
415,10.075,1.42481352515837
415,10.0825,0.508677980398698
415,10.09,-0.313241437069334
415,10.0975,-1.28391962176423
415,10.105,-2.26528394585227
415,10.1125,3.05524918144952
415,10.12,2.09143313989925
415,10.1275,1.07381694743019
415,10.135,0.0973956364369695
415,10.1425,-0.811049008296038
415,10.15,-1.83456983133127
415,10.1575,-2.82995882242588
415,10.165,2.53426025399164
415,10.1725,1.54264576539233
415,10.18,0.58307999077207
415,10.1875,-0.295610764800282
415,10.195,-1.2068416703329
415,10.2025,-2.15403269358377
415,10.21,-3.07869633240687
415,10.2175,2.27393780987755
415,10.225,1.31265918737686
415,10.2325,0.352240797117968
415,10.24,-0.616815205716651
415,10.2475,-1.60818049806891
415,10.255,-2.61397090791024
415,10.2625,2.65042671176739
415,10.27,1.61097751362885
415,10.2775,0.556941852569429
415,10.285,-0.431435583083912
415,10.2925,-1.39092417731618
415,10.3,-2.31050945439232
415,10.3075,-3.11562416170211
415,10.315,2.33357543842616
415,10.3225,1.48542916210805
415,10.33,0.581763527742131
415,10.3375,-0.417751439144547
415,10.345,-1.42743937959724
415,10.3525,-2.43490726708312
415,10.36,2.83723972120112
415,10.3675,1.83715025374569
415,10.375,0.896171665589734
415,10.3825,-0.0224860510905704
415,10.39,-0.921126237935254
415,10.3975,-1.80275188796832
415,10.405,-2.78273895108688
415,10.4125,2.60091407671783
415,10.42,1.71568891894991
415,10.4275,0.74965583712333
415,10.435,-0.0657503873191603
415,10.4425,-0.918536370836267
415,10.45,-1.89459441357458
415,10.4575,-2.77474609106635
415,10.465,2.59490528020007
415,10.4725,1.5965498692303
415,10.48,0.624918618003772
415,10.4875,-0.30005548998141
415,10.495,-1.30142387948914
415,10.5025,-2.27274327251724
415,10.51,3.13330372945868
415,10.5175,2.20998891881992
415,10.525,1.30713028173601
415,10.5325,0.334597335402326
415,10.54,-0.610963835513274
415,10.5475,-1.51310006877259
415,10.555,-2.53829920535728
415,10.5625,2.86612073271181
415,10.57,2.09097588905799
415,10.5775,1.27734893329127
415,10.585,0.474077173890745
415,10.5925,-0.434528543288506
415,10.6,-1.43670385688028
415,10.6075,-2.54146311153039
415,10.615,2.67476914529865
415,10.6225,1.7258271102239
415,10.63,0.682668434553768
415,10.6375,-0.310386231497998
415,10.645,-0.941545216568072
415,10.6525,-1.75237525441279
415,10.66,-2.47180634586214
415,10.6675,2.99242456338892
415,10.675,2.01267279245781
415,10.6825,1.02959293281659
415,10.69,0.0338792104808854
415,10.6975,-0.970610617823471
415,10.705,-1.96177149763214
415,10.7125,-2.92833494083836
415,10.72,2.33432788076892
415,10.7275,1.45045472183006
415,10.735,0.663072666080723
415,10.7425,-0.343346102327828
415,10.75,-1.25458269919073
415,10.7575,-2.11173573571757
415,10.765,3.08539302737901
415,10.7725,2.10419531362808
415,10.78,1.2529023005247
415,10.7875,0.233188427197514
415,10.795,-0.736367015158445
415,10.8025,-1.68022000939541
415,10.81,-2.66207822868041
415,10.8175,2.61335210160315
415,10.825,1.57195568456959
415,10.8325,0.654676778923386
415,10.84,-0.287296056602526
415,10.8475,-1.31805051285661
415,10.855,-2.08078560770302
415,10.8625,-2.80343501660501
415,10.87,2.60597421158452
415,10.8775,1.85462805334375
415,10.885,0.966357699894091
415,10.8925,-0.00292298161254449
415,10.9,-0.915296561935825
415,10.9075,-1.81264766254198
415,10.915,-2.76178495891455
415,10.9225,2.57342858555227
415,10.93,1.70321459677439
415,10.9375,0.771661355950323
415,10.945,-0.111703887892005
415,10.9525,-1.02417195112325
415,10.96,-2.08249759360868
415,10.9675,-3.08287060191684
415,10.975,2.30484655587656
415,10.9825,1.32537845142017
415,10.99,0.512726881197952
415,10.9975,-0.129384945315699
415,11.005,-1.00682643161468
415,11.0125,-1.8667053793142
415,11.02,-2.88156919013631
415,11.0275,2.41329646462021
415,11.035,1.37608908671988
415,11.0425,0.194834819135352
415,11.05,-0.746887601170236
415,11.0575,-1.64459803669132
415,11.065,-2.76353457500895
415,11.0725,2.8107328432293
415,11.08,2.07259723337724
415,11.0875,1.14495599734434
415,11.095,0.44124502586911
415,11.1025,-0.458030705295692
415,11.11,-1.47442318734678
415,11.1175,-2.43224019017261
415,11.125,2.96446970216524
415,11.1325,2.03173390342961
415,11.14,1.12737434267943
415,11.1475,0.134910192531137
415,11.155,-0.86031909409967
415,11.1625,-1.73445225473043
415,11.17,-2.80823173321041
415,11.1775,2.57326969297306
415,11.185,1.81551023816479
415,11.1925,0.840941201072226
415,11.2,0.164983897996181
415,11.2075,-0.722509181643788
415,11.215,-1.73734123135883
415,11.2225,-2.69750857509159
415,11.23,2.63907468253545
415,11.2375,1.64529301648504
415,11.245,0.585712313146128
415,11.2525,-0.349096665703081
415,11.26,-1.30540651545523
415,11.2675,-2.37098198203566
415,11.275,3.02728036238504
415,11.2825,2.13448246303898
415,11.29,1.07869713679977
415,11.2975,0.159823139524218
415,11.305,-0.714411254587657
415,11.3125,-1.69292177159487
415,11.32,-2.62074601310391
415,11.3275,2.75431026120245
415,11.335,1.81953499964632
415,11.3425,0.844226042722483
415,11.35,-0.136783673009889
415,11.3575,-1.05596209786163
415,11.365,-2.02854220802252
415,11.3725,-3.03758699989175
415,11.38,2.31245350802316
415,11.3875,1.38980876322827
415,11.395,0.380775482812459
415,11.4025,-0.625991157860609
415,11.41,-1.56901741491292
415,11.4175,-2.57781665205839
415,11.425,2.69170345330272
415,11.4325,1.808331924591
415,11.44,0.887187889414274
415,11.4475,-0.0824155330637026
415,11.455,-0.968057694152434
415,11.4625,-1.87916637648894
415,11.47,-2.83906438502095
415,11.4775,2.52375609228382
415,11.485,1.5493959553448
415,11.4925,0.527370907871095
415,11.5,-0.428847056561133
415,11.5075,-1.41387799179726
415,11.515,-2.45096554948333
415,11.5225,2.88621512650994
415,11.53,1.92976698142078
415,11.5375,0.887112047831771
415,11.545,-0.0895822123963101
415,11.5525,-0.911312046702051
415,11.56,-1.74299666405831
415,11.5675,-2.65425694200465
415,11.575,2.83895258223274
415,11.5825,1.9340084866732
415,11.59,0.879663733421076
415,11.5975,-0.144234526763586
415,11.605,-1.19350894224319
415,11.6125,-2.29380980995574
415,11.62,2.93411409232434
415,11.6275,1.92280785553289
415,11.635,1.02642194331471
415,11.6425,0.237896476353916
415,11.65,-0.720515879619514
415,11.6575,-1.45070019976997
415,11.665,-2.31614990551056
415,11.6725,2.84873784138024
415,11.68,1.92335613410439
415,11.6875,0.945315784982571
415,11.695,0.0225718110306388
415,11.7025,-0.872751988338645
415,11.71,-1.48784863965893
415,11.7175,-2.12090814653477
415,11.725,2.93037055500887
415,11.7325,2.02047363763337
415,11.74,1.19898140137967
415,11.7475,-0.0254448069146074
415,11.755,-0.719642390783097
415,11.7625,-1.09452518831268
415,11.77,-2.0656138212226
415,11.7775,-2.26392477124619
415,11.785,2.90303980936778
415,11.7925,1.89149090585411
415,11.8,1.09106980138
415,11.8075,-0.0247973624738196
415,11.815,-0.821806858651218
415,11.8225,-1.62315337141076
415,11.83,-2.79471906814315
415,11.8375,2.55778678988844
415,11.845,1.57323176490129
415,11.8525,0.377151910934086
415,11.86,-0.552743714900623
415,11.8675,-1.48780583873615
415,11.875,-2.58358184281554
415,11.8825,2.93615126379494
415,11.89,2.18226329263347
415,11.8975,1.24595163054777
415,11.905,0.506383261311778
415,11.9125,-0.409675474556514
415,11.92,-1.51486418177711
415,11.9275,-2.44272665068568
415,11.935,2.85138666823874
415,11.9425,1.69748899950594
415,11.95,0.696922518992006
415,11.9575,-0.273216402058146
415,11.965,-1.3564067584925
415,11.9725,-2.14100166576219
415,11.98,-2.98130273353642
415,11.9875,2.28324160910195
415,11.995,1.5051599907721
415,12.0025,0.562277630985268
415,12.01,-0.490541523791353
415,12.0175,-1.35583451030154
415,12.025,-2.23485541525098
415,12.0325,2.98777490008992
415,12.04,2.04660720964801
415,12.0475,1.19027293507306
415,12.055,0.186983888176395
415,12.0625,-0.759825518793356
415,12.07,-1.64254571733932
415,12.0775,-2.55795720537151
415,12.085,2.72150213738226
415,12.0925,1.75591601561122
415,12.1,0.793628324303873
415,12.1075,-0.253005254182735
415,12.115,-1.19788893830093
415,12.1225,-2.0657318216065
415,12.13,-2.94400525478935
415,12.1375,2.43182634111384
415,12.145,1.44168132724897
415,12.1525,0.43257315099696
415,12.16,-0.615434730933083
415,12.1675,-1.65037652422536
415,12.175,-2.64848711682335
415,12.1825,2.67560343624266
415,12.19,1.85911315257727
415,12.1975,0.974496423862417
415,12.205,0.113875532500152
415,12.2125,-0.796507471386579
415,12.22,-1.85638450107685
415,12.2275,-2.88774458835095
415,12.235,2.4938655681532
415,12.2425,1.66218800172593
415,12.25,1.7699773398755
415,12.2575,1.35988504287825
415,12.265,0.237954410586276
415,12.2725,-0.670073399994948
415,12.28,-1.90647006207218
415,12.2875,-3.11598667503938
415,12.295,2.34562852733752
415,12.3025,1.23814594731517
415,12.31,0.176387072275412
415,12.3175,-0.276819617250077
415,12.325,-1.1736404227152
415,12.3325,-1.97804505993658
415,12.34,-2.88547420614192
415,12.3475,2.33562783608403
415,12.355,1.29695760815632
415,12.3625,0.297607893826056
415,12.37,-0.614910861680849
415,12.3775,-1.59878763269486
415,12.385,-2.59145267748621
415,12.3925,2.69726395846839
415,12.4,1.80140552680682
415,12.4075,0.936512046209603
415,12.415,-0.122976268296256
415,12.4225,-1.06561274106214
415,12.43,-1.97063092791165
415,12.4375,-3.04826900140657
415,12.445,2.29482639780632
415,12.4525,1.48265008912621
415,12.46,0.513196544594533
415,12.4675,-0.501131399165231
415,12.475,-1.39233494019377
415,12.4825,-2.35997277562422
415,12.49,2.81644429823056
415,12.4975,1.82678646653593
415,12.505,0.891124719422782
415,12.5125,-0.110766867298103
415,12.52,-1.00580068229944
415,12.5275,-1.84914459842065
415,12.535,-2.81043406102215
415,12.5425,2.50384291230291
415,12.55,1.57656694792863
415,12.5575,0.537837556804869
415,12.565,-0.525730693743199
415,12.5725,-1.56804139259298
415,12.58,-2.65800684969692
415,12.5875,2.66901804544465
415,12.595,1.78206344179852
415,12.6025,0.759804386782653
415,12.61,-0.0124430382292364
415,12.6175,-0.933147931983224
415,12.625,-2.00474763723421
415,12.6325,-2.7683361192623
415,12.64,2.5062883372874
415,12.6475,1.40187101307653
415,12.655,0.460587345408823
415,12.6625,-0.557463127068325
415,12.67,-1.63119862897566
415,12.6775,-2.62653355387105
415,12.685,2.65419701141761
415,12.6925,1.63942402893271
415,12.7,0.730096445006091
415,12.7075,-0.08435422041644
415,12.715,-0.898204594753429
415,12.7225,-1.96752859221593
415,12.73,-3.10501351234501
415,12.7375,2.13084880432196
415,12.745,1.10908774480504
415,12.7525,0.0323909510285268
415,12.76,-1.00871138408766
415,12.7675,-1.93558342268958
415,12.775,-3.01951192286094
415,12.7825,2.0694705828547
415,12.79,0.885079559218725
415,12.7975,-0.269631200370974
415,12.805,-1.5017345660677
415,12.8125,-2.8801642129262
415,12.82,2.03890680309719
415,12.8275,0.907842904002965
415,12.835,-0.227727327790882
415,12.8425,-1.46521685105371
415,12.85,-2.13327466361989
415,12.8575,-2.41749619011624
415,12.865,3.11141468690342
415,12.8725,2.07461217911381
415,12.88,0.894405246136466
415,12.8875,-0.367477096581865
415,12.895,-1.63786012685184
415,12.9025,-2.55425281224172
415,12.91,3.06548110845122
415,12.9175,2.80544472371869
415,12.925,1.97145321771973
415,12.9325,0.651661742565364
415,12.94,-0.402592474797558
415,12.9475,-1.42818188934771
415,12.955,-2.70010964594941
415,12.9625,2.37344064204509
415,12.97,1.25514381133785
415,12.9775,0.119349164193341
415,12.985,-1.00040199751234
415,12.9925,-2.11296705748146
415,13,-2.80679286966182
415,13.0075,2.6221453830062
415,13.015,1.92486349518455
415,13.0225,1.45741095261094
415,13.03,0.268227856208274
415,13.0375,-0.672234871812931
415,13.045,-1.7144687740407
415,13.0525,-2.71146640838639
415,13.06,2.86902778391683
415,13.0675,1.78308165143645
415,13.075,0.868574119268983
415,13.0825,-0.165009684679665
415,13.09,-1.37650986723063
415,13.0975,-2.468746476991
415,13.105,2.75398356486928
415,13.1125,1.66626997806545
415,13.12,0.569474312891612
415,13.1275,0.00185142985577232
415,13.135,-0.689249458437208
415,13.1425,-1.61419570450871
415,13.15,-2.21656040280172
415,13.1575,2.91070929483074
415,13.165,1.88191885246655
415,13.1725,0.854736268448217
415,13.18,-0.270480290504423
415,13.1875,-1.26112695353112
415,13.195,-2.28076944388111
415,13.2025,3.11196369728336
415,13.21,2.15250356163589
415,13.2175,1.08499849354896
415,13.225,0.110746293472729
415,13.2325,-0.926837428202329
415,13.24,-1.94262261929487
415,13.2475,-3.04361122285813
415,13.255,1.97218003426475
415,13.2625,0.843744285258879
415,13.27,-0.137938818525066
415,13.2775,-1.37159439734533
415,13.285,-0.210555606242867
415,13.2925,-1.09962182636862
415,13.3,-1.46663853823686
415,13.3075,-2.47087512766525
415,13.315,2.60628460515005
415,13.3225,1.32799726667156
415,13.33,0.138544578555778
415,13.3375,-1.02251886072314
415,13.345,-2.30218710889787
415,13.3525,-0.96972154883673
415,13.36,-1.67564589791013
415,13.3675,-2.44101258644577
415,13.375,2.55511329958018
415,13.3825,1.3946571206638
415,13.39,0.320816536924016
415,13.3975,-0.876598128757886
415,13.405,-1.97344636616029
415,13.4125,-2.93011133905472
415,13.42,2.38569914598733
415,13.4275,1.41835528781405
415,13.435,0.41432416934919
415,13.4425,-0.620250093650128
415,13.45,-1.66188213436919
415,13.4575,-2.68503356303968
415,13.465,2.5822456987453
415,13.4725,1.62462159669797
415,13.48,0.782948972648649
415,13.4875,-0.0028888526186659
415,13.495,-0.87176885953557
415,13.5025,-1.85323001357961
415,13.51,-2.84272445865953
415,13.5175,2.39899087192321
415,13.525,1.3144127561658
415,13.5325,0.2298314477156
415,13.54,-0.811764904690806
415,13.5475,-1.8271478825295
415,13.555,-2.75416638382352
415,13.5625,2.77395645233183
415,13.57,1.79010782465458
415,13.5775,0.90244437786245
415,13.585,0.0153165559769367
415,13.5925,-1.11274388206263
415,13.6,-2.07893128264102
415,13.6075,-3.02930582720965
415,13.615,2.20748891218827
415,13.6225,1.55281777541311
415,13.63,0.760897559563243
415,13.6375,-0.232767257305394
415,13.645,-1.19461529292229
415,13.6525,-2.21896975017325
415,13.66,2.9588861637396
415,13.6675,1.94552982224745
415,13.675,1.02886734707938
415,13.6825,-0.02928392763331
415,13.69,-1.12697706588825
415,13.6975,-2.07118036875051
415,13.705,-2.88445946294125
415,13.7125,2.52264397444352
415,13.72,1.65033399976218
415,13.7275,0.719244452264807
415,13.735,-0.415675522657617
415,13.7425,-1.4486326662528
415,13.75,-2.26934541536805
415,13.7575,2.94248689638851
415,13.765,2.05039902726132
415,13.7725,1.13159478455658
415,13.78,-0.0646844185733621
415,13.7875,-0.852392421568138
415,13.795,-1.94327202524632
415,13.8025,2.94813608694826
415,13.81,1.97548503903973
415,13.8175,0.744624653202428
415,13.825,-1.02818273144798
415,13.8325,-2.76377076532734
415,13.84,2.73160503877633
415,13.8475,1.22864208050229
415,13.855,-0.461047853866856
415,13.8625,-1.74756097018176
415,13.87,-2.79095231037769
415,13.8775,2.17243359419701
415,13.885,1.06366282891591
415,13.8925,0.5653640568893
415,13.9,-0.303013214783719
415,13.9075,-1.13142157277864
415,13.915,-2.00440305155772
415,13.9225,-3.09525354224584
415,13.93,2.42511503387904
415,13.9375,1.53819813180797
415,13.945,0.516934841873895
415,13.9525,-0.390726094873283
415,13.96,-1.46528997240819
415,13.9675,-2.51866725237338
415,13.975,2.79254143601754
415,13.9825,1.92515808941511
415,13.99,1.00192971996346
415,13.9975,0.0212308335100051
415,14.005,-0.922581411346232
415,14.0125,-2.07840767889354
415,14.02,-3.10844928130054
415,14.0275,2.26451079791558
415,14.035,1.22715957191314
415,14.0425,0.589017793763393
415,14.05,-0.112736460403879
415,14.0575,-1.08463757002601
415,14.065,-2.01416882943395
415,14.0725,-3.0314848462588
415,14.08,2.1251325187049
415,14.0875,1.02280677824959
415,14.095,-0.06434577311092
415,14.1025,-1.10770819021922
415,14.11,-2.09828295046018
415,14.1175,-2.99881323478822
415,14.125,2.66081685537348
415,14.1325,1.80076372036296
415,14.14,0.87407949286028
415,14.1475,-0.0605673515336101
415,14.155,-1.10487778755439
415,14.1625,-2.12358849065407
415,14.17,-3.00874284197538
415,14.1775,2.45262866600356
415,14.185,1.55294459587337
415,14.1925,0.637527112176244
415,14.2,-0.337119729432811
415,14.2075,-1.44092835052122
415,14.215,-2.53855698142012
415,14.2225,2.72555819493195
415,14.23,1.6518871674914
415,14.2375,0.656818200858701
415,14.245,-0.283233137653138
415,14.2525,-1.290934721591
415,14.26,-2.1043317775418
415,14.2675,-3.04188811077064
415,14.275,2.30766791966152
415,14.2825,1.45071824723981
415,14.29,0.383931003644815
415,14.2975,-0.692425269466246
415,14.305,-1.57615015376865
415,14.3125,-2.50882757171571
415,14.32,2.68450522762401
415,14.3275,1.8728464802275
415,14.335,1.01406136275855
415,14.3425,-0.11687176575388
415,14.35,-1.05915781315571
415,14.3575,-2.06698763954834
415,14.365,3.04038352991288
415,14.3725,1.98198839785072
415,14.38,1.01495339018262
415,14.3875,1.12322964271093
415,14.395,0.522134367823715
415,14.4025,-0.317368868525015
415,14.41,-1.32202366365856
415,14.4175,-2.46304828493496
415,14.425,2.82759775530598
415,14.4325,1.79958766788272
415,14.44,0.878201951844188
415,14.4475,-0.067687368509597
415,14.455,-0.866107927094599
415,14.4625,-1.40705869001916
415,14.47,-2.52112153649278
415,14.4775,2.94652903129013
415,14.485,2.03059139669916
415,14.4925,0.997290878612663
415,14.5,0.173262975762887
415,14.5075,-0.793882411212717
415,14.515,-1.83181199320544
415,14.5225,-2.87217995701496
415,14.53,2.46812554049526
415,14.5375,1.55443683724218
415,14.545,0.629098727589175
415,14.5525,-0.26432464162642
415,14.56,-1.23953529648991
415,14.5675,-2.19232885613708
415,14.575,3.1377578783889
415,14.5825,2.17208749990305
415,14.59,1.21605083581628
415,14.5975,0.305940547548376
415,14.605,-0.502592121756153
415,14.6125,-1.25964943402912
415,14.62,-2.15185507733518
415,14.6275,3.12550166471547
415,14.635,2.11378857363223
415,14.6425,1.11166047888444
415,14.65,0.0978307493752086
415,14.6575,-0.844869337376244
415,14.665,-1.752879473262
415,14.6725,-2.70349809581764
415,14.68,2.67867685658705
415,14.6875,1.72060511779771
415,14.695,0.713553650618379
415,14.7025,-0.313086490014711
415,14.71,-1.36834796725381
415,14.7175,-2.30231534359205
415,14.725,3.05537185858518
415,14.7325,2.15441696186484
415,14.74,1.36879552463673
415,14.7475,0.515820808027235
415,14.755,-0.356811564067099
415,14.7625,-1.32830318459088
415,14.77,-2.35791328520539
415,14.7775,2.82628875787443
415,14.785,1.71581436583205
415,14.7925,0.710719161181344
415,14.8,-0.290085557547571
415,14.8075,-1.27763158111996
415,14.815,-2.14564923064847
415,14.8225,-3.01517864654802
415,14.83,2.35970265253945
415,14.8375,1.51168709478192
415,14.845,0.522622442880991
415,14.8525,-0.577100175187767
415,14.86,-1.62403181363893
415,14.8675,-2.5403084165725
415,14.875,2.97231123604635
415,14.8825,2.0472196857862
415,14.89,1.33740902581776
415,14.8975,0.422213532937792
415,14.905,-0.63188551433936
415,14.9125,-1.52772650782944
415,14.92,-2.5663424052264
415,14.9275,2.55819919262402
415,14.935,1.54418047283617
415,14.9425,1.54661868782894
415,14.95,0.995563736782372
415,14.9575,0.203112840026207
415,14.965,-0.818780852527379
415,14.9725,-2.01440510484055
415,14.98,-3.09065286597037
415,14.9875,2.17983828980875
415,14.995,1.12295501631203
415,15.0025,0.193479227173476
415,15.01,-0.683601101967248
415,15.0175,-1.44420149466066
415,15.025,-2.36337282309316
415,15.0325,2.85873364398073
415,15.04,1.89605555280339
415,15.0475,0.858024301392938
415,15.055,-0.187998589335312
415,15.0625,-1.17048155104942
415,15.07,-2.12587358497166
415,15.0775,-2.92818677371033
415,15.085,2.68920787190346
415,15.0925,1.96193797177243
415,15.1,0.957165489209879
415,15.1075,-0.0372398530855879
415,15.115,-1.01651254198548
415,15.1225,-2.08496370695461
415,15.13,3.09520503936148
415,15.1375,2.02390693029189
415,15.145,0.933986606702478
415,15.1525,-0.117983868308241
415,15.16,-0.761537489226152
415,15.1675,-1.05459215607625
415,15.175,-1.81288583740754
415,15.1825,-2.73639796440971
415,15.19,2.64002399282814
415,15.1975,1.65475138820915
415,15.205,0.621218731160019
415,15.2125,-0.295437643777703
415,15.22,-1.2222210084033
415,15.2275,-2.20098866491477
415,15.235,-3.0842586171114
415,15.2425,2.26227240426977
415,15.25,1.15769196059058
415,15.2575,0.0720917993936106
415,15.265,-0.913423565020334
415,15.2725,-1.90090291239812
415,15.28,-2.924448099196
415,15.2875,2.5563758957415
415,15.295,1.7806157731325
415,15.3025,0.900351821203013
415,15.31,0.147881404190262
415,15.3175,-0.816736821680213
415,15.325,-1.91418884545798
415,15.3325,-3.05742294863303
415,15.34,2.10276843464646
415,15.3475,1.09272695459864
415,15.355,0.114615548206628
415,15.3625,-0.781975068056822
415,15.37,-1.67387636558874
415,15.3775,-2.63447012543896
415,15.385,2.81411751293465
415,15.3925,1.94995777751715
415,15.4,0.992665130568226
415,15.4075,-0.025247136247672
415,15.415,-1.10082922188731
415,15.4225,-1.92121394358766
415,15.43,-2.34308264933736
415,15.4375,-2.9150376997849
415,15.445,2.38295697992572
415,15.4525,1.34086109501179
415,15.46,0.317903615879341
415,15.4675,-0.821402540599988
415,15.475,-1.92723656270676
415,15.4825,-2.92827666322905
415,15.49,2.32620308489921
415,15.4975,1.47131468041979
415,15.505,0.96468125724736
415,15.5125,0.258279398699562
415,15.52,-0.575631450522156
415,15.5275,-1.49171145365834
415,15.535,-2.51064015253094
415,15.5425,2.71587260973466
415,15.55,1.68304877082787
415,15.5575,0.689756062121073
415,15.565,-0.283276291096767
415,15.5725,-1.23065322480324
415,15.58,-2.17132423071768
415,15.5875,3.12220884372187
415,15.595,2.08397462268117
415,15.6025,1.08329910262438
415,15.61,0.119941077142924
415,15.6175,-0.851051957535066
415,15.625,-1.72092610571325
415,15.6325,-2.46684860746357
415,15.64,-3.13394735790831
415,15.6475,2.3248632738534
415,15.655,1.29076213971896
415,15.6625,0.286100578603777
415,15.67,-0.789935830549902
415,15.6775,-1.92464635343106
415,15.685,-2.82298366225894
415,15.6925,2.54857942286317
415,15.7,1.56943828623687
415,15.7075,0.839409144812258
415,15.715,0.0474621547910121
415,15.7225,-0.827038376213741
415,15.73,-1.78614252258979
415,15.7375,-2.7875687995734
415,15.745,2.44243690255069
415,15.7525,1.38135054163885
415,15.76,0.414318433693119
415,15.7675,-0.518338658929657
415,15.775,-1.52946745169376
415,15.7825,-2.47348493855231
415,15.79,3.0380996984525
415,15.7975,2.22018396695462
415,15.805,1.27735315857317
415,15.8125,0.29516110283756
415,15.82,-0.738918138240866
415,15.8275,-1.86052888807322
415,15.835,-2.85793080167012
415,15.8425,2.57714798029622
415,15.85,1.5396694053605
415,15.8575,0.512677769711807
415,15.865,-0.322407650807714
415,15.8725,-1.27911369755018
415,15.88,-2.21212758024276
415,15.8875,-3.09754261187746
415,15.895,2.09191668927078
415,15.9025,1.09275319021317
415,15.91,0.180564904087221
415,15.9175,-0.65185115466566
415,15.925,-1.558158327617
415,15.9325,-2.57984340657525
415,15.94,2.79993986042825
415,15.9475,1.76302099087273
415,15.955,0.807172059651082
415,15.9625,-0.111606763648659
415,15.97,-1.22473973227243
415,15.9775,-2.12535222343823
415,15.985,-2.8798262525192
415,15.9925,2.97723466310878
415,16,2.1522040384432
425,4,2.71903183444111
425,4.0075,1.90266973824074
425,4.015,0.959595103431289
425,4.0225,-0.0433585052682871
425,4.03,-0.977838068129659
425,4.0375,-2.04168971521543
425,4.045,-3.01997483224348
425,4.0525,2.48169924499516
425,4.06,1.42349993753653
425,4.0675,0.291811838239453
425,4.075,-0.509132945490178
425,4.0825,-1.18393277605761
425,4.09,-1.69725515313438
425,4.0975,-2.34596743890945
425,4.105,2.87078389060867
425,4.1125,1.93556172603263
425,4.12,0.899251103571904
425,4.1275,-0.0213727738712337
425,4.135,-1.08207006697595
425,4.1425,-1.99926221421168
425,4.15,-2.6837964360898
425,4.1575,2.53426585481146
425,4.165,1.71063530040999
425,4.1725,0.674298455185838
425,4.18,-0.407650318213288
425,4.1875,-1.23127580847502
425,4.195,-2.2886597348004
425,4.2025,3.0319221978939
425,4.21,2.36144830896571
425,4.2175,1.57002003096462
425,4.225,1.12076197065715
425,4.2325,0.195766217314186
425,4.24,-0.873445429037834
425,4.2475,-1.93626405880816
425,4.255,-3.13429517710729
425,4.2625,2.07718503997883
425,4.27,1.11479639121947
425,4.2775,0.139854631152908
425,4.285,-0.754560393356956
425,4.2925,-1.32916869902678
425,4.3,-2.12885058752572
425,4.3075,3.10953021073872
425,4.315,2.19151466753529
425,4.3225,1.13708706829785
425,4.33,0.096368701684172
425,4.3375,-0.82804383559571
425,4.345,-1.76297906425702
425,4.3525,-2.60983405019633
425,4.36,2.7094725127025
425,4.3675,1.65561246426274
425,4.375,0.597233223563157
425,4.3825,-0.50440129686382
425,4.39,-1.64541699197
425,4.3975,-2.72685057499126
425,4.405,2.69762869303282
425,4.4125,1.87703883334938
425,4.42,1.13979896698039
425,4.4275,0.439952873377288
425,4.435,-0.477430848505575
425,4.4425,-1.40608125287656
425,4.45,-2.37798927038449
425,4.4575,2.8933387394411
425,4.465,1.88025696277419
425,4.4725,0.916887751661339
425,4.48,-0.0481462588183838
425,4.4875,-1.11757910818594
425,4.495,-2.20881177168312
425,4.5025,3.07095250471538
425,4.51,2.11389291458265
425,4.5175,1.17822823051186
425,4.525,0.274584289443322
425,4.5325,-0.705201827969975
425,4.54,-1.6504943548883
425,4.5475,-2.50880845870681
425,4.555,2.82959131347335
425,4.5625,1.98449317475652
425,4.57,1.3614244781328
425,4.5775,0.689490007269807
425,4.585,-0.153682506485289
425,4.5925,-1.02728134654627
425,4.6,-2.11995630354735
425,4.6075,2.97689282331619
425,4.615,2.05057472288117
425,4.6225,1.37111079945714
425,4.63,0.576883903851159
425,4.6375,-0.211477737222749
425,4.645,-1.14161461003206
425,4.6525,-2.19304224654368
425,4.66,3.0255321653305
425,4.6675,1.99418620394677
425,4.675,1.00541473129019
425,4.6825,0.200105702298545
425,4.69,-0.531262170561143
425,4.6975,-1.27647466396257
425,4.705,-2.24063223293237
425,4.7125,2.88090108204585
425,4.72,1.87040379858992
425,4.7275,1.00378332154847
425,4.735,-0.190427880949403
425,4.7425,-0.984222840588476
425,4.75,-0.865122462468271
425,4.7575,-1.81290407157678
425,4.765,-2.39289091127496
425,4.7725,2.78028411262064
425,4.78,1.58460510732798
425,4.7875,0.532655964555494
425,4.795,-0.48644590602768
425,4.8025,-1.568037197168
425,4.81,-2.65621834257882
425,4.8175,2.58677409645841
425,4.825,1.66385628300793
425,4.8325,0.749991406372391
425,4.84,-0.0714299378296227
425,4.8475,-0.877140556301804
425,4.855,-1.81003928243406
425,4.8625,-2.79266064094499
425,4.87,2.46959626613867
425,4.8775,1.47518056555683
425,4.885,0.455338507276705
425,4.8925,-0.481821812027163
425,4.9,-1.34821223901798
425,4.9075,-2.29108856668487
425,4.915,3.09185299483983
425,4.9225,2.14278037972829
425,4.93,1.08902917003792
425,4.9375,0.101494062464503
425,4.945,-0.790493867378631
425,4.9525,-1.7459120577427
425,4.96,-2.67073640832765
425,4.9675,2.66318754065091
425,4.975,1.66308599509751
425,4.9825,0.642748318689705
425,4.99,-0.362598070185948
425,4.9975,-1.36219296140562
425,5.005,-2.40272084503829
425,5.0125,2.94760706211554
425,5.02,2.08235323859645
425,5.0275,1.23350438277679
425,5.035,0.358026519773369
425,5.0425,-0.57535175126749
425,5.05,-1.52156785621973
425,5.0575,-2.51750558746431
425,5.065,2.77597114971516
425,5.0725,1.7728751814494
425,5.08,0.743182333570008
425,5.0875,-0.24432289168123
425,5.095,-1.23783849730136
425,5.1025,-2.21766167713092
425,5.11,-3.07355417018294
425,5.1175,2.34656508278577
425,5.125,1.47111394510274
425,5.1325,0.599042164627781
425,5.14,-0.399949465681992
425,5.1475,-1.47952510697307
425,5.155,-2.52752427481251
425,5.1625,2.73126688596434
425,5.17,1.72718070803975
425,5.1775,0.776062241113527
425,5.185,-0.152632667582516
425,5.1925,-1.06984312905656
425,5.2,-2.04794705206817
425,5.2075,-3.06027503029936
425,5.215,2.20181155407914
425,5.2225,1.2087477466658
425,5.23,0.203689588819877
425,5.2375,-0.809059709715956
425,5.245,-1.71192619314274
425,5.2525,-2.63165510662661
425,5.26,2.68000331139372
425,5.2675,1.74249645247911
425,5.275,0.749980993502365
425,5.2825,-0.391151029399951
425,5.29,-1.43774786706454
425,5.2975,-2.43841386704579
425,5.305,2.80054249328585
425,5.3125,1.8624526410001
425,5.32,0.856184184926034
425,5.3275,0.464142648230168
425,5.335,-0.39516426122173
425,5.3425,-1.53818609694466
425,5.35,-2.61350318852657
425,5.3575,2.64478744359759
425,5.365,1.4841395168032
425,5.3725,0.122364200988044
425,5.38,-1.13744607992421
425,5.3875,-2.29732186574233
425,5.395,2.37694998083864
425,5.4025,0.35940090577968
425,5.41,-1.62565231219067
425,5.4175,-1.75143397029652
425,5.425,-0.728641491154072
425,5.4325,-2.34578258582072
425,5.44,2.48429820077502
425,5.4475,1.70945925235151
425,5.455,0.431939487200639
425,5.4625,-0.882851812464505
425,5.47,-1.79553180047768
425,5.4775,-2.9080038776517
425,5.485,2.19286710195263
425,5.4925,1.25216677440012
425,5.5,0.373747936123834
425,5.5075,-0.670869903142094
425,5.515,-1.70624702276518
425,5.5225,-2.77357082366854
425,5.53,2.33715342240243
425,5.5375,1.30003693360774
425,5.545,0.38596333016641
425,5.5525,-0.638567695831527
425,5.56,-1.48421373594785
425,5.5675,-2.1315245946168
425,5.575,-3.07205319403638
425,5.5825,2.39419473673289
425,5.59,1.38296523585231
425,5.5975,0.395984604423699
425,5.605,-0.64368877935276
425,5.6125,-1.76736517222585
425,5.62,-2.65572359752695
425,5.6275,2.67168263410758
425,5.635,1.6726406059812
425,5.6425,0.73149594405064
425,5.65,-0.136343937280052
425,5.6575,-1.01734617628445
425,5.665,-1.96829226215518
425,5.6725,-2.95686369247198
425,5.68,2.22428224382669
425,5.6875,1.13721569991523
425,5.695,0.123126239712868
425,5.7025,-0.824239434980816
425,5.71,-1.804082933007
425,5.7175,-2.78284440506064
425,5.725,2.62200197302625
425,5.7325,1.62900803232674
425,5.74,0.622271021843073
425,5.7475,-0.401119072310801
425,5.755,-1.44773388509121
425,5.7625,-2.43499707633923
425,5.77,2.78113942527816
425,5.7775,1.81725482130438
425,5.785,1.03119589157539
425,5.7925,0.102475482832332
425,5.8,-0.866605695547626
425,5.8075,-1.72668488835484
425,5.815,-2.60379032950903
425,5.8225,2.63237361194638
425,5.83,1.61481595897611
425,5.8375,0.938471155900647
425,5.845,0.0772128278631747
425,5.8525,-1.07532178361096
425,5.86,-2.03668185610741
425,5.8675,-2.78509387396033
425,5.875,2.34920023852141
425,5.8825,1.13652764689938
425,5.89,0.79028793150722
425,5.8975,-0.330227841435412
425,5.905,-1.82954820094003
425,5.9125,-1.21618882498551
425,5.92,-1.56636122006946
425,5.9275,-2.31556107115535
425,5.935,2.88775862851684
425,5.9425,1.84257776995608
425,5.95,0.589534042079935
425,5.9575,-0.6237492513766
425,5.965,-1.81703406321942
425,5.9725,-2.94244655278824
425,5.98,2.73427731498377
425,5.9875,2.1911117672671
425,5.995,2.06641221079594
425,6.0025,0.631007435093866
425,6.01,-0.517323453876053
425,6.0175,-1.4182206645336
425,6.025,-2.64970860659252
425,6.0325,2.65837841103539
425,6.04,1.81590525554332
425,6.0475,1.09207562421418
425,6.055,0.61895538413999
425,6.0625,-0.357705473941217
425,6.07,-1.39263837737749
425,6.0775,-2.48945549034356
425,6.085,2.72828745191968
425,6.0925,1.58435934458841
425,6.1,0.640703548612336
425,6.1075,0.0722608113879705
425,6.115,-1.00144669704212
425,6.1225,-1.80372857496056
425,6.13,-2.46976015572288
425,6.1375,2.76496302658141
425,6.145,1.71788380780075
425,6.1525,0.673481592051869
425,6.16,-0.276776376603873
425,6.1675,-1.32813671253584
425,6.175,-2.33914457880797
425,6.1825,3.10326934348169
425,6.19,2.11066629411446
425,6.1975,1.10868887810305
425,6.205,0.0970787483597399
425,6.2125,-0.92566065080749
425,6.22,-1.91861035083865
425,6.2275,-2.9623743170278
425,6.235,2.23345006393396
425,6.2425,1.31297137021284
425,6.25,0.498565481526399
425,6.2575,-0.325399300548794
425,6.265,-1.03416537564332
425,6.2725,-2.04432036087761
425,6.28,-3.13866604124542
425,6.2875,2.18602041767103
425,6.295,1.1741107409405
425,6.3025,0.102138825299191
425,6.31,-0.898736475133465
425,6.3175,-1.97511127466472
425,6.325,-2.95914646506704
425,6.3325,2.52297466374726
425,6.34,1.58151186331719
425,6.3475,0.794889531231605
425,6.355,-0.0842439125400957
425,6.3625,-1.15870618936497
425,6.37,-2.18647983177977
425,6.3775,-3.13036638829509
425,6.385,2.13501122033353
425,6.3925,1.06520957071457
425,6.4,0.105069314041164
425,6.4075,-0.692706231373172
425,6.415,-1.56168217653809
425,6.4225,-2.45479810174183
425,6.43,2.94434934180035
425,6.4375,1.79639696537909
425,6.445,0.703750756651578
425,6.4525,-0.248931484656899
425,6.46,-1.41432158544973
425,6.4675,-2.25859805532691
425,6.475,-2.89093472596969
425,6.4825,2.33584397489183
425,6.49,1.37061918868944
425,6.4975,0.445567505916945
425,6.505,-0.478027219726274
425,6.5125,-1.61649755017333
425,6.52,-2.56868640361708
425,6.5275,-3.04303286078978
425,6.535,2.13249356010028
425,6.5425,1.27887584916009
425,6.55,0.335423133585512
425,6.5575,-0.955397352879029
425,6.565,-2.14213322893007
425,6.5725,3.00603127007099
425,6.58,1.84653011310221
425,6.5875,0.795186889427373
425,6.595,-0.378010836182822
425,6.6025,-1.85063163543346
425,6.61,2.50674513941871
425,6.6175,0.617130754829336
425,6.625,-0.015027642420078
425,6.6325,-1.92648536130034
425,6.64,2.63256237503974
425,6.6475,2.18726224018068
425,6.655,1.13828969852756
425,6.6625,-0.468569947017688
425,6.67,-1.62772526510889
425,6.6775,-2.25372180177174
425,6.685,-3.09801205847636
425,6.6925,-3.12431608282307
425,6.7,1.95311437423228
425,6.7075,0.924339124105488
425,6.715,0.0825907727786222
425,6.7225,-0.933230063394282
425,6.73,-1.81002759175906
425,6.7375,-2.11821684278169
425,6.745,2.83609204154001
425,6.7525,1.50408244024881
425,6.76,0.64692134251872
425,6.7675,-0.59140411746408
425,6.775,-2.01904788566092
425,6.7825,-3.04023279244484
425,6.79,2.24004351034072
425,6.7975,0.892872736090465
425,6.805,0.61601524787019
425,6.8125,-0.0747002564579987
425,6.82,-1.07341445584247
425,6.8275,-1.50584040479233
425,6.835,-2.74499698106628
425,6.8425,2.62603274289999
425,6.85,2.0649122073883
425,6.8575,0.906943194557187
425,6.865,0.236526860545932
425,6.8725,-0.630666199583437
425,6.88,-1.73983008413576
425,6.8875,-2.60040515411663
425,6.895,2.53948568774605
425,6.9025,1.36797703791984
425,6.91,0.583964276094266
425,6.9175,-0.38237521013706
425,6.925,-1.40733701503431
425,6.9325,-1.56692546646081
425,6.94,-2.39690353060921
425,6.9475,2.79416294502748
425,6.955,1.9222212373915
425,6.9625,0.906435821708338
425,6.97,-0.326525201958082
425,6.9775,-1.45570889969999
425,6.985,-2.39505706087777
425,6.9925,2.72896978304098
425,7,1.5512133427531
425,7.0075,0.816807146102158
425,7.015,0.0648005876872737
425,7.0225,-0.958967501331643
425,7.03,-1.93690361325623
425,7.0375,-2.7288428275766
425,7.045,2.52831091766711
425,7.0525,1.4543402133302
425,7.06,0.748946544652524
425,7.0675,-0.113649457845319
425,7.075,-1.19150790238086
425,7.0825,-2.13379722359757
425,7.09,-3.06999989666751
425,7.0975,2.0911348739709
425,7.105,0.99389264198169
425,7.1125,-0.10146530453863
425,7.12,-1.26440908670445
425,7.1275,-2.10374746469555
425,7.135,-3.08618309904571
425,7.1425,2.03700698789874
425,7.15,1.53271422064634
425,7.1575,1.01250845191564
425,7.165,1.11535878159383
425,7.1725,-0.0954537688367885
425,7.18,-1.33298526770274
425,7.1875,-2.3276497586377
425,7.195,3.05004487464032
425,7.2025,2.02298000063831
425,7.21,1.6630694154507
425,7.2175,0.667602016641337
425,7.225,-0.681756311796318
425,7.2325,-1.20720455208756
425,7.24,-2.12368213471326
425,7.2475,2.8895951513424
425,7.255,2.27791426269368
425,7.2625,1.37269809816485
425,7.27,0.295804424241075
425,7.2775,-0.275510642447677
425,7.285,-1.10580778973958
425,7.2925,-2.20665511187592
425,7.3,3.0163505314096
425,7.3075,1.99094456720844
425,7.315,0.913167861735798
425,7.3225,-0.197208251493333
425,7.33,-1.30782051709425
425,7.3375,-2.18340251490562
425,7.345,-3.02310771686437
425,7.3525,2.34596084158512
425,7.36,1.68266511984005
425,7.3675,0.933820751092922
425,7.375,-0.0430794973461672
425,7.3825,-1.08169582223842
425,7.39,-1.91632603125509
425,7.3975,-2.80241785125461
425,7.405,2.39166609551789
425,7.4125,1.48001770124525
425,7.42,0.535403590637436
425,7.4275,-0.676143986408172
425,7.435,-1.64315001671015
425,7.4425,-2.5292556362681
425,7.45,2.53048922591609
425,7.4575,1.68542642552184
425,7.465,0.854246543458224
425,7.4725,-0.250368968150915
425,7.48,-0.765653978717396
425,7.4875,-1.6642288191954
425,7.495,-2.61789603310556
425,7.5025,2.7870800494678
425,7.51,1.71129719045654
425,7.5175,0.642418675861506
425,7.525,-0.316227147368238
425,7.5325,-1.33603220143417
425,7.54,-2.42472214286223
425,7.5475,2.93450496566518
425,7.555,1.95285356311833
425,7.5625,0.906627763921673
425,7.57,0.102109304829882
425,7.5775,-0.863769888609367
425,7.585,-1.89893892389506
425,7.5925,-2.79003513117976
425,7.6,2.51171935178642
425,7.6075,1.55452784650319
425,7.615,0.777385424151677
425,7.6225,-0.040580478597213
425,7.63,-0.923366444894492
425,7.6375,-1.86001652557341
425,7.645,-2.88536804381647
425,7.6525,2.43952166628387
425,7.66,1.42818116541072
425,7.6675,0.344923074275771
425,7.675,-0.57022197474302
425,7.6825,-1.4600403577502
425,7.69,-2.48659989879684
425,7.6975,2.91646220090977
425,7.705,2.04926168985608
425,7.7125,1.03324082338128
425,7.72,0.108316803559024
425,7.7275,-0.766586223743398
425,7.735,-1.66219972392122
425,7.7425,-2.52467491207526
425,7.75,2.85011165431989
425,7.7575,1.98336056529929
425,7.765,1.08059733939853
425,7.7725,0.0138915346474786
425,7.78,-0.979451789503414
425,7.7875,-1.96090667569889
425,7.795,-3.08697102070949
425,7.8025,2.17617380979245
425,7.81,1.25461019783061
425,7.8175,0.216493101529094
425,7.825,-0.753575428662714
425,7.8325,-1.59890976897102
425,7.84,-2.57747550495788
425,7.8475,2.86853048123197
425,7.855,2.08299318354741
425,7.8625,1.00253504164927
425,7.87,0.244088890767447
425,7.8775,-0.691101389703088
425,7.885,-1.82183149257741
425,7.8925,-2.53100466197868
425,7.9,2.65322447455061
425,7.9075,1.58672147734856
425,7.915,0.789660728574266
425,7.9225,-0.340708081544876
425,7.93,-1.23347520594941
425,7.9375,-2.13484324034959
425,7.945,-3.05611119448529
425,7.9525,2.56882550042564
425,7.96,1.76810950372367
425,7.9675,0.858825898759771
425,7.975,-0.0386860260642084
425,7.9825,-0.782900725723481
425,7.99,-2.0189129472965
425,7.9975,-3.0535377940795
425,8.005,2.49826711926687
425,8.0125,1.24384854482187
425,8.02,0.234264579984833
425,8.0275,-0.55931211293892
425,8.035,-1.65623007010937
425,8.0425,-2.52398286482917
425,8.05,2.96785340852736
425,8.0575,2.09025091366212
425,8.065,1.13721691245347
425,8.0725,0.191492477854108
425,8.08,-0.749677434074769
425,8.0875,-1.60679416994811
425,8.095,-2.51629977775949
425,8.1025,2.71922230996653
425,8.11,1.97605930291542
425,8.1175,1.01955854152745
425,8.125,-0.0189691044441704
425,8.1325,-0.82233412093457
425,8.14,-1.96627225520819
425,8.1475,-3.04644726527004
425,8.155,2.27361847457413
425,8.1625,1.15026856455452
425,8.17,0.362502906387834
425,8.1775,-0.591968766171039
425,8.185,-1.3355649899034
425,8.1925,-1.89242549381232
425,8.2,-2.98056482558884
425,8.2075,2.64012197544445
425,8.215,1.60741077215713
425,8.2225,0.546789893660893
425,8.23,-0.221829617041068
425,8.2375,-1.23576306111077
425,8.245,-2.2204191191111
425,8.2525,3.10786247490704
425,8.26,2.06792686173548
425,8.2675,1.03003822538522
425,8.275,-0.00427352909562096
425,8.2825,-0.954920126814679
425,8.29,-1.78969062549621
425,8.2975,-2.48975313979607
425,8.305,-3.01939878024208
425,8.3125,2.39771509288989
425,8.32,1.4701608954648
425,8.3275,0.410829895443155
425,8.335,-0.735191792341428
425,8.3425,-1.8128050904367
425,8.35,-2.91145983852101
425,8.3575,2.25219962290791
425,8.365,1.29501764263338
425,8.3725,0.371620266115109
425,8.38,-0.468778367554364
425,8.3875,-1.19818123441884
425,8.395,-2.05585611260825
425,8.4025,-2.77491180528229
425,8.41,2.60956756161942
425,8.4175,1.6904709442397
425,8.425,0.853300079918859
425,8.4325,-0.15326605695503
425,8.44,-1.10092862232285
425,8.4475,-1.86638329572825
425,8.455,-2.89989390629907
425,8.4625,2.28733680159904
425,8.47,1.38112012807717
425,8.4775,0.305101285487203
425,8.485,-0.684673349019992
425,8.4925,-1.52510770668991
425,8.5,-2.4330916340448
425,8.5075,-2.8802689682612
425,8.515,2.47494939114999
425,8.5225,1.79538368325534
425,8.53,0.847719612602926
425,8.5375,-0.303036962551446
425,8.545,-1.2604904187724
425,8.5525,-2.25897083592997
425,8.56,2.99891044157368
425,8.5675,1.96929674233757
425,8.575,0.995960355851921
425,8.5825,0.069576977713602
425,8.59,-1.00277482939736
425,8.5975,-1.83444714925943
425,8.605,-2.75454891871754
425,8.6125,2.50770481869712
425,8.62,1.77536771208609
425,8.6275,0.797460518165565
425,8.635,0.0289588330513234
425,8.6425,-0.734661896335018
425,8.65,-1.74738616675624
425,8.6575,-2.63680791239694
425,8.665,2.60739045639212
425,8.6725,1.52966390621578
425,8.68,0.493533490503274
425,8.6875,-0.551852898139704
425,8.695,-1.58640222101035
425,8.7025,-2.59578011805619
425,8.71,2.79180427265606
425,8.7175,1.83874673208818
425,8.725,1.08706889518341
425,8.7325,0.293193022210417
425,8.74,-0.719319618852752
425,8.7475,-1.51145103097933
425,8.755,-2.51596200260799
425,8.7625,2.69494012190882
425,8.77,1.84147897039962
425,8.7775,0.888109450636193
425,8.785,-0.162046865418227
425,8.7925,-1.00256578984469
425,8.8,-1.92351893533168
425,8.8075,-3.02615256302348
425,8.815,2.29555579847976
425,8.8225,1.36163751065192
425,8.83,0.332427892532655
425,8.8375,-0.580505453022073
425,8.845,-1.41527424053524
425,8.8525,-2.31383658555991
425,8.86,3.13117494003174
425,8.8675,2.28929008842204
425,8.875,1.39691152297405
425,8.8825,0.45032297070884
425,8.89,-0.563758116053134
425,8.8975,-1.51522856271812
425,8.905,-2.50336209868324
425,8.9125,2.74631069771876
425,8.92,1.78488902744652
425,8.9275,0.827195399213471
425,8.935,-0.151411268669242
425,8.9425,-1.11615122412337
425,8.95,-2.00244243730892
425,8.9575,-2.9089828311464
425,8.965,2.3879027854677
425,8.9725,1.55335478939762
425,8.98,0.702881954513072
425,8.9875,-0.198822060298412
425,8.995,-1.03467287764616
425,9.0025,-1.93977508715823
425,9.01,-2.92448800232129
425,9.0175,2.30721759402578
425,9.025,1.28166801699303
425,9.0325,0.28288248953864
425,9.04,-0.805912971876503
425,9.0475,-1.81869644241179
425,9.055,-2.68133000839043
425,9.0625,2.61388085387435
425,9.07,1.7887055090981
425,9.0775,0.988256763528057
425,9.085,0.0344406779031711
425,9.0925,-0.770342240597362
425,9.1,-1.71801712893092
425,9.1075,-2.68329227532764
425,9.115,2.74559461301184
425,9.1225,1.73847121336242
425,9.13,0.719184464015012
425,9.1375,-0.166828578088521
425,9.145,-1.18229780245029
425,9.1525,-2.22988643850305
425,9.16,-3.13054137483715
425,9.1675,2.17416241860102
425,9.175,1.12767559502041
425,9.1825,0.23503529758389
425,9.19,-0.733814893787789
425,9.1975,-1.6675255181878
425,9.205,-2.44871958455077
425,9.2125,2.8562411312357
425,9.22,1.95453583897585
425,9.2275,1.00586125576263
425,9.235,-0.0324301975805288
425,9.2425,-0.968369431123482
425,9.25,-1.90850034655823
425,9.2575,-2.88903150086141
425,9.265,2.41512211656254
425,9.2725,1.48935014180101
425,9.28,0.495681847121802
425,9.2875,-0.536668130874632
425,9.295,-1.44087947295717
425,9.3025,-2.44810446390462
425,9.31,2.82212364384433
425,9.3175,1.95940977866292
425,9.325,1.01908262816538
425,9.3325,0.235575565225583
425,9.34,-0.580618495053194
425,9.3475,-1.4949318646669
425,9.355,-2.38201354268198
425,9.3625,2.91425073517225
425,9.37,1.91267904270955
425,9.3775,0.929485903487565
425,9.385,-0.0676247459440409
425,9.3925,-1.11000811029293
425,9.4,-2.08881912333616
425,9.4075,-2.95489372353401
425,9.415,2.35195367086986
425,9.4225,1.47771917281474
425,9.43,0.632780027626818
425,9.4375,-0.4281508961823
425,9.445,-1.34113615432304
425,9.4525,-2.16877090406618
425,9.46,3.08104465943386
425,9.4675,2.15279586689009
425,9.475,1.36639231601103
425,9.4825,0.368077342376174
425,9.49,-0.637324370174245
425,9.4975,-1.51623494741468
425,9.505,-2.59218510129453
425,9.5125,2.60254986412534
425,9.52,1.69407663821973
425,9.5275,0.722573217896009
425,9.535,-0.305467995920871
425,9.5425,-1.14878546414098
425,9.55,-1.88649576304288
425,9.5575,-2.76700021827334
425,9.565,2.75204615578562
425,9.5725,2.01201339178905
425,9.58,0.990277091404303
425,9.5875,0.000408910935464812
425,9.595,-0.956859899862639
425,9.6025,-1.9746626571156
425,9.61,-2.96778702049211
425,9.6175,2.42123969504115
425,9.625,1.66080945111139
425,9.6325,0.726078249362069
425,9.64,-0.204237684497099
425,9.6475,-1.04875718727945
425,9.655,-2.01847387269691
425,9.6625,-2.87547575376085
425,9.67,2.71016758230926
425,9.6775,1.88661290808572
425,9.685,1.01191907946737
425,9.6925,0.150994972482619
425,9.7,-0.839966693546056
425,9.7075,-1.89866730664197
425,9.715,-2.90768884849891
425,9.7225,2.38765508539689
425,9.73,1.36079801199427
425,9.7375,0.371802748161042
425,9.745,-0.544943616537495
425,9.7525,-1.50720846321151
425,9.76,-2.31841900220924
425,9.7675,3.09961797146087
425,9.775,2.18456040376165
425,9.7825,1.35651355038568
425,9.79,0.350539758371734
425,9.7975,-0.480147749457402
425,9.805,-1.38310368765154
425,9.8125,-2.44532209515347
425,9.82,2.93223335097694
425,9.8275,1.91168218439947
425,9.835,0.838396069705817
425,9.8425,-0.0712457413480296
425,9.85,-1.06853059362739
425,9.8575,-2.08838429114589
425,9.865,-3.01720247063713
425,9.8725,2.47648265865963
425,9.88,1.73621858925355
425,9.8875,0.927858710754595
425,9.895,0.176614503133744
425,9.9025,-0.802352618766213
425,9.91,-1.80674033330997
425,9.9175,-2.72222834679723
425,9.925,2.53992612282889
425,9.9325,1.47931960346124
425,9.94,0.440205002782873
425,9.9475,-0.511639675079137
425,9.955,-1.45098272944469
425,9.9625,-2.39372828857337
425,9.97,3.13517312195023
425,9.9775,2.22477402671276
425,9.985,1.24455661255526
425,9.9925,0.418124625449752
425,10,-0.534667607315244
425,10.0075,-1.53756570812785
425,10.015,-2.51054859217427
425,10.0225,2.821241824724
425,10.03,1.81693183557133
425,10.0375,0.793562958407377
425,10.045,-0.0610203185055304
425,10.0525,-0.973618753153652
425,10.06,-1.89907546549538
425,10.0675,-2.79367939290917
425,10.075,2.59356712756232
425,10.0825,1.66819521248989
425,10.09,0.68832686411911
425,10.0975,-0.151319796211767
425,10.105,-1.06735935842423
425,10.1125,-1.91700042936306
425,10.12,-2.74445314907515
425,10.1275,2.58910636033823
425,10.135,1.69800766313508
425,10.1425,0.702194106027258
425,10.15,-0.243182254359569
425,10.1575,-1.14625037360914
425,10.165,-2.16187459982136
425,10.1725,-3.10886685868548
425,10.18,2.20890636584466
425,10.1875,1.18640369465556
425,10.195,0.221941359473629
425,10.2025,-0.748194352230539
425,10.21,-1.64160707544557
425,10.2175,-2.50445779228437
425,10.225,2.94188288721459
425,10.2325,2.1349491151668
425,10.24,1.18327107429395
425,10.2475,0.200629360379082
425,10.255,-0.809585400753964
425,10.2625,-1.83406586570587
425,10.27,-2.8641267536183
425,10.2775,2.40697936560498
425,10.285,1.4146825159565
425,10.2925,0.434824763887664
425,10.3,-0.494700516239821
425,10.3075,-1.44220792929497
425,10.315,-2.32145720160872
425,10.3225,3.05789709718282
425,10.33,2.08375831829276
425,10.3375,1.14893905329338
425,10.345,0.209102580446128
425,10.3525,-0.758106612659595
425,10.36,-1.72912794282407
425,10.3675,-2.674908080404
425,10.375,2.64285162955019
425,10.3825,1.65457431448478
425,10.39,0.689626250165954
425,10.3975,-0.247704242224752
425,10.405,-1.19727585672591
425,10.4125,-2.16550763566605
425,10.42,-3.07779914020488
425,10.4275,2.29873222510521
425,10.435,1.35572769078527
425,10.4425,0.3881138772224
425,10.45,-0.532668214574095
425,10.4575,-1.45897235737594
425,10.465,-2.47598382826248
425,10.4725,2.8942408783712
425,10.48,1.9939421832619
425,10.4875,0.98189008479075
425,10.495,0.0557076940781073
425,10.5025,-0.809238192776257
425,10.51,-1.82316350920265
425,10.5175,-2.8430722912199
425,10.525,2.49409403501583
425,10.5325,1.49796462954287
425,10.54,0.464759405613981
425,10.5475,-0.519227927423011
425,10.555,-1.45597627942801
425,10.5625,-2.40528253919928
425,10.57,2.97149626214142
425,10.5775,2.08986892257892
425,10.585,1.1962098820108
425,10.5925,0.284454480347168
425,10.6,-0.692728973495659
425,10.6075,-1.59204753873262
425,10.615,-2.54074313154799
425,10.6225,2.6879327887672
425,10.63,1.70034064473609
425,10.6375,0.715553608618808
425,10.645,-0.334124299614421
425,10.6525,-1.32241881233475
425,10.66,-2.20976252729979
425,10.6675,3.13040290450355
425,10.675,2.25676127143395
425,10.6825,1.45446215795157
425,10.69,0.510781346236911
425,10.6975,-0.428203233764911
425,10.705,-1.37108535405016
425,10.7125,-2.32134175218656
425,10.72,3.0736063889577
425,10.7275,2.15547180130227
425,10.735,1.18958047302562
425,10.7425,0.270068858018688
425,10.75,-0.715699140748617
425,10.7575,-1.75500703500959
425,10.765,-2.69700564450065
425,10.7725,2.61055576532117
425,10.78,1.56687855713222
425,10.7875,0.691827159190661
425,10.795,-0.148708857892499
425,10.8025,-1.09102711878974
425,10.81,-1.91307914208691
425,10.8175,-2.81872424066487
425,10.825,2.47099419622863
425,10.8325,1.48987318482361
425,10.84,0.509565689375133
425,10.8475,-0.459390340092209
425,10.855,-1.47815659151461
425,10.8625,-2.44433865867555
425,10.87,2.88713172006023
425,10.8775,1.88559252233356
425,10.885,0.863647231954926
425,10.8925,-0.153377066811538
425,10.9,-1.15527093610143
425,10.9075,-2.17863169317117
425,10.915,-3.10452336625482
425,10.9225,2.42684636396288
425,10.93,1.88701996141012
425,10.9375,1.30673902002467
425,10.945,0.309752626946695
425,10.9525,-0.7046879613707
425,10.96,-1.66046175387487
425,10.9675,-2.78788524762035
425,10.975,2.52341518590418
425,10.9825,1.73901620826152
425,10.99,0.62246214015503
425,10.9975,-0.363128007805115
425,11.005,-0.880840567192977
425,11.0125,-1.61918478254351
425,11.02,-2.50236265106621
425,11.0275,-2.77826354740957
425,11.035,2.52029698119802
425,11.0425,1.5749262722447
425,11.05,0.60507676750775
425,11.0575,-0.532871380957621
425,11.065,-1.54057197303493
425,11.0725,-2.6452320694932
425,11.08,2.63692383633386
425,11.0875,1.85535281542115
425,11.095,0.71072186534714
425,11.1025,-0.254883324142855
425,11.11,-0.887534889798491
425,11.1175,-1.97468610225418
425,11.125,-2.83848129507063
425,11.1325,2.71059919102073
425,11.14,1.76575935610054
425,11.1475,0.887820187719988
425,11.155,0.0326495569186395
425,11.1625,-0.864545137080441
425,11.17,-1.84856938189588
425,11.1775,-2.80049787730698
425,11.185,2.44301046286641
425,11.1925,1.47890741429416
425,11.2,0.650961752361486
425,11.2075,-0.402094253444988
425,11.215,-1.2523590349594
425,11.2225,-2.1556711753013
425,11.23,3.0156022750644
425,11.2375,2.11180349045206
425,11.245,1.25506602406146
425,11.2525,0.359064781025388
425,11.26,-0.491221759347817
425,11.2675,-1.38320155539973
425,11.275,-2.3642680710996
425,11.2825,2.96227831074768
425,11.29,2.0152575523585
425,11.2975,0.976822769034044
425,11.305,0.074761003584173
425,11.3125,-0.855604841044313
425,11.32,-1.9322734934321
425,11.3275,-2.81696691148837
425,11.335,2.54212588872436
425,11.3425,1.45720468157685
425,11.35,0.552022767392987
425,11.3575,-0.266048457137806
425,11.365,-1.22975901696024
425,11.3725,-2.12549292110596
425,11.38,-2.96413761925896
425,11.3875,2.28917303782053
425,11.395,1.38963936388599
425,11.4025,0.534345579313164
425,11.41,-0.446760535122395
425,11.4175,-1.37220603951834
425,11.425,-2.39044702451619
425,11.4325,2.82057827625564
425,11.44,1.80244161400992
425,11.4475,0.811811328550273
425,11.455,-0.199571794928174
425,11.4625,-1.0040456912357
425,11.47,-1.63711592891463
425,11.4775,-2.35039432413008
425,11.485,3.08865806321622
425,11.4925,2.18206196375185
425,11.5,1.1613630306878
425,11.5075,0.0516599226420446
425,11.515,-0.920779765961473
425,11.5225,-1.86656408639933
425,11.53,-2.84021768069087
425,11.5375,2.52308718784239
425,11.545,1.64236821081956
425,11.5525,0.746930315933412
425,11.56,-0.246717210861321
425,11.5675,-1.17546300957012
425,11.575,-2.13297131203541
425,11.5825,-3.12040524736212
425,11.59,2.28394746070393
425,11.5975,1.33293663490697
425,11.605,0.433916570091968
425,11.6125,-0.441854518219738
425,11.62,-1.47425095203593
425,11.6275,-2.43800518863604
425,11.635,2.89556327434161
425,11.6425,1.88386322012324
425,11.65,0.954839629637451
425,11.6575,0.0423280217574723
425,11.665,-0.876689870255034
425,11.6725,-1.8189076799078
425,11.68,-2.74904220380667
425,11.6875,2.65032337582185
425,11.695,1.67815011218739
425,11.7025,0.725463289533308
425,11.71,-0.181947970877972
425,11.7175,-1.08453268486671
425,11.725,-1.97264277741041
425,11.7325,-2.92000383683663
425,11.74,2.41639048024908
425,11.7475,1.44722112959868
425,11.755,0.471225921593791
425,11.7625,-0.517569582675496
425,11.77,-1.52767774005329
425,11.7775,-2.51044227612542
425,11.785,2.77596702202742
425,11.7925,1.81172490472511
425,11.8,0.884514140375572
425,11.8075,-0.0946604523679282
425,11.815,-0.970183590256182
425,11.8225,-1.87576513257966
425,11.83,-2.79101895715017
425,11.8375,2.66087544811355
425,11.845,1.63085084608538
425,11.8525,0.689676963403955
425,11.86,-0.201472541125906
425,11.8675,-1.27458660074237
425,11.875,-2.25504223967771
425,11.8825,3.0615212831836
425,11.89,2.01596803206791
425,11.8975,1.07264250529438
425,11.905,0.123681657652705
425,11.9125,-0.849902729793808
425,11.92,-1.77412919935345
425,11.9275,-2.75910837840787
425,11.935,2.57325670927343
425,11.9425,1.66276562066082
425,11.95,0.688229687843414
425,11.9575,-0.33059741331676
425,11.965,-1.25860078774847
425,11.9725,-2.15486497316086
425,11.98,3.11132696941037
425,11.9875,2.18465395257524
425,11.995,1.22581149104706
425,12.0025,0.180891143592414
425,12.01,-0.775859386165213
425,12.0175,-1.71762591642969
425,12.025,-2.6965847630249
425,12.0325,2.62870989340595
425,12.04,1.68366020832677
425,12.0475,0.726812160114628
425,12.055,-0.212856583787436
425,12.0625,-1.17308013836561
425,12.07,-2.17163966223941
425,12.0775,-3.12734858616746
425,12.085,2.27864686381283
425,12.0925,1.40713515325373
425,12.1,0.551234026833132
425,12.1075,-0.297334503216371
425,12.115,-1.30369071420448
425,12.1225,-2.40424860944315
425,12.13,2.82998461904819
425,12.1375,1.78895585750877
425,12.145,0.708086680164436
425,12.1525,-0.315623166653741
425,12.16,-1.12098092689154
425,12.1675,-1.96979891341102
425,12.175,-2.81289372337168
425,12.1825,2.72393071964301
425,12.19,1.81992201679529
425,12.1975,0.805461356290535
425,12.205,-0.176309572704999
425,12.2125,-1.13772799632158
425,12.22,-2.20540874600669
425,12.2275,3.05532462229513
425,12.235,2.11243085570003
425,12.2425,1.04967149376131
425,12.25,-0.0102802980225041
425,12.2575,-0.926731840660678
425,12.265,-1.99755767694496
425,12.2725,-3.01848543555081
425,12.28,2.40849433309097
425,12.2875,1.43008203142982
425,12.295,0.966005940899275
425,12.3025,0.0561548720156593
425,12.31,-0.821825353013144
425,12.3175,-1.75937541695771
425,12.325,-3.01954338371565
425,12.3325,2.3743061233199
425,12.34,1.52092153218696
425,12.3475,0.244843335657997
425,12.355,-0.834310763859785
425,12.3625,-1.14319784783761
425,12.37,-2.44306457513265
425,12.3775,1.42410134519899
425,12.385,-2.79871127820117
425,12.3925,1.69467986868216
425,12.4,0.638489917212974
425,12.4075,0.449194416425127
425,12.415,0.300281336137158
425,12.4225,-0.384109828079896
425,12.43,-1.53089501255243
425,12.4375,-2.6898129592285
425,12.445,2.24887657158556
425,12.4525,1.11462486514991
425,12.46,0.0243887746384973
425,12.4675,-1.33529725918852
425,12.475,-2.55335668557727
425,12.4825,2.49632731773848
425,12.49,1.08430672385156
425,12.4975,0.165275530718186
425,12.505,-2.03789639655542
425,12.5125,1.7314344188482
425,12.52,0.244038553549045
425,12.5275,-0.22725317736963
425,12.535,-1.37334178580409
425,12.5425,-2.39848934533704
425,12.55,2.68810857748756
425,12.5575,1.78145283071527
425,12.565,0.81443573353304
425,12.5725,-0.613356084877173
425,12.58,-0.13969470495341
425,12.5875,-1.54985342110666
425,12.595,-2.20400765732036
425,12.6025,-2.88202528418432
425,12.61,1.88023807266049
425,12.6175,0.94729902336686
425,12.625,0.332529595624693
425,12.6325,-0.981579925252522
425,12.64,-1.93170310883321
425,12.6475,-2.74388901805974
425,12.655,2.33300418914972
425,12.6625,1.23169123594893
425,12.67,0.150166129668292
425,12.6775,-1.03337465900516
425,12.685,-1.87710171255882
425,12.6925,-2.31388814444001
425,12.7,-2.94638037496869
425,12.7075,2.57434510284649
425,12.715,1.36557287088163
425,12.7225,0.172665520923068
425,12.73,-0.751992012271906
425,12.7375,-1.73337966228159
425,12.745,-2.76508137123629
425,12.7525,2.75544104840891
425,12.76,2.09849864485479
425,12.7675,1.1281945451271
425,12.775,0.143851910760097
425,12.7825,-0.791546478389004
425,12.79,-1.86255187241521
425,12.7975,-3.0378754737329
425,12.805,2.11731624691991
425,12.8125,1.16736894929234
425,12.82,0.103634875412299
425,12.8275,-0.905805858040502
425,12.835,-1.18212996675689
425,12.8425,-1.93595731302023
425,12.85,-2.77248520731214
425,12.8575,2.4935261195336
425,12.865,1.46581522425413
425,12.8725,0.465620943236873
425,12.88,-0.433777546118066
425,12.8875,-1.31233650596223
425,12.895,-2.26252429104556
425,12.9025,3.08390126685302
425,12.91,2.0646015466113
425,12.9175,1.03561655194646
425,12.925,-0.022985930176729
425,12.9325,-1.10161730624241
425,12.94,-2.15782148094026
425,12.9475,3.09277553485706
425,12.955,2.12954277420795
425,12.9625,1.4377997271504
425,12.97,0.828519298974273
425,12.9775,-0.0731738202842596
425,12.985,-1.10497312462519
425,12.9925,-2.20138150953359
425,13,2.96259381258731
425,13.0075,1.83310300687834
425,13.015,0.850474120403729
425,13.0225,-0.201681662465047
425,13.03,-1.23692862266443
425,13.0375,-1.80217742376475
425,13.045,-2.72822689586707
425,13.0525,2.87832220157155
425,13.06,1.98392859601215
425,13.0675,0.871046180081206
425,13.075,0.00988573594382214
425,13.0825,-0.98352619083465
425,13.09,-2.05282835594063
425,13.0975,-2.85872390621942
425,13.105,2.45633756973494
425,13.1125,1.34173128607775
425,13.12,0.550554056323587
425,13.1275,-0.427422653099764
425,13.135,-1.61682860190329
425,13.1425,-2.50716544722037
425,13.15,2.73693427107681
425,13.1575,1.53824695165702
425,13.165,0.770894708481501
425,13.1725,-0.174551928341672
425,13.18,-1.20819905963253
425,13.1875,-1.84836380556591
425,13.195,-2.83959900851585
425,13.2025,2.63609274109257
425,13.21,1.85829316651784
425,13.2175,0.770207205844956
425,13.225,-0.283403926942107
425,13.2325,-1.24131363848027
425,13.24,-2.2200190586844
425,13.2475,2.95826740767352
425,13.255,2.0392839388566
425,13.2625,1.16086697650134
425,13.27,0.0610406397560682
425,13.2775,-0.930313869595197
425,13.285,-1.9639420427996
425,13.2925,-3.07631174637665
425,13.3,2.1365863192042
425,13.3075,1.06238346097403
425,13.315,0.237090342993006
425,13.3225,-0.480247986158588
425,13.33,-1.19338254680624
425,13.3375,-2.04369097697265
425,13.345,-3.0344783690852
425,13.3525,2.21820115563887
425,13.36,1.0492227109368
425,13.3675,-0.134915168888516
425,13.375,-1.30627091615012
425,13.3825,-2.58053816518505
425,13.39,2.44042429985919
425,13.3975,1.54502352242309
425,13.405,0.666290803211748
425,13.4125,1.54226131692605
425,13.42,0.175753704195367
425,13.4275,-1.12254458433168
425,13.435,-2.30430722536184
425,13.4425,2.5050483658559
425,13.45,0.926520991987487
425,13.4575,-0.451639495654442
425,13.465,-2.96001589491034
425,13.4725,1.3704726093708
425,13.48,-0.280434210155048
425,13.4875,-1.33760357870426
425,13.495,-2.60541238950365
425,13.5025,1.96472150600859
425,13.51,0.213261978864233
425,13.5175,-1.26192791550349
425,13.525,-3.12355752665218
425,13.5325,1.20860374581137
425,13.54,-0.514808849450938
425,13.5475,-1.72741630245699
425,13.555,-2.43153739965251
425,13.5625,2.33616696353109
425,13.57,-2.88676267328628
425,13.5775,1.71023026348034
425,13.585,0.627312226210241
425,13.5925,0.477632117543447
425,13.6,-1.35950392061794
425,13.6075,-2.94483862179551
425,13.615,-2.36660610408092
425,13.6225,2.43584795534166
425,13.63,2.86442274149009
425,13.6375,1.39582583084766
425,13.645,0.153999207939405
425,13.6525,-0.870290498087517
425,13.66,-2.05115218684017
425,13.6675,3.08666404817191
425,13.675,1.93392946275788
425,13.6825,0.76363503701729
425,13.69,-0.3186978482542
425,13.6975,-1.3238870382926
425,13.705,-2.11618365512582
425,13.7125,-2.98887460811865
425,13.72,2.53787471635741
425,13.7275,1.67432382520224
425,13.735,0.671638454133962
425,13.7425,-0.163857123291968
425,13.75,-1.1668205159569
425,13.7575,-2.12339212105093
425,13.765,-3.08109719378832
425,13.7725,2.1823884504191
425,13.78,1.29724715983996
425,13.7875,0.162896186054853
425,13.795,-0.929822321846699
425,13.8025,-1.82045318379067
425,13.81,-3.00314638149826
425,13.8175,2.23117767014514
425,13.825,1.4174399768058
425,13.8325,0.319536210576857
425,13.84,-0.696608915265418
425,13.8475,-1.6129549267417
425,13.855,-2.4646299044688
425,13.8625,3.11803795561194
425,13.87,2.32728510633977
425,13.8775,1.46208980166153
425,13.885,0.675753443071104
425,13.8925,-0.38148570704229
425,13.9,-1.44568935258488
425,13.9075,-2.28442319516036
425,13.915,2.85020759044624
425,13.9225,1.67334489496497
425,13.93,1.18577963072595
425,13.9375,0.253435345677148
425,13.945,-0.753030382745035
425,13.9525,-1.55941962545316
425,13.96,-2.61894819506883
425,13.9675,2.60864625905882
425,13.975,1.70015893128812
425,13.9825,1.1431525132011
425,13.99,0.121630620033996
425,13.9975,-0.906089829761871
425,14.005,-1.77110259755823
425,14.0125,-2.89751779499248
425,14.02,2.31362483413338
425,14.0275,1.2446889429036
425,14.035,0.200578365736341
425,14.0425,-0.808618338737025
425,14.05,-1.96340131959763
425,14.0575,-2.86030250470611
425,14.065,2.73420875877991
425,14.0725,1.92824963374898
425,14.08,1.3957781229278
425,14.0875,0.584963666650005
425,14.095,-0.310652110171254
425,14.1025,-1.18271955244834
425,14.11,-2.15442185916315
425,14.1175,-3.10318818322102
425,14.125,2.20327333567272
425,14.1325,1.21483570767418
425,14.14,0.216559312419215
425,14.1475,-0.801532086138867
425,14.155,-1.84529158733746
425,14.1625,-2.87899842112687
425,14.17,2.46741062498714
425,14.1775,1.49255613578839
425,14.185,0.664779631177058
425,14.1925,0.162367409418523
425,14.2,-0.627957013281502
425,14.2075,-1.5161711786466
425,14.215,-2.52299718957224
425,14.2225,2.64555105445007
425,14.23,1.57832887604942
425,14.2375,0.500614209087745
425,14.245,-0.57728318732841
425,14.2525,-1.47233842880512
425,14.26,-2.41834688051621
425,14.2675,2.89906400251026
425,14.275,2.13375087124497
425,14.2825,1.16385022482196
425,14.29,0.0686059245041872
425,14.2975,-0.881888754440948
425,14.305,-1.84674978842443
425,14.3125,-2.86447089790529
425,14.32,2.5568185315747
425,14.3275,1.63627510771137
425,14.335,0.674334999809782
425,14.3425,-0.225174318527118
425,14.35,-1.20275466244229
425,14.3575,-2.20620612792689
425,14.365,3.02882631761797
425,14.3725,1.93981023066912
425,14.38,0.97386251107932
425,14.3875,0.0339664524245809
425,14.395,-0.97770218800566
425,14.4025,-1.84148176032447
425,14.41,-2.59605507683695
425,14.4175,2.75248069240865
425,14.425,1.82165647162299
425,14.4325,0.987230758835238
425,14.44,-0.0494137409708312
425,14.4475,-1.16518455380607
425,14.455,-1.98695125037511
425,14.4625,-2.76704062306787
425,14.47,2.6041213205062
425,14.4775,1.8145630147054
425,14.485,0.93321468568831
425,14.4925,-0.067116597649399
425,14.5,-1.10859967671285
425,14.5075,-2.09065665697854
425,14.515,-3.14063137051533
425,14.5225,2.06225479200962
425,14.53,1.14489321821026
425,14.5375,0.281994928559822
425,14.545,-0.549140673104724
425,14.5525,-1.39005070967029
425,14.56,-2.27474848220757
425,14.5675,3.06392115548976
425,14.575,1.97582228358086
425,14.5825,0.906540357916503
425,14.59,-0.075750796539216
425,14.5975,-1.10246128588955
425,14.605,-2.12816551575054
425,14.6125,-2.99002360053309
425,14.62,2.43436035916359
425,14.6275,1.49286905465041
425,14.635,0.691516719045765
425,14.6425,-0.180125912184294
425,14.65,-1.21916942526358
425,14.6575,-2.25113972858219
425,14.665,3.03109281849554
425,14.6725,2.1877316989007
425,14.68,1.39730359504718
425,14.6875,0.660468830246555
425,14.695,-0.129877526067571
425,14.7025,-1.20233239269963
425,14.71,-2.24348669626804
425,14.7175,3.00265596881319
425,14.725,1.85817658239835
425,14.7325,0.735310795215338
425,14.74,-0.347442100243319
425,14.7475,-1.07878943078269
425,14.755,-1.38850027697739
425,14.7625,-2.13333590538344
425,14.77,-2.97180385601943
425,14.7775,2.25030272432442
425,14.785,1.15580921508631
425,14.7925,0.140558819034542
425,14.8,-0.857682375805805
425,14.8075,-1.89403400546447
425,14.815,-2.84645528299121
425,14.8225,2.66151739012488
425,14.83,1.71810670738836
425,14.8375,0.659456321586073
425,14.845,-0.386902987252389
425,14.8525,-1.50322073867003
425,14.86,-2.62873302104338
425,14.8675,2.65478623532937
425,14.875,1.78177809502029
425,14.8825,1.02853577096789
425,14.89,0.432678319485347
425,14.8975,-0.352773329806523
425,14.905,-1.3233134023
425,14.9125,-2.38659293140695
425,14.92,2.70715145329037
425,14.9275,1.5522054948707
425,14.935,0.543386124528351
425,14.9425,-0.480086060234424
425,14.95,-1.28204951973538
425,14.9575,-1.66034098170349
425,14.965,-2.43865430043103
425,14.9725,2.9267684885108
425,14.98,2.10216539894181
425,14.9875,1.04853494879453
425,14.995,-0.0262950672913855
425,15.0025,-1.03222418474769
425,15.01,-1.8772959338462
425,15.0175,-2.58280934803436
425,15.025,2.8532049121807
425,15.0325,1.96743804782641
425,15.04,0.985204680260604
425,15.0475,-0.101482044951658
425,15.055,-1.25074892218495
425,15.0625,-2.28137837807231
425,15.07,3.0515278501817
425,15.0775,1.92042936531457
425,15.085,0.93775163767579
425,15.0925,0.242387436342921
425,15.1,-0.787716810692073
425,15.1075,-1.56962166787295
425,15.115,-2.38163738937999
425,15.1225,2.74192316807527
425,15.13,1.69529609428296
425,15.1375,0.687176893875594
425,15.145,-0.400286787581326
425,15.1525,-1.25526985247668
425,15.16,-1.9486705482697
425,15.1675,-2.79802594766055
425,15.175,2.74613866306771
425,15.1825,1.78570967890312
425,15.19,0.713287968029116
425,15.1975,-0.238995023239506
425,15.205,-1.29112079443778
425,15.2125,-2.5304056391443
425,15.22,2.64931513346072
425,15.2275,2.51269573124502
425,15.235,2.10988875873771
425,15.2425,1.34867133619718
425,15.25,0.406970225763007
425,15.2575,-0.630860975087457
425,15.265,-1.70120475991656
425,15.2725,-2.73316976351945
425,15.28,2.58328753051777
425,15.2875,1.61689180699064
425,15.295,0.789519505756381
425,15.3025,0.166546702237881
425,15.31,-0.689062734988402
425,15.3175,-1.75772235526918
425,15.325,-2.77693825948289
425,15.3325,2.47130038915643
425,15.34,1.39749558052414
425,15.3475,0.488265773661698
425,15.355,-0.46719723068672
425,15.3625,-1.37676844892832
425,15.37,-2.17651860944725
425,15.3775,-3.07637125895346
425,15.385,2.22788997422914
425,15.3925,1.11360071590831
425,15.4,0.0199988989712543
425,15.4075,-1.0985165871102
425,15.415,-2.26460831480082
425,15.4225,3.02992164623964
425,15.43,2.40640651499962
425,15.4375,2.04346386914728
425,15.445,1.31084064618515
425,15.4525,0.389486043778031
425,15.46,-0.668692079303534
425,15.4675,-1.74987086949082
425,15.475,-2.67775889768877
425,15.4825,2.6549896700409
425,15.49,1.7104331099195
425,15.4975,0.994967072978757
425,15.505,0.0558907828379091
425,15.5125,-0.911070315369989
425,15.52,-1.86162086450383
425,15.5275,-2.94530550793267
425,15.535,2.32378554500062
425,15.5425,1.34501716736009
425,15.55,0.416361019833371
425,15.5575,-0.424097167203604
425,15.565,-1.30422519996036
425,15.5725,-2.24440265153603
425,15.58,3.03643183191216
425,15.5875,2.00344996989806
425,15.595,0.915928320395698
425,15.6025,-0.179856590578069
425,15.61,-1.23417371277978
425,15.6175,-2.22268797219152
425,15.625,-3.02933079060565
425,15.6325,2.54643389919165
425,15.64,1.70458896511283
425,15.6475,0.805088269296496
425,15.655,-0.236366626481771
425,15.6625,-1.36067053475156
425,15.67,-2.34812356172338
425,15.6775,3.01429810348921
425,15.685,2.04019751262777
425,15.6925,1.37415173702433
425,15.7,0.593269314083563
425,15.7075,-0.345424846480506
425,15.715,-1.22299520853987
425,15.7225,-2.25863226545534
425,15.73,2.93912666494972
425,15.7375,1.90035758248697
425,15.745,0.890547801250008
425,15.7525,0.00935967954965707
425,15.76,-0.976914290311864
425,15.7675,-1.86831096991596
425,15.775,-2.44655280482649
425,15.7825,2.9362084320323
425,15.79,2.11788457591438
425,15.7975,1.16480326807585
425,15.805,0.148264996100982
425,15.8125,-0.791302354722188
425,15.82,-1.73354769611409
425,15.8275,-2.67432194869225
425,15.835,2.60104377741139
425,15.8425,1.57728361815914
425,15.85,0.557377079666207
425,15.8575,-0.456423888008099
425,15.865,-1.42126385644573
425,15.8725,-2.39798449178045
425,15.88,2.81924597207367
425,15.8875,1.83197663962025
425,15.895,1.06855456792982
425,15.9025,0.28955632811471
425,15.91,-0.432340706132417
425,15.9175,-1.29433811869348
425,15.925,-2.33527347509466
425,15.9325,2.85897767590826
425,15.94,1.79266437419181
425,15.9475,0.692275867218108
425,15.955,-0.429516402337323
425,15.9625,-1.48759962793006
425,15.97,-2.36276376206072
425,15.9775,-3.02663132545637
425,15.985,2.58034183386954
425,15.9925,1.91703503681424
425,16,0.934736298988512
435,4,1.12228896741555
435,4.0075,0.274968995442223
435,4.015,-0.925046403236905
435,4.0225,-1.92202568146035
435,4.03,-2.57889319790967
435,4.0375,2.87579715826521
435,4.045,2.39224803635164
435,4.0525,1.40947040641823
435,4.06,0.222728188074607
435,4.0675,-0.879078221554587
435,4.075,-1.99278858617269
435,4.0825,3.10496128177556
435,4.09,2.63145433832814
435,4.0975,1.82405572031217
435,4.105,1.14435270540043
435,4.1125,0.603975396974021
435,4.12,-0.551746725593678
435,4.1275,-1.58826458093348
435,4.135,-2.433402869347
435,4.1425,2.81906705686135
435,4.15,1.66963647130392
435,4.1575,0.822334351782038
435,4.165,0.0362791434709926
435,4.1725,-0.987061222560966
435,4.18,-1.79244511853051
435,4.1875,-2.46483268506014
435,4.195,2.83690826475581
435,4.2025,1.85027297292677
435,4.21,1.13544145012924
435,4.2175,0.164096237624026
435,4.225,-0.837437614069962
435,4.2325,-1.71910604709878
435,4.24,-2.79806251329039
435,4.2475,2.3892019782705
435,4.255,1.25121478313644
435,4.2625,0.140934437773306
435,4.27,-0.832147270801385
435,4.2775,-1.88064756964411
435,4.285,-2.81615958927522
435,4.2925,2.90370930399083
435,4.3,2.11571267901589
435,4.3075,1.21240069180757
435,4.315,0.27661588283568
435,4.3225,-0.777782942617518
435,4.33,-1.90295680784473
435,4.3375,-2.88743231869334
435,4.345,2.4329437288099
435,4.3525,1.44503969897086
435,4.36,0.649457539338499
435,4.3675,-0.34227878947013
435,4.375,-1.36608499793541
435,4.3825,-2.34456552343481
435,4.39,2.88090625303116
435,4.3975,1.8766031294625
435,4.405,0.914035902381153
435,4.4125,-0.0573353352638993
435,4.42,-1.04238931754429
435,4.4275,-1.94941099578233
435,4.435,-2.8277120112282
435,4.4425,2.54047198991212
435,4.45,1.67949045989114
435,4.4575,0.781011008096572
435,4.465,-0.135132309056471
435,4.4725,-1.04208633076201
435,4.48,-2.03275382255721
435,4.4875,-3.04168821168891
435,4.495,2.28433735904655
435,4.5025,1.34277451603497
435,4.51,0.437013364013955
435,4.5175,-0.495680536203343
435,4.525,-1.50685902244017
435,4.5325,-2.54237521553731
435,4.54,2.73931402893431
435,4.5475,1.73976619351101
435,4.555,0.72784894817128
435,4.5625,-0.192313140674696
435,4.57,-1.02107937935116
435,4.5775,-1.8829541696341
435,4.585,-2.79838111325652
435,4.5925,2.54479165690034
435,4.6,1.47500359085596
435,4.6075,0.38042461746428
435,4.615,-0.654008031975618
435,4.6225,-1.64851199509564
435,4.63,-2.54944864897598
435,4.6375,2.89871875822304
435,4.645,2.21575794766344
435,4.6525,1.36415548093206
435,4.66,0.452967062550617
435,4.6675,-0.499035614583723
435,4.675,-1.53032078349668
435,4.6825,-2.41979605550648
435,4.69,2.91423565750933
435,4.6975,1.93782516169566
435,4.705,0.992279526116536
435,4.7125,-0.0368668442365495
435,4.72,-1.10898601939202
435,4.7275,-2.09953999422184
435,4.735,-3.07964642069469
435,4.7425,2.22603157610174
435,4.75,1.45561883711929
435,4.7575,0.491311335693634
435,4.765,-0.379578158010729
435,4.7725,-1.14712267937579
435,4.78,-2.16200311011342
435,4.7875,-3.07098931016754
435,4.795,2.26406012450206
435,4.8025,1.25514669634134
435,4.81,0.244948084838065
435,4.8175,-0.740799979480591
435,4.825,-1.75141116937584
435,4.8325,-2.46528028095036
435,4.84,-3.1346656049515
435,4.8475,2.36072946785114
435,4.855,1.51733519422037
435,4.8625,0.460060289343249
435,4.87,-0.562341456566546
435,4.8775,-1.54182071659059
435,4.885,-2.52852098356879
435,4.8925,2.78738667916615
435,4.9,2.06073545101672
435,4.9075,1.22554536096925
435,4.915,0.250648130377605
435,4.9225,-0.657533213901982
435,4.93,-1.70976313803472
435,4.9375,-2.82152487454935
435,4.945,2.48649378277723
435,4.9525,1.59114429815621
435,4.96,0.584558993346108
435,4.9675,-0.297114945793647
435,4.975,-1.03314186076109
435,4.9825,-2.03535187614244
435,4.99,-2.92223780550345
435,4.9975,2.470739146535
435,5.005,1.458921690342
435,5.0125,0.527501987485868
435,5.02,-0.395261339335698
435,5.0275,-1.29530912708598
435,5.035,-2.21110417048144
435,5.0425,-3.04108365386215
435,5.05,2.39848336950894
435,5.0575,1.41275751254069
435,5.065,0.487189469824816
435,5.0725,-0.399274894444667
435,5.08,-1.4553564147541
435,5.0875,-2.46624179938269
435,5.095,2.99606661661464
435,5.1025,2.06812815863458
435,5.11,1.21282503782526
435,5.1175,0.363171266949182
435,5.125,-0.660329384320451
435,5.1325,-1.72536774650788
435,5.14,-2.74879702867175
435,5.1475,2.52074883085632
435,5.155,1.49783047866389
435,5.1625,0.543895715185995
435,5.17,-0.284498978133995
435,5.1775,-1.16069361965629
435,5.185,-2.10164774625482
435,5.1925,-3.03987986820023
435,5.2,2.23366691759588
435,5.2075,1.19301881412861
435,5.215,0.180726147548204
435,5.2225,-0.801909072590289
435,5.23,-1.72022147368745
435,5.2375,-2.65693892500618
435,5.245,2.67530067535723
435,5.2525,1.78083936231841
435,5.26,0.771649720029736
435,5.2675,-0.236843503657464
435,5.275,-1.18444878164936
435,5.2825,-2.21673315873385
435,5.29,3.09612745472207
435,5.2975,2.0756123177506
435,5.305,0.997668984172202
435,5.3125,0.12179955697314
435,5.32,-0.718999530025535
435,5.3275,-1.65412439684329
435,5.335,-2.60371553743859
435,5.3425,2.74702524065062
435,5.35,1.8185794218949
435,5.3575,0.862885252725753
435,5.365,-0.103322112072041
435,5.3725,-1.06841706047707
435,5.38,-1.96013874455703
435,5.3875,-2.93886929277398
435,5.395,2.42548266515896
435,5.4025,1.51331847587271
435,5.41,0.340804177621343
435,5.4175,-0.73334409132117
435,5.425,-1.66805206465647
435,5.4325,-2.79639323701182
435,5.44,2.51321361744494
435,5.4475,1.81955560991258
435,5.455,0.723381279245711
435,5.4625,-0.11102879093783
435,5.47,-0.771266274343366
435,5.4775,-1.93247768397832
435,5.485,-3.01621931715038
435,5.4925,2.18670566941813
435,5.5,0.93528141930329
435,5.5075,-0.192305241465178
435,5.515,-1.01387312788467
435,5.5225,-1.92125472515455
435,5.53,-2.41650315100605
435,5.5375,-2.83663878936147
435,5.545,2.45149806106169
435,5.5525,1.42857588153345
435,5.56,0.165173249351706
435,5.5675,-1.14368875214818
435,5.575,-2.13969214239388
435,5.5825,2.76606707661802
435,5.59,0.853578280108434
435,5.5975,2.23273619181075
435,5.605,0.227576624599144
435,5.6125,-2.25907516719749
435,5.62,-0.237959550900101
435,5.6275,-2.49235194333382
435,5.635,1.31375271939699
435,5.6425,-0.457506384494941
435,5.65,-1.74239483432248
435,5.6575,-2.8718428238069
435,5.665,2.08764496886839
435,5.6725,0.773486358422925
435,5.68,-0.104825834022638
435,5.6875,-0.57257060271082
435,5.695,-1.24855965966179
435,5.7025,-2.19079326501036
435,5.71,3.12560223597701
435,5.7175,1.97262665053294
435,5.725,0.738996452859154
435,5.7325,-0.418781578274017
435,5.74,-1.56376710206652
435,5.7475,-2.75747989144568
435,5.755,2.36406845318036
435,5.7625,1.48823748065896
435,5.77,0.824214442904861
435,5.7775,0.0215277786978977
435,5.785,-0.840740578564431
435,5.7925,-1.80122167039489
435,5.8,-2.77815739586496
435,5.8075,2.40075510155804
435,5.815,1.52987431559969
435,5.8225,0.822532444549352
435,5.83,-0.200222171093487
435,5.8375,-0.948462027849654
435,5.845,-1.63818897411992
435,5.8525,-2.41957715556887
435,5.86,2.83521870505363
435,5.8675,1.75511841515415
435,5.875,0.639504406758508
435,5.8825,-0.549175765401853
435,5.89,-1.52352904859316
435,5.8975,-2.57635247482804
435,5.905,2.61968705426706
435,5.9125,2.07976535042925
435,5.92,1.09266188696277
435,5.9275,0.126662730299743
435,5.935,-0.503434861473224
435,5.9425,-1.5808323507739
435,5.95,-2.66399608465131
435,5.9575,2.89771876654126
435,5.965,1.89993268941462
435,5.9725,0.858152289067066
435,5.98,-0.0193207894186567
435,5.9875,-1.13454043496354
435,5.995,-2.30904967397957
435,6.0025,2.89688657063573
435,6.01,1.85768410496507
435,6.0175,0.87011481353094
435,6.025,-0.115043764247784
435,6.0325,-1.18507320848031
435,6.04,-1.9387934623071
435,6.0475,-2.46253283652486
435,6.055,2.91130887148934
435,6.0625,2.13577779515397
435,6.07,1.08654549889368
435,6.0775,-0.0927170494131473
435,6.085,-1.05432606437926
435,6.0925,-2.01505256661486
435,6.1,-3.09464560151639
435,6.1075,2.11438165250646
435,6.115,1.02368530819586
435,6.1225,0.0730004599727477
435,6.13,-0.794888488399125
435,6.1375,-1.70930841095743
435,6.145,-2.63133806561286
435,6.1525,2.62609696625065
435,6.16,1.69335251443671
435,6.1675,0.821674400625394
435,6.175,0.268920162180332
435,6.1825,-0.426181715870848
435,6.19,-1.39302858091479
435,6.1975,-2.41360367006659
435,6.205,2.91999888895124
435,6.2125,1.91681265328056
435,6.22,0.686624144622494
435,6.2275,-0.405552892369483
435,6.235,-1.25001209871404
435,6.2425,-2.27290207754128
435,6.25,-3.0846700533743
435,6.2575,2.4505048746861
435,6.265,1.46140848387227
435,6.2725,0.650319733102841
435,6.28,-0.187979652234745
435,6.2875,-1.16786164603491
435,6.295,-2.28369970848234
435,6.3025,2.76639927252992
435,6.31,1.87164240572569
435,6.3175,1.71965465789896
435,6.325,0.833853282522353
435,6.3325,0.00855431232049616
435,6.34,-1.07494098120124
435,6.3475,-2.37703337717895
435,6.355,2.72928591693365
435,6.3625,1.72630636761285
435,6.37,0.699461632161884
435,6.3775,-0.296262464970966
435,6.385,-0.265135085840819
435,6.3925,-0.643513400389617
435,6.4,-1.70596672250345
435,6.4075,-2.82056394654407
435,6.415,2.33755999665627
435,6.4225,1.18738813997172
435,6.43,0.217582481715286
435,6.4375,-0.555292480513312
435,6.445,-1.38952905175637
435,6.4525,-2.20064821307181
435,6.46,2.96386071520276
435,6.4675,1.75653224871642
435,6.475,0.724219428866122
435,6.4825,-0.24401737950443
435,6.49,-1.14963471214847
435,6.4975,-1.98205136177367
435,6.505,-2.88658565445356
435,6.5125,2.72751179516731
435,6.52,1.76221557995991
435,6.5275,0.691049934971247
435,6.535,-0.158375750968264
435,6.5425,-1.21490604832095
435,6.55,-2.17950349920355
435,6.5575,-3.06073147808447
435,6.565,2.20463375773966
435,6.5725,1.26678835885955
435,6.58,0.311488610063
435,6.5875,-0.587606577421649
435,6.595,-1.4012935876327
435,6.6025,-2.41811652797906
435,6.61,2.82562765755934
435,6.6175,1.87172057968569
435,6.625,0.858254001019872
435,6.6325,-0.262126002271591
435,6.64,-1.00762125193877
435,6.6475,-1.84796297571878
435,6.655,-2.92064002248228
435,6.6625,3.0138191083027
435,6.67,1.92057621387523
435,6.6775,0.868847436377299
435,6.685,-0.158018595397133
435,6.6925,-1.476998996533
435,6.7,-2.4288050983772
435,6.7075,-3.05297777577087
435,6.715,2.32510097972881
435,6.7225,1.89327581766752
435,6.73,0.829569757132263
435,6.7375,-0.315516413216063
435,6.745,-1.33342127153218
435,6.7525,-2.3815024188547
435,6.76,2.84167626355461
435,6.7675,1.8992633085899
435,6.775,0.919094799789246
435,6.7825,-0.0714031071696621
435,6.79,-0.913160762053703
435,6.7975,-1.96632579057808
435,6.805,-3.09197920232534
435,6.8125,2.32020860554228
435,6.82,1.26641896461899
435,6.8275,0.0948532635003542
435,6.835,-0.852731965343505
435,6.8425,-1.84168261143607
435,6.85,-2.60008470929037
435,6.8575,3.13716173626584
435,6.865,2.33285281349871
435,6.8725,1.40089989527724
435,6.88,0.30664913835527
435,6.8875,-0.794483974239933
435,6.895,-1.8748347737744
435,6.9025,-2.85682363282612
435,6.91,2.34266830657998
435,6.9175,1.29502951057748
435,6.925,0.534161797600996
435,6.9325,-0.452456821353756
435,6.94,-1.46259166887642
435,6.9475,-2.26990946823052
435,6.955,3.11254301418634
435,6.9625,2.15381774591688
435,6.97,1.19652762144674
435,6.9775,0.549956355333227
435,6.985,-0.302624240624855
435,6.9925,-1.45587294838501
435,7,-2.35573283435423
435,7.0075,3.06904661805425
435,7.015,1.85627223767597
435,7.0225,0.619886107070092
435,7.03,-0.222801595353427
435,7.0375,-1.05548566231533
435,7.045,-2.25556295019027
435,7.0525,-3.03059249350786
435,7.06,2.65274558282584
435,7.0675,1.60404296823001
435,7.075,0.758177514818595
435,7.0825,-0.0304525720940885
435,7.09,-0.957671160634299
435,7.0975,-2.08113935048853
435,7.105,3.03664931440886
435,7.1125,2.20653718585246
435,7.12,1.32919234648213
435,7.1275,0.133414111200652
435,7.135,-0.820077411360581
435,7.1425,-1.63158544059643
435,7.15,-2.81186989414381
435,7.1575,2.42616270400653
435,7.165,1.54103514838645
435,7.1725,0.269349260474862
435,7.18,-1.11890792037251
435,7.1875,1.01533072757739
435,7.195,-0.0216101675397346
435,7.2025,-1.17426544438503
435,7.21,-2.42556517174255
435,7.2175,2.81570362017926
435,7.225,1.84153747977835
435,7.2325,0.576246915905807
435,7.24,-0.527307436472585
435,7.2475,-1.45079708054433
435,7.255,-2.64963821791163
435,7.2625,-3.07989456529647
435,7.27,2.41260859642873
435,7.2775,1.81276671302703
435,7.285,0.875980640266554
435,7.2925,-0.275180418732501
435,7.3,-1.07900927107908
435,7.3075,-2.10576169933682
435,7.315,-2.9893774012804
435,7.3225,2.22868077263695
435,7.33,1.1417925893415
435,7.3375,0.169310753387898
435,7.345,-1.04567073176688
435,7.3525,-2.1881440938048
435,7.36,3.00100463506545
435,7.3675,1.94616112831375
435,7.375,0.995722457093907
435,7.3825,-0.386628809805579
435,7.39,-0.76658593527137
435,7.3975,-1.25147752250064
435,7.405,-2.29801442528787
435,7.4125,-2.26290115491348
435,7.42,2.76672428607563
435,7.4275,1.91197822321729
435,7.435,0.766161762294085
435,7.4425,-0.198066391006814
435,7.45,-1.14291357611681
435,7.4575,-2.43693148688389
435,7.465,2.79048481982226
435,7.4725,2.21114885251087
435,7.48,1.02258621544156
435,7.4875,-0.334438108567996
435,7.495,-0.853939102231938
435,7.5025,-1.67643324533529
435,7.51,-2.89698989248208
435,7.5175,-2.34249280738632
435,7.525,2.6406871891651
435,7.5325,1.69819686070201
435,7.54,0.768047866241753
435,7.5475,-0.38480011673825
435,7.555,-1.43931975731661
435,7.5625,-2.62520673479493
435,7.57,2.51055225301695
435,7.5775,1.52166454495721
435,7.585,0.43112672029445
435,7.5925,-0.514733432784867
435,7.6,-1.31422062565634
435,7.6075,-2.32737986981063
435,7.615,3.03419606419184
435,7.6225,2.24549428368147
435,7.63,1.41804368046184
435,7.6375,0.887416178593455
435,7.645,0.0581200178630838
435,7.6525,-1.03939233476446
435,7.66,-1.89822238935438
435,7.6675,-2.8372986956682
435,7.675,2.22653989555906
435,7.6825,1.10367641553193
435,7.69,0.209277700053773
435,7.6975,-0.911661929284721
435,7.705,-2.06607517370769
435,7.7125,-2.75284747129736
435,7.72,2.8511970536968
435,7.7275,2.0999445443305
435,7.735,1.23742374696564
435,7.7425,0.333826008158415
435,7.75,-0.613563427345638
435,7.7575,-1.722536153993
435,7.765,-2.70730060513851
435,7.7725,2.68165464720956
435,7.78,1.65635946757589
435,7.7875,0.61260585021103
435,7.795,-0.24328301078983
435,7.8025,-1.21092857227401
435,7.81,-2.34841756361432
435,7.8175,3.02375418311963
435,7.825,1.9970642738364
435,7.8325,0.851434842464338
435,7.84,-0.00825373204308337
435,7.8475,-1.06755115479979
435,7.855,-2.1866240546105
435,7.8625,-2.81272618021884
435,7.87,2.53851488806754
435,7.8775,1.75086692965707
435,7.885,1.18468747688614
435,7.8925,0.0374809855609524
435,7.9,-0.959959872016661
435,7.9075,-1.82554202470742
435,7.915,-2.86665213175299
435,7.9225,2.34955100310354
435,7.93,1.48474270113228
435,7.9375,0.356012229719969
435,7.945,-0.663578784177408
435,7.9525,-1.19538532128378
435,7.96,-2.56808253115801
435,7.9675,-2.85280744565759
435,7.975,2.65778319584032
435,7.9825,1.41991332435473
435,7.99,1.48317259214291
435,7.9975,0.135783713596831
435,8.005,-1.00011076689551
435,8.0125,-1.81070766228058
435,8.02,-2.90722121672027
435,8.0275,2.21562897349029
435,8.035,1.13618202194791
435,8.0425,0.21768489267716
435,8.05,-0.841492992583523
435,8.0575,-1.81394432985259
435,8.065,-2.59188113082978
435,8.0725,2.63015099081789
435,8.08,1.91064197558683
435,8.0875,0.933920793801128
435,8.095,-0.0399277639779875
435,8.1025,-0.778237522621576
435,8.11,-1.90105865571885
435,8.1175,-2.71996583082744
435,8.125,2.63495255067953
435,8.1325,1.57608139713823
435,8.14,0.698216395938091
435,8.1475,-0.355919740521281
435,8.155,-1.34826267961817
435,8.1625,-2.3356703054823
435,8.17,2.93054288787031
435,8.1775,2.04639154363472
435,8.185,1.0755340891925
435,8.1925,0.370702374661533
435,8.2,-0.462462430158023
435,8.2075,-1.44312968255796
435,8.215,-2.22084970414143
435,8.2225,3.04513258562645
435,8.23,2.01562066560341
435,8.2375,1.13223134797116
435,8.245,0.114358521448724
435,8.2525,-0.972193791931342
435,8.26,-1.9313498531466
435,8.2675,-2.85264469618237
435,8.275,2.45267550281929
435,8.2825,1.53974085678975
435,8.29,0.609653700246621
435,8.2975,-0.311781874386772
435,8.305,-1.23483588383026
435,8.3125,-2.15963443468561
435,8.32,-2.97319403551593
435,8.3275,2.38022179677489
435,8.335,1.45224078109099
435,8.3425,0.508861243781826
435,8.35,-0.466616949204771
435,8.3575,-1.41924685583898
435,8.365,-2.49130152804709
435,8.3725,2.75513044634034
435,8.38,1.79244039222505
435,8.3875,0.718373549271429
435,8.395,-0.29662559706265
435,8.4025,-1.07938417635653
435,8.41,-1.98853790641732
435,8.4175,-2.82138031808726
435,8.425,2.72698765894356
435,8.4325,1.68089620348839
435,8.44,0.709115324039952
435,8.4475,-0.246071585794008
435,8.455,-1.26669933625474
435,8.4625,-2.1862442705688
435,8.47,-3.11993879995468
435,8.4775,2.19729947662577
435,8.485,1.16823127879063
435,8.4925,0.150550374987758
435,8.5,-0.848048760429833
435,8.5075,-1.90463284088961
435,8.515,-2.82021042737915
435,8.5225,2.54194181407456
435,8.53,1.55470183411249
435,8.5375,0.809174804568615
435,8.545,-0.111463211807534
435,8.5525,-1.07525223918169
435,8.56,-1.89056715943518
435,8.5675,-2.92957682384302
435,8.575,2.30683312588107
435,8.5825,1.41650699634947
435,8.59,0.379749464942756
435,8.5975,-0.666974661231237
435,8.605,-1.59037177777701
435,8.6125,-2.59651141790688
435,8.62,2.66175515844053
435,8.6275,1.79665979239546
435,8.635,0.873563672904144
435,8.6425,-0.140609272638373
435,8.65,-0.980793531065766
435,8.6575,-1.87408918885872
435,8.665,-2.85821421247812
435,8.6725,2.54067705819603
435,8.68,1.57361949369958
435,8.6875,0.561703558735757
435,8.695,-0.279019285666509
435,8.7025,-1.26706504253717
435,8.71,-2.3029927106857
435,8.7175,3.11878703504424
435,8.725,2.01953583692419
435,8.7325,0.952331704234412
435,8.74,0.112999480274968
435,8.7475,-0.98761942808231
435,8.755,-1.99586632684214
435,8.7625,-2.81821550671919
435,8.77,2.48759334576219
435,8.7775,1.62241837019279
435,8.785,0.872886249652192
435,8.7925,-0.0794511494639241
435,8.8,-1.02156052528486
435,8.8075,-1.92481391668478
435,8.815,-2.98737116299617
435,8.8225,2.36747091839202
435,8.83,1.40232980287557
435,8.8375,0.312263108884529
435,8.845,-0.606393895940696
435,8.8525,-1.59285751077075
435,8.86,-2.72820953161138
435,8.8675,2.66445746554942
435,8.875,1.9045455105425
435,8.8825,0.915556770407815
435,8.89,0.379838137719176
435,8.8975,-0.333013365042182
435,8.905,-1.36837046259824
435,8.9125,-2.25708286644111
435,8.92,3.05147576772923
435,8.9275,1.9337909723593
435,8.935,0.826057587440967
435,8.9425,0.0155401392256768
435,8.95,-0.849786433238204
435,8.9575,-1.87660022254336
435,8.965,-2.55452606145237
435,8.9725,2.81616584690596
435,8.98,1.67364410510841
435,8.9875,0.755291977426909
435,8.995,-0.056023414761713
435,9.0025,-1.03533387949504
435,9.01,-1.81344101209043
435,9.0175,-2.3363598120571
435,9.025,2.98287361567017
435,9.0325,1.98228017030031
435,9.04,1.05191235494654
435,9.0475,-0.0173395263778624
435,9.055,-1.08576550782761
435,9.0625,-1.99594601320097
435,9.07,-2.94330657024002
435,9.0775,2.30325055418354
435,9.085,1.46378769749166
435,9.0925,0.584779633684437
435,9.1,-0.373525111143437
435,9.1075,-1.06941042354317
435,9.115,-2.02881435549273
435,9.1225,-2.88515638982892
435,9.13,2.63842374946456
435,9.1375,1.66696347736249
435,9.145,0.793506386911864
435,9.1525,-0.213381592936152
435,9.16,-1.34144321928436
435,9.1675,-2.32375618098362
435,9.175,2.92849565042553
435,9.1825,1.75066222240367
435,9.19,0.790865063611343
435,9.1975,-0.0981284757141274
435,9.205,-1.14812921115481
435,9.2125,-1.77670985367385
435,9.22,-2.58332498744291
435,9.2275,2.76678694857102
435,9.235,1.9757706370384
435,9.2425,0.94508132056609
435,9.25,-0.0492199969478399
435,9.2575,-1.05824243258479
435,9.265,-2.17010180435147
435,9.2725,-3.09271549694835
435,9.28,2.15986102820524
435,9.2875,1.1054551117633
435,9.295,0.341120925896642
435,9.3025,-0.642006627281681
435,9.31,-1.61595756483241
435,9.3175,-2.51876921338904
435,9.325,2.82795240708754
435,9.3325,1.84222831421247
435,9.34,0.839188107662446
435,9.3475,0.0477367426758778
435,9.355,-0.897943769215253
435,9.3625,-1.83722063307455
435,9.37,-2.58977406485931
435,9.3775,2.7463655393192
435,9.385,1.72425069896985
435,9.3925,0.738627724569416
435,9.4,-0.215970215141249
435,9.4075,-1.23069027818192
435,9.415,-2.24886842356251
435,9.4225,3.09582910662394
435,9.43,2.05726144004648
435,9.4375,1.09062876970896
435,9.445,0.239567229195737
435,9.4525,-0.67723590522935
435,9.46,-1.43861217501483
435,9.4675,-2.32687201268937
435,9.475,3.03292667879324
435,9.4825,2.19075553093436
435,9.49,1.17339980072309
435,9.4975,0.106618449836681
435,9.505,-0.831407270807467
435,9.5125,-1.84789528938655
435,9.52,-2.99231745784475
435,9.5275,2.2774855925652
435,9.535,1.32320573676551
435,9.5425,0.248218430244349
435,9.55,-0.75334097948374
435,9.5575,-1.50786786031716
435,9.565,-2.28441345672266
435,9.5725,-3.07226418542576
435,9.58,2.49922278016817
435,9.5875,1.57412283153817
435,9.595,0.477058289730515
435,9.6025,-0.594635675109284
435,9.61,-1.54708052862699
435,9.6175,-2.58694038074146
435,9.625,2.64405958375031
435,9.6325,1.79876487491347
435,9.64,0.793106525311383
435,9.6475,-0.249370198009989
435,9.655,-0.993481117966054
435,9.6625,-1.76847702595983
435,9.67,-2.5577071386029
435,9.6775,2.92993315425002
435,9.685,2.30393779707753
435,9.6925,1.42870242134328
435,9.7,0.466788488282147
435,9.7075,-0.417395978140462
435,9.715,-1.50702518661781
435,9.7225,-2.47677339879052
435,9.73,2.87284298102902
435,9.7375,1.80187719272476
435,9.745,0.940125070667645
435,9.7525,0.00728553907055739
435,9.76,-0.944731844254235
435,9.7675,-1.76325688619751
435,9.775,-2.61044011903182
435,9.7825,2.71122373979975
435,9.79,1.85409595729776
435,9.7975,1.00963338415008
435,9.805,0.0353884904993096
435,9.8125,-0.804164758323016
435,9.82,-1.75968828821352
435,9.8275,-2.6964696969238
435,9.835,2.62740695871479
435,9.8425,1.56734782035015
435,9.85,0.676827922666095
435,9.8575,-0.3569806708329
435,9.865,-1.40513670502302
435,9.8725,-2.15938240362546
435,9.88,-3.10188966740755
435,9.8875,2.34709048058708
435,9.895,1.60616194418763
435,9.9025,0.688892134649932
435,9.91,-0.29738034848629
435,9.9175,-1.30316481195781
435,9.925,-2.27347803088237
435,9.9325,2.99028756713094
435,9.94,1.99927756637751
435,9.9475,1.02328637338734
435,9.955,0.0639000838075598
435,9.9625,-0.873794477250698
435,9.97,-1.91533029631138
435,9.9775,-2.80916018564237
435,9.985,2.53401860407945
435,9.9925,1.49925080187791
435,10,0.640758749204425
435,10.0075,-0.283686752543162
435,10.015,-1.26066690085747
435,10.0225,-2.19247309823534
435,10.03,3.12637718487286
435,10.0375,2.15528705651249
435,10.045,1.20182874917345
435,10.0525,0.233605872944644
435,10.06,-0.769958632350904
435,10.0675,-1.75112530099245
435,10.075,-2.75156265306398
435,10.0825,2.52023710687157
435,10.09,1.61938337279354
435,10.0975,0.657842037500044
435,10.105,-0.346939825586163
435,10.1125,-1.25384685467252
435,10.12,-2.23482269563337
435,10.1275,3.05808134342144
435,10.135,2.12040526187596
435,10.1425,1.19790853208113
435,10.15,0.29333435157163
435,10.1575,-0.669106977213208
435,10.165,-1.57492270166278
435,10.1725,-2.49198591285125
435,10.18,2.75477935545442
435,10.1875,1.75244229840907
435,10.195,0.819029184097192
435,10.2025,-0.178399672047429
435,10.21,-1.18065584599427
435,10.2175,-2.08251360151498
435,10.225,-3.02750693488765
435,10.2325,2.26073439926417
435,10.24,1.33898982637108
435,10.2475,0.443912173589223
435,10.255,-0.50237292928352
435,10.2625,-1.45329881499787
435,10.27,-2.36329916771321
435,10.2775,2.92962279778213
435,10.285,1.95659818142961
435,10.2925,1.05317182771688
435,10.3,0.0457756407249111
435,10.3075,-0.928272837791215
435,10.315,-1.92004488353481
435,10.3225,-2.9603630548528
435,10.33,2.33897818753919
435,10.3375,1.34011153188946
435,10.345,0.373424995103917
435,10.3525,-0.568905008130834
435,10.36,-1.50658849360247
435,10.3675,-2.40140321337742
435,10.375,2.97838490856604
435,10.3825,2.05634749080945
435,10.39,1.12987010692766
435,10.3975,0.178737051166856
435,10.405,-0.815084929067323
435,10.4125,-1.75563774855033
435,10.42,-2.69910434547012
435,10.4275,2.60534021457212
435,10.435,1.66526415757471
435,10.4425,0.743821553120534
435,10.45,-0.188072299920486
435,10.4575,-1.12810397476284
435,10.465,-2.05816385921911
435,10.4725,-2.97857337680105
435,10.48,2.3536158348153
435,10.4875,1.34663615685959
435,10.495,0.45973594146363
435,10.5025,-0.413622349963382
435,10.51,-1.38657244562753
435,10.5175,-2.14636503653114
435,10.525,-3.03372851487416
435,10.5325,2.2135608158306
435,10.54,1.30317528815044
435,10.5475,0.373971161536158
435,10.555,-0.65650351536462
435,10.5625,-1.58910172939916
435,10.57,-2.47173462587544
435,10.5775,2.81758411182515
435,10.585,1.87052040342811
435,10.5925,0.934082843985303
435,10.6,0.0335755249351681
435,10.6075,-0.908583201706021
435,10.615,-1.87090089062324
435,10.6225,-2.5695982418507
435,10.63,2.79119312592158
435,10.6375,1.79431246620685
435,10.645,0.960765950551772
435,10.6525,-0.0422734974073833
435,10.66,-1.16261267087676
435,10.6675,-2.14443047173421
435,10.675,-3.07487282650716
435,10.6825,2.12195175404375
435,10.69,1.21612384012692
435,10.6975,0.567254308261262
435,10.705,-0.361694376280666
435,10.7125,-0.925047513235576
435,10.72,-1.78625910509186
435,10.7275,-2.76530555998342
435,10.735,2.62430379924669
435,10.7425,1.5495829019452
435,10.75,0.549523197400579
435,10.7575,-0.388934989890085
435,10.765,-1.41148973398277
435,10.7725,-2.34605275024152
435,10.78,3.03736992720236
435,10.7875,2.07924860473149
435,10.795,1.10822357369969
435,10.8025,0.174371453110245
435,10.81,-0.723315441547118
435,10.8175,-1.71462434959401
435,10.825,-2.65568110146233
435,10.8325,2.71556878897256
435,10.84,1.71829991662122
435,10.8475,0.756930816013797
435,10.855,-0.202478268475861
435,10.8625,-1.16321960968436
435,10.87,-2.1627299114442
435,10.8775,3.1108741589406
435,10.885,2.20657102048833
435,10.8925,1.24866530795201
435,10.9,0.321597352614261
435,10.9075,-0.55785465294774
435,10.915,-1.53424195555754
435,10.9225,-2.47492330786154
435,10.93,2.86186608328585
435,10.9375,1.859607185583
435,10.945,0.905667774610221
435,10.9525,0.010121159959486
435,10.96,-0.989240769217326
435,10.9675,-1.99067983049347
435,10.975,-2.88363475872283
435,10.9825,2.43758238051317
435,10.99,1.42318531626174
435,10.9975,0.502590750463821
435,11.005,-0.448696192904916
435,11.0125,-1.43984088113835
435,11.02,-2.41560362916459
435,11.0275,2.84035207205162
435,11.035,1.86404913484251
435,11.0425,0.920203869421034
435,11.05,-0.00241577525932969
435,11.0575,-0.707862278980659
435,11.065,-1.60239911074647
435,11.0725,-2.62620705028803
435,11.08,2.79739223382971
435,11.0875,1.75022876360151
435,11.095,0.617827669713363
435,11.1025,-0.295037825071458
435,11.11,-1.29941861430977
435,11.1175,-2.34560361142659
435,11.125,3.02992127810051
435,11.1325,2.08304361326071
435,11.14,1.16161758800744
435,11.1475,0.162258098188486
435,11.155,-0.864592594642247
435,11.1625,-1.79143663147876
435,11.17,-2.75441159359365
435,11.1775,2.553398662937
435,11.185,1.70657113887858
435,11.1925,0.896475810098114
435,11.2,-0.120086213047804
435,11.2075,-1.08498378184757
435,11.215,-2.05558732129348
435,11.2225,3.0901295954223
435,11.23,2.01336147118954
435,11.2375,1.04348287356714
435,11.245,-0.0584728102227259
435,11.2525,-1.10926045952049
435,11.26,-1.66299800792318
435,11.2675,-2.66457758908519
435,11.275,2.70732946997738
435,11.2825,2.14922588111878
435,11.29,1.1356777947812
435,11.2975,0.098292917783688
435,11.305,0.133657100184312
435,11.3125,-1.12376526911083
435,11.32,-2.27153560281125
435,11.3275,-2.39652392407063
435,11.335,2.59409169990872
435,11.3425,1.5017410969274
435,11.35,0.668411289417109
435,11.3575,-0.508719848605685
435,11.365,-1.93033894848582
435,11.3725,3.10343601682725
435,11.38,-2.08689628335977
435,11.3875,-2.00252972681271
435,11.395,3.10380969493259
435,11.4025,1.90620469234722
435,11.41,0.820156346297924
435,11.4175,-0.280382680202337
435,11.425,-1.41444525475469
435,11.4325,-2.55528947166693
435,11.44,2.73752112279556
435,11.4475,1.85657219465237
435,11.455,0.837283898045662
435,11.4625,0.0333042439501103
435,11.47,-0.707745653398924
435,11.4775,-1.77478768008364
435,11.485,-2.59260622826435
435,11.4925,2.91869297444753
435,11.5,1.90514133405008
435,11.5075,0.943114570587614
435,11.515,0.111419305350373
435,11.5225,-0.872935751130514
435,11.53,-1.91784660495431
435,11.5375,-2.8539954925245
435,11.545,2.42561253816266
435,11.5525,1.42151686034349
435,11.56,0.464005068467672
435,11.5675,-0.466923160989962
435,11.575,-1.40174789113545
435,11.5825,-2.39860393848267
435,11.59,2.97691785440463
435,11.5975,2.06379195791195
435,11.605,1.0970004291189
435,11.6125,0.182425370256157
435,11.62,-0.789096480810589
435,11.6275,-1.8109422256028
435,11.635,-2.79748371732997
435,11.6425,2.5186037880992
435,11.65,1.52853624811745
435,11.6575,0.587807330892111
435,11.665,-0.392340349849662
435,11.6725,-1.4065825645768
435,11.68,-2.39464061817715
435,11.6875,2.87347529089113
435,11.695,1.87925921630267
435,11.7025,0.8797722125455
435,11.71,-0.0951807233440716
435,11.7175,-1.00889232824364
435,11.725,-1.92474728796738
435,11.7325,-2.8047435427687
435,11.74,2.5745056846425
435,11.7475,1.65019989573647
435,11.755,0.736928404025422
435,11.7625,-0.240887766196737
435,11.77,-1.21824548935132
435,11.7775,-2.18999723128102
435,11.785,3.09389692533936
435,11.7925,2.058666253398
435,11.8,1.06490958914348
435,11.8075,0.130981499725871
435,11.815,-0.941327110965601
435,11.8225,-1.93900937081154
435,11.83,-2.78427349188397
435,11.8375,2.44936178083327
435,11.845,1.55877588435813
435,11.8525,0.760257658237785
435,11.86,-0.242284947023677
435,11.8675,-1.17205517663198
435,11.875,-2.11819062134771
435,11.8825,-3.10784554684575
435,11.89,2.18969830554632
435,11.8975,1.15248977090368
435,11.905,0.133612773375491
435,11.9125,-0.834610946063079
435,11.92,-1.85025971371312
435,11.9275,-2.80196009732709
435,11.935,2.6657042077172
435,11.9425,1.71645045532015
435,11.95,0.698657629782332
435,11.9575,-0.172119481400819
435,11.965,-1.141315616906
435,11.9725,-2.28841134395805
435,11.98,3.07709405156867
435,11.9875,2.17160806633277
435,11.995,1.10757774824687
435,12.0025,0.273312210745759
435,12.01,-0.522300579309156
435,12.0175,-1.47862068232627
435,12.025,-2.45980229361569
435,12.0325,2.92709745530831
435,12.04,1.90099625477218
435,12.0475,0.765489802008467
435,12.055,-0.233569366079933
435,12.0625,-1.11014931051859
435,12.07,-2.09227431828079
435,12.0775,-3.08788299146555
435,12.085,2.51898179182723
435,12.0925,1.64646833673024
435,12.1,0.555850718471291
435,12.1075,-0.00792462665126887
435,12.115,-0.875734963898558
435,12.1225,-1.96472336673034
435,12.13,-2.66038328540127
435,12.1375,2.71364327430292
435,12.145,1.58701815812184
435,12.1525,0.648308725814262
435,12.16,-0.283996461829707
435,12.1675,-1.42169441469971
435,12.175,-2.48119265482461
435,12.1825,2.97786324904496
435,12.19,2.14497807017122
435,12.1975,1.34560822958875
435,12.205,0.660426290646709
435,12.2125,-0.213170354695024
435,12.22,-1.3026191904869
435,12.2275,-2.27009424738973
435,12.235,3.0110326130718
435,12.2425,1.95052377910537
435,12.25,1.05711144992098
435,12.2575,0.261205134799981
435,12.265,-0.557462180136388
435,12.2725,-1.44958009286795
435,12.28,-2.27644764484436
435,12.2875,2.9405868909746
435,12.295,1.8134737978782
435,12.3025,0.944737817090251
435,12.31,-0.155383206695855
435,12.3175,-1.21291696431701
435,12.325,-1.77975223466258
435,12.3325,-2.66451510211605
435,12.34,2.76583566654829
435,12.3475,1.86738455009564
435,12.355,0.858280901705115
435,12.3625,-0.195192698353193
435,12.37,-1.22303369068313
435,12.3775,-2.1584919410164
435,12.385,-3.10649382482505
435,12.3925,2.27380588148266
435,12.4,1.2898377711629
435,12.4075,0.446856845907187
435,12.415,-0.298004604604012
435,12.4225,-1.36819045372708
435,12.43,-2.16132340214065
435,12.4375,-3.07420492827462
435,12.445,2.1034396521988
435,12.4525,1.25193523755156
435,12.46,0.292192705953407
435,12.4675,-0.682217848472652
435,12.475,-1.65949674189488
435,12.4825,-2.62252282889573
435,12.49,2.75475159151812
435,12.4975,1.66565066336274
435,12.505,0.637593324423911
435,12.5125,-0.347740923932499
435,12.52,-1.40072422668633
435,12.5275,-2.42295035430969
435,12.535,2.91403951893584
435,12.5425,2.10563997759893
435,12.55,1.16522377128296
435,12.5575,0.317622039944853
435,12.565,-0.589010846952629
435,12.5725,-1.66820076487741
435,12.58,-2.66216896083351
435,12.5875,2.57209941546431
435,12.595,1.5475875551367
435,12.6025,0.644721752899441
435,12.61,-0.328941260516222
435,12.6175,-1.20513953636584
435,12.625,-2.10214846739561
435,12.6325,-3.13771653738606
435,12.64,2.13222609832957
435,12.6475,1.11584482179522
435,12.655,0.0725941357052983
435,12.6625,-0.905516942029162
435,12.67,-1.71902386073998
435,12.6775,-2.61624149883924
435,12.685,2.69766417349809
435,12.6925,1.9005889188416
435,12.7,0.964857262875133
435,12.7075,-0.0765639498031495
435,12.715,-1.1111251116076
435,12.7225,-2.15213592179451
435,12.73,3.04157974253892
435,12.7375,1.93723652028195
435,12.745,0.992207086138601
435,12.7525,0.169764839205683
435,12.76,-0.733331667805415
435,12.7675,-1.63891601445529
435,12.775,-2.58444601153614
435,12.7825,2.59116246315997
435,12.79,1.45878101177392
435,12.7975,0.366829183317768
435,12.805,-0.738169846812657
435,12.8125,-1.79239269652367
435,12.82,-2.66273945752755
435,12.8275,2.88495417154322
435,12.835,1.9397095376118
435,12.8425,0.964392051440553
435,12.85,-0.0733576143752797
435,12.8575,-1.22640081128962
435,12.865,-2.36696148311505
435,12.8725,2.85473735387341
435,12.88,1.69543070827086
435,12.8875,0.522356251791668
435,12.895,-0.428888079585139
435,12.9025,-1.433927969679
435,12.91,-2.29982792193947
435,12.9175,-3.07920468528181
435,12.925,2.23949253983393
435,12.9325,1.15976684182568
435,12.94,-0.066058868683299
435,12.9475,-1.08259386754221
435,12.955,-2.10855289161298
435,12.9625,3.0903178600155
435,12.97,2.00278668584737
435,12.9775,0.97058661944147
435,12.985,0.160715137234545
435,12.9925,-1.04213762183859
435,13,-1.96152741496369
435,13.0075,-2.70802794170362
435,13.015,2.1902460815485
435,13.0225,1.05419828989114
435,13.03,0.0338593562172
435,13.0375,-1.28556411949872
435,13.045,-2.18650149876296
435,13.0525,-3.11433680877325
435,13.06,2.16573423940616
435,13.0675,2.12169156146402
435,13.075,0.850419792710633
435,13.0825,0.0745021585052483
435,13.09,-0.856997773038955
435,13.0975,-2.20738552633456
435,13.105,2.89556449758322
435,13.1125,2.00238948954731
435,13.12,1.06699184734302
435,13.1275,-0.0168738084136228
435,13.135,-0.769971590525995
435,13.1425,-1.68916355537377
435,13.15,-2.80112122983235
435,13.1575,2.67282263319742
435,13.165,1.59940731487916
435,13.1725,0.484188291756806
435,13.18,-0.564421207788121
435,13.1875,-1.77821098648204
435,13.195,-2.80794138498634
435,13.2025,2.60690269231499
435,13.21,1.74543736031156
435,13.2175,1.06323172760172
435,13.225,0.17380682076979
435,13.2325,-0.80736870699172
435,13.24,-1.85127094349459
435,13.2475,-2.79053944922875
435,13.255,2.5208783555163
435,13.2625,1.44452739013379
435,13.27,0.499762928364817
435,13.2775,-0.412787176694415
435,13.285,-1.41242735315508
435,13.2925,-2.40020905985801
435,13.3,2.85321809726704
435,13.3075,1.75416947715561
435,13.315,0.674657985894658
435,13.3225,-0.279091680404146
435,13.33,-1.11255922424088
435,13.3375,-1.83887474025744
435,13.345,-2.59432537736453
435,13.3525,2.77413338837397
435,13.36,1.67714383340715
435,13.3675,0.574343016839216
435,13.375,-0.478590215201176
435,13.3825,-1.63646828752365
435,13.39,-2.81370489667172
435,13.3975,2.39640194896392
435,13.405,1.55543513952293
435,13.4125,0.950669225801158
435,13.42,0.207727606113614
435,13.4275,-0.451085928885205
435,13.435,-1.52460346305129
435,13.4425,-2.62751562202107
435,13.45,2.76873307795142
435,13.4575,1.72097265421197
435,13.465,0.776121836567863
435,13.4725,-0.0303895569881605
435,13.48,-0.534246941512091
435,13.4875,-1.40814400457213
435,13.495,-2.50323044301533
435,13.5025,2.81986200440499
435,13.51,1.69329765506264
435,13.5175,0.454923717768652
435,13.525,-0.525484749669629
435,13.5325,-1.50480493193768
435,13.54,-2.72118493978071
435,13.5475,2.85536700045183
435,13.555,2.06873520076506
435,13.5625,0.942925698165597
435,13.57,0.292319281881117
435,13.5775,-0.918278948342506
435,13.585,-2.44997500152123
435,13.5925,-2.36851688113567
435,13.6,3.00354940594277
435,13.6075,2.35525873691708
435,13.615,1.79695443898274
435,13.6225,0.316484141750782
435,13.63,-0.686978485195252
435,13.6375,-1.84708752883707
435,13.645,2.81551456834911
435,13.6525,1.57570496497634
435,13.66,-1.33090333526396
435,13.6675,-3.06270039968967
435,13.675,1.68710832821217
435,13.6825,0.507499911868054
435,13.69,-0.56231139797841
435,13.6975,-1.73155491709834
435,13.705,-2.81692627234801
435,13.7125,2.41913415864412
435,13.72,1.39239899694544
435,13.7275,0.396979233049584
435,13.735,-0.601978335810876
435,13.7425,-1.51538935573709
435,13.75,-2.33121099920155
435,13.7575,3.0548208045002
435,13.765,2.01607960309891
435,13.7725,1.17908092981089
435,13.78,0.13902011907018
435,13.7875,-1.06755397638917
435,13.795,-1.66969899116052
435,13.8025,-2.588523634161
435,13.81,2.72764215102435
435,13.8175,1.99174924338838
435,13.825,0.853603789602552
435,13.8325,-0.202797699813969
435,13.84,-1.24958273208191
435,13.8475,-2.39889282953671
435,13.855,2.85001721678174
435,13.8625,1.80474811295291
435,13.87,0.766167330058319
435,13.8775,-0.106414089494238
435,13.885,-0.905765768403576
435,13.8925,-1.8098665144426
435,13.9,-2.67076081900924
435,13.9075,2.64984514286657
435,13.915,1.50950480287018
435,13.9225,0.585431934265911
435,13.93,-0.288489451960618
435,13.9375,-1.31155503992375
435,13.945,-2.07985114298827
435,13.9525,-2.98045773470498
435,13.96,2.27927910481851
435,13.9675,1.28206777779679
435,13.975,0.243840534261289
435,13.9825,-0.738690906588499
435,13.99,-1.72745172332716
435,13.9975,-2.6740899366416
435,14.005,2.74743455625537
435,14.0125,1.91191769365287
435,14.02,1.0501188145482
435,14.0275,0.161292898001159
435,14.035,-0.771247872669695
435,14.0425,-1.86048657666912
435,14.05,-2.94565420186265
435,14.0575,2.2723200310696
435,14.065,1.1711604381533
435,14.0725,0.156231930361859
435,14.08,-0.761169207311316
435,14.0875,-1.64601895244934
435,14.095,-2.52956000478086
435,14.1025,2.75613530317919
435,14.11,1.70571423467895
435,14.1175,0.630697015127209
435,14.125,-0.458478473912987
435,14.1325,-1.50193282333985
435,14.14,-2.44156867933357
435,14.1475,-2.99066506401363
435,14.155,2.62434338832217
435,14.1625,1.78692044653158
435,14.17,0.917592153904031
435,14.1775,-0.206304366356745
435,14.185,-1.34563942472017
435,14.1925,-2.39462254890186
435,14.2,2.80633377840214
435,14.2075,1.75776110113048
435,14.215,0.761996001482527
435,14.2225,-0.151709974972916
435,14.23,-0.905854198936787
435,14.2375,-1.86331573303692
435,14.245,-2.85364800436587
435,14.2525,2.68312363319645
435,14.26,1.71869257515378
435,14.2675,0.772258048009725
435,14.275,0.403341994948281
435,14.2825,-0.53057554066161
435,14.29,-1.56065367944654
435,14.2975,-2.46328909688604
435,14.305,2.74582327781869
435,14.3125,1.69100762804571
435,14.32,0.650403219366373
435,14.3275,-0.454393889271151
435,14.335,-1.36320853934928
435,14.3425,-2.39716429755088
435,14.35,2.92207558485503
435,14.3575,2.80773652642577
435,14.365,1.71461436796819
435,14.3725,0.808983644331707
435,14.38,-0.113972927170275
435,14.3875,-1.31622142969192
435,14.395,-2.42317377720984
435,14.4025,2.83329949972659
435,14.41,1.82118766686404
435,14.4175,0.902928264047721
435,14.425,0.141368062879428
435,14.4325,-0.499701703962263
435,14.44,-1.53504470176888
435,14.4475,-2.56941172503179
435,14.455,2.66986753926887
435,14.4625,1.59718896876801
435,14.47,0.629354931056445
435,14.4775,-0.175020120950966
435,14.485,0.194012775679836
435,14.4925,-0.709830016376558
435,14.5,-1.62419699113813
435,14.5075,-2.706499958961
435,14.515,2.37366258268532
435,14.5225,1.21124571187457
435,14.53,0.0827738594188043
435,14.5375,-1.02044324341626
435,14.545,-1.99433551585694
435,14.5525,-2.7901280060485
435,14.56,2.82883716812448
435,14.5675,1.98579093505239
435,14.575,1.02527133114574
435,14.5825,0.118401592377086
435,14.59,-0.869004032885201
435,14.5975,-1.96123565431408
435,14.605,-2.89523225046953
435,14.6125,2.62847118828078
435,14.62,1.74412616248548
435,14.6275,0.841921083339714
435,14.635,-0.119369126098398
435,14.6425,-1.22914424192984
435,14.65,-2.37454902095686
435,14.6575,2.8566980649817
435,14.665,1.81007308620978
435,14.6725,0.744112470899887
435,14.68,-0.194621540256077
435,14.6875,-0.985074076542243
435,14.695,-1.57464778047954
435,14.7025,-2.3936216480048
435,14.71,2.94498138692753
435,14.7175,1.84193974336633
435,14.725,0.735467974902629
435,14.7325,-0.270584500475951
435,14.74,-1.2402419749891
435,14.7475,-2.03038767684831
435,14.755,-2.81676632909546
435,14.7625,2.58976126241872
435,14.77,1.61691813076533
435,14.7775,0.644665656041124
435,14.785,-0.322150473481914
435,14.7925,-1.40952242569945
435,14.8,-2.39290905814018
435,14.8075,3.10601894660759
435,14.815,2.25897452520838
435,14.8225,1.72498146816506
435,14.83,0.885999098297893
435,14.8375,-0.194582719444282
435,14.845,-1.27482028050981
435,14.8525,-2.33954319375131
435,14.86,2.87856681724636
435,14.8675,1.78451898113401
435,14.875,0.744706228122343
435,14.8825,-0.236416272622096
435,14.89,-1.20093691161791
435,14.8975,-2.05531238456984
435,14.905,-2.86474760832401
435,14.9125,2.51326912033343
435,14.92,1.42417225220207
435,14.9275,0.380875698858331
435,14.935,-0.553243775154724
435,14.9425,-1.54166359533996
435,14.95,-2.3291269879814
435,14.9575,-3.09687097237311
435,14.965,2.47209372589885
435,14.9725,1.53025558380813
435,14.98,0.548646872190071
435,14.9875,-0.406502563863809
435,14.995,-1.58345263936961
435,15.0025,-2.67630679324024
435,15.01,2.7735961851386
435,15.0175,2.23489110782161
435,15.025,1.55567142677058
435,15.0325,0.701477921454924
435,15.04,-0.17874059667517
435,15.0475,-1.34468163209057
435,15.055,-2.40607031952339
435,15.0625,2.96031045109778
435,15.07,1.8649773696208
435,15.0775,0.914017338931113
435,15.085,0.125388437704702
435,15.0925,-0.731875477003205
435,15.1,-1.67635327400548
435,15.1075,-2.66570746624121
435,15.115,2.64078377902347
435,15.1225,1.53196193948688
435,15.13,0.522835273563759
435,15.1375,-0.380939974166069
435,15.145,-1.44315290134707
435,15.1525,-2.40100891508603
435,15.16,2.98538318679653
435,15.1675,2.10385282464071
435,15.175,1.2409020779368
435,15.1825,0.237023545061765
435,15.19,-0.751066569679874
435,15.1975,-1.7780577323706
435,15.205,-2.90697929241752
435,15.2125,2.34398179759674
435,15.22,1.38704166048553
435,15.2275,0.495310261571406
435,15.235,-0.333802818001963
435,15.2425,-1.18097529439987
435,15.25,-1.9445281383607
435,15.2575,-2.91509745368318
435,15.265,2.3485302373117
435,15.2725,1.42232308795436
435,15.28,0.531353166173205
435,15.2875,-0.394478057369751
435,15.295,-1.05078944501285
435,15.3025,-1.8252628646293
435,15.31,-2.95114113243215
435,15.3175,2.32926431185581
435,15.325,1.27080092108151
435,15.3325,0.0491447596501665
435,15.34,-1.05312901841506
435,15.3475,-2.02965274505557
435,15.355,-2.78845003559689
435,15.3625,-2.93013318665142
435,15.37,2.64466277907795
435,15.3775,1.56824101945418
435,15.385,0.392201946888386
435,15.3925,-0.732950440836028
435,15.4,-1.84024315517404
435,15.4075,-2.92382180561926
435,15.415,2.40853433175027
435,15.4225,1.50957989353412
435,15.43,0.537478095995011
435,15.4375,-0.269469645942743
435,15.445,-1.19523143021809
435,15.4525,-2.3243687904405
435,15.46,2.88056224024312
435,15.4675,1.87937215283705
435,15.475,0.888659159221673
435,15.4825,-0.114341149261537
435,15.49,0.894844198500098
435,15.4975,-0.311512844653869
435,15.505,-1.46037235995295
435,15.5125,-2.46709311331694
435,15.52,2.60419142862326
435,15.5275,1.3323169313362
435,15.535,0.234027836807259
435,15.5425,-0.726767399155738
435,15.55,-1.51139390620494
435,15.5575,-2.1463145849285
435,15.565,-2.70723460232503
435,15.5725,2.57908879335784
435,15.58,1.46778656176145
435,15.5875,0.402456102879583
435,15.595,-0.690513029049478
435,15.6025,-1.74638084136604
435,15.61,-2.67009607910885
435,15.6175,2.89229472290308
435,15.625,2.11949749636895
435,15.6325,1.22445386820345
435,15.64,0.240956820688572
435,15.6475,-0.852689239198352
435,15.655,-1.93749268409787
435,15.6625,-3.06662099884482
435,15.67,2.06643571454755
435,15.6775,1.03096152292982
435,15.685,-0.0344507975205161
435,15.6925,-0.948959274611761
435,15.7,-1.59712386764984
435,15.7075,-2.36910122557985
435,15.715,3.082020119693
435,15.7225,2.05877541658087
435,15.73,1.045972893317
435,15.7375,-0.0169556268750355
435,15.745,-1.0846771524872
435,15.7525,-1.96914794272317
435,15.76,-2.9778131109525
435,15.7675,2.42716245610947
435,15.775,1.57120611615614
435,15.7825,0.501739317802657
435,15.79,-0.374797727380124
435,15.7975,-1.41939614844248
435,15.805,-2.53400064367313
435,15.8125,2.80506458615675
435,15.82,1.82947804698804
435,15.8275,1.16076157724473
435,15.835,0.608360005361946
435,15.8425,-0.0938199967295497
435,15.85,-1.0646455884276
435,15.8575,-2.10627839801003
435,15.865,3.11535913694301
435,15.8725,1.97216649129227
435,15.88,0.892485983682407
435,15.8875,-0.151082404099744
435,15.895,-1.17818017538002
435,15.9025,-2.08686508503447
435,15.91,-2.9788372300325
435,15.9175,2.45507836498804
435,15.925,1.51952562207597
435,15.9325,0.48525702011409
435,15.94,-0.472612690502611
435,15.9475,-1.50386499010863
435,15.955,-2.48391234075397
435,15.9625,3.03632243068117
435,15.97,2.21197753146368
435,15.9775,1.44411677087185
435,15.985,0.604342420617882
435,15.9925,-0.436689790738959
435,16,-1.54891616161617
445,4,-1.65048992083072
445,4.0075,-2.37276806614594
445,4.015,-2.95757114421837
445,4.0225,2.11021678864473
445,4.03,1.16239544072651
445,4.0375,0.307548136304381
445,4.045,-0.217131542288082
445,4.0525,-0.927727667979853
445,4.06,-1.94631651625191
445,4.0675,-2.84257220981914
445,4.075,2.34270203733989
445,4.0825,1.3546284028281
445,4.09,0.638423483121595
445,4.0975,-0.12666568379869
445,4.105,-1.09853857531979
445,4.1125,-1.91282051290174
445,4.12,-2.70918689175493
445,4.1275,2.44062571696734
445,4.135,1.45145589827769
445,4.1425,0.543023096984738
445,4.15,-0.635001330231876
445,4.1575,-1.66321472314242
445,4.165,-2.5747523394035
445,4.1725,2.70943437515248
445,4.18,1.80264396015909
445,4.1875,0.94693480962817
445,4.195,0.0961677504868113
445,4.2025,-0.806814050467536
445,4.21,-1.76145198566727
445,4.2175,-2.63571285710402
445,4.225,2.71785623406986
445,4.2325,1.92939937185886
445,4.24,1.03979093850696
445,4.2475,0.00207504416597762
445,4.255,-0.92597311414099
445,4.2625,-1.99373078522166
445,4.27,-3.07529415181175
445,4.2775,2.22841978130129
445,4.285,1.22485458990055
445,4.2925,0.255924723588055
445,4.3,-0.653310795903391
445,4.3075,-1.52567070804108
445,4.315,-2.49030820248219
445,4.3225,2.81789283094732
445,4.33,1.86535582867033
445,4.3375,0.892286554236874
445,4.345,-0.0467486541241628
445,4.3525,-0.927017969136169
445,4.36,-1.83108907680117
445,4.3675,-2.7864205965195
445,4.375,2.49600053255151
445,4.3825,1.48575891078206
445,4.39,0.518720970991523
445,4.3975,-0.482155774201164
445,4.405,-1.43829232935847
445,4.4125,-2.42327734886935
445,4.42,2.79730931015695
445,4.4275,1.82866272854373
445,4.435,0.858598416716025
445,4.4425,-0.1241567243299
445,4.45,-1.03755330976097
445,4.4575,-1.90832975742178
445,4.465,-2.81409466692681
445,4.4725,2.49773473694699
445,4.48,1.52881027159391
445,4.4875,0.481514876816714
445,4.495,-0.577264088670811
445,4.5025,-1.49866161353456
445,4.51,-2.37434677577174
445,4.5175,2.98096792047087
445,4.525,2.06005525138031
445,4.5325,1.12094796162463
445,4.54,0.108097397845974
445,4.5475,-0.898869880376111
445,4.555,-1.86812569295836
445,4.5625,-2.79209228151736
445,4.57,2.63722637487768
445,4.5775,1.80387348648182
445,4.585,0.928911471622584
445,4.5925,-0.050222001562337
445,4.6,-1.08357539358957
445,4.6075,-2.08997612925879
445,4.615,-3.09446133433358
445,4.6225,2.14536903080251
445,4.63,1.15830421988727
445,4.6375,0.22339062443823
445,4.645,-0.754652840489132
445,4.6525,-1.71262533531368
445,4.66,-2.64100814501701
445,4.6675,2.68375552036978
445,4.675,1.67406251834083
445,4.6825,0.730054769853627
445,4.69,-0.15827828798343
445,4.6975,-1.07219310367792
445,4.705,-1.96611018665061
445,4.7125,-2.86741399331226
445,4.72,2.46504327920699
445,4.7275,1.44982922480433
445,4.735,0.528032800750887
445,4.7425,-0.409767094245736
445,4.75,-1.48226124916404
445,4.7575,-2.47433533812511
445,4.765,2.79903030156519
445,4.7725,1.74566745181811
445,4.78,0.790095906489695
445,4.7875,-0.0749655186827437
445,4.795,-0.870384015628548
445,4.8025,-1.71853865278804
445,4.81,-2.6093299997482
445,4.8175,2.72971684662485
445,4.825,1.60667280467636
445,4.8325,0.626293206966761
445,4.84,-0.312469502236399
445,4.8475,-1.4133441236768
445,4.855,-2.31815127392713
445,4.8625,3.00214350997364
445,4.87,1.92440615365907
445,4.8775,0.904420702924777
445,4.885,-0.126185402115175
445,4.8925,-1.18302782869407
445,4.9,-2.21372488759357
445,4.9075,-3.13548991329405
445,4.915,2.53384514628294
445,4.9225,1.86408046391612
445,4.93,1.16787490979781
445,4.9375,0.167742112085938
445,4.945,-0.965009738472537
445,4.9525,-2.03101443832928
445,4.96,-3.08853138093961
445,4.9675,2.15352882861767
445,4.975,1.12591844738843
445,4.9825,0.128989394452275
445,4.99,-0.880410407512194
445,4.9975,-1.94639574546937
445,5.005,-2.81074906997162
445,5.0125,2.53084294499432
445,5.02,1.45091260498798
445,5.0275,0.38749412293221
445,5.035,-0.819887239604279
445,5.0425,-2.11647095828665
445,5.05,2.92235769884909
445,5.0575,1.47921454908276
445,5.065,-0.993081042926732
445,5.0725,3.13496221089697
445,5.08,1.77592262005972
445,5.0875,0.335358258255389
445,5.095,2.88402681659972
445,5.1025,0.890217731377065
445,5.11,-0.404864929502291
445,5.1175,-1.56000892122076
445,5.125,-2.83634702798152
445,5.1325,2.37161199537416
445,5.14,1.75679604391275
445,5.1475,1.14498503425703
445,5.155,0.461555395949102
445,5.1625,-0.627825695631213
445,5.17,-1.79649889645313
445,5.1775,-2.96466844983285
445,5.185,2.10083418490211
445,5.1925,0.975516448957866
445,5.2,-0.148053926720226
445,5.2075,-1.3035717340886
445,5.215,-2.04902919781007
445,5.2225,-2.73240185566318
445,5.23,2.78447829623584
445,5.2375,2.12031242584809
445,5.245,1.00406185869487
445,5.2525,-0.153336432692904
445,5.26,-1.1778167140949
445,5.2675,-2.28810778713122
445,5.275,2.94484560830905
445,5.2825,1.94064582904679
445,5.29,0.878082207627238
445,5.2975,0.0251788751502756
445,5.305,-0.836174106517587
445,5.3125,-1.83427589561398
445,5.32,-2.7761394133118
445,5.3275,2.53942455103367
445,5.335,1.5074096842282
445,5.3425,0.519006068865692
445,5.35,-0.252348144538219
445,5.3575,-1.28951614295844
445,5.365,-2.25850272418302
445,5.3725,-2.94191623003488
445,5.38,2.2785607538767
445,5.3875,1.34246204936723
445,5.395,0.407446317821966
445,5.4025,-0.679087004599459
445,5.41,-1.67991525139069
445,5.4175,-2.73091385446417
445,5.425,2.6637663243108
445,5.4325,1.74513075412301
445,5.44,0.630590321733165
445,5.4475,-0.243608204005099
445,5.455,-1.19221796665546
445,5.4625,-2.247456118537
445,5.47,3.07355864262776
445,5.4775,1.99579440993442
445,5.485,0.959786235471918
445,5.4925,0.0975124126020737
445,5.5,-0.868223645523415
445,5.5075,-1.73407464698025
445,5.515,-2.62570488829401
445,5.5225,2.6703003078188
445,5.53,1.74652008310017
445,5.5375,0.744395605452359
445,5.545,-0.298128773473371
445,5.5525,-1.31180868523242
445,5.56,-2.38364787464386
445,5.5675,2.785294016224
445,5.575,1.94307091382728
445,5.5825,1.11041269486675
445,5.59,0.074210565733092
445,5.5975,-0.617638200476291
445,5.605,-1.59798339402049
445,5.6125,-2.78579698771195
445,5.62,2.71051732207854
445,5.6275,1.7111156507428
445,5.635,0.658306434492188
445,5.6425,0.0986249206461701
445,5.65,-0.894856207102362
445,5.6575,-1.98320149235968
445,5.665,-2.96926236561843
445,5.6725,2.21964990045814
445,5.68,1.07937985922197
445,5.6875,-0.0286693959629842
445,5.695,-1.17290252390914
445,5.7025,-2.10105195922705
445,5.71,-2.74470181600188
445,5.7175,2.86314542055915
445,5.725,2.17965317525045
445,5.7325,1.18296929933047
445,5.74,0.114602522556377
445,5.7475,-0.997327203630001
445,5.755,-2.02836121051952
445,5.7625,-2.932942706732
445,5.77,2.3061005305261
445,5.7775,1.30330577899883
445,5.785,0.617163495105925
445,5.7925,-0.389176807669075
445,5.8,-1.52755668072225
445,5.8075,-2.60709297464675
445,5.815,2.52302929263078
445,5.8225,1.31812957795497
445,5.83,0.04957885034866
445,5.8375,-1.36113274918523
445,5.845,-2.67452331726904
445,5.8525,2.50233603385313
445,5.86,1.0486255937875
445,5.8675,-0.583186334219631
445,5.875,-0.688248541829028
445,5.8825,-1.5701647986104
445,5.89,-2.9592563239091
445,5.8975,2.20283825103904
445,5.905,0.98054028492638
445,5.9125,-0.00287970360582701
445,5.92,-1.26860223838529
445,5.9275,-2.58498544683016
445,5.935,-2.45388250100815
445,5.9425,2.71068529518006
445,5.95,1.75569002843953
445,5.9575,0.857896151778072
445,5.965,-0.307332255334993
445,5.9725,-1.63134577415819
445,5.98,-2.89659743407598
445,5.9875,2.38278282954774
445,5.995,1.19991548281462
445,6.0025,0.0853764550861287
445,6.01,-0.85256953952361
445,6.0175,-2.10072311325553
445,6.025,-2.21049478681566
445,6.0325,-2.99563917441872
445,6.04,2.51735937809845
445,6.0475,1.61365745759625
445,6.055,0.255542825723823
445,6.0625,-0.759204449146855
445,6.07,-1.60245613807617
445,6.0775,-2.74151375615093
445,6.085,2.69981278143571
445,6.0925,1.7887275984244
445,6.1,0.668158043630617
445,6.1075,-0.151236153221483
445,6.115,-1.02794915246099
445,6.1225,-2.2513443356747
445,6.13,2.94420225790013
445,6.1375,2.1261864741632
445,6.145,0.954691868066302
445,6.1525,0.340252063689341
445,6.16,-0.349689829869509
445,6.1675,-1.5615656458368
445,6.175,-2.27378995985479
445,6.1825,2.97290592288014
445,6.19,1.90049839524649
445,6.1975,1.01573728340085
445,6.205,-0.161482253805626
445,6.2125,-1.17612566702372
445,6.22,-1.93340666566089
445,6.2275,-2.96946243626032
445,6.235,2.41471787569501
445,6.2425,1.50057717137948
445,6.25,0.408793171260198
445,6.2575,-0.584287621067088
445,6.265,-1.60252695466133
445,6.2725,-2.68400728641639
445,6.28,2.58848721032347
445,6.2875,1.54391690534864
445,6.295,0.700756159670183
445,6.3025,0.304427757124972
445,6.31,-0.745869860005037
445,6.3175,-1.77104584963737
445,6.325,-2.72041997241017
445,6.3325,2.42742224978863
445,6.34,1.31543476605776
445,6.3475,0.327841212989897
445,6.355,-0.526783354441016
445,6.3625,-1.46470337630472
445,6.37,-2.49953574865507
445,6.3775,2.98144318079332
445,6.385,2.03188166902177
445,6.3925,0.92189666453731
445,6.4,-0.0506518344536571
445,6.4075,-0.9342140858815
445,6.415,-1.82795499648162
445,6.4225,-2.53167606834447
445,6.43,3.06865661867621
445,6.4375,2.10922850107411
445,6.445,0.999098364512089
445,6.4525,-0.0985630624797446
445,6.46,-1.07745565026193
445,6.4675,-2.12351713430358
445,6.475,-3.13425385253968
445,6.4825,2.24842840495917
445,6.49,1.14512592051093
445,6.4975,0.209216298110371
445,6.505,-0.547574974341792
445,6.5125,-1.46894839314473
445,6.52,-2.2717286039675
445,6.5275,3.07617828734541
445,6.535,2.11016056206375
445,6.5425,1.16932050397837
445,6.55,0.127764463857669
445,6.5575,-0.801566480337462
445,6.565,-1.65762075304945
445,6.5725,-2.6385883055867
445,6.58,2.71867955697082
445,6.5875,1.73132970650751
445,6.595,0.558943768394849
445,6.6025,-0.586964164633385
445,6.61,-1.54976705405914
445,6.6175,-2.74617759652115
445,6.625,2.43271531147462
445,6.6325,2.12372327854704
445,6.64,1.22178281215138
445,6.6475,0.599863726022509
445,6.655,-0.352366911027337
445,6.6625,-1.43576730056865
445,6.67,-2.61270253525687
445,6.6775,2.49708653482128
445,6.685,1.58960397776307
445,6.6925,0.74859242929345
445,6.7,0.0408992667713321
445,6.7075,-0.864937893681235
445,6.715,-1.77444341012243
445,6.7225,-2.86848369637547
445,6.73,2.26276641924968
445,6.7375,1.42866311882239
445,6.745,0.329732246507623
445,6.7525,-0.667303465460476
445,6.76,-1.27936964630563
445,6.7675,-2.36309631449709
445,6.775,-3.03850089918183
445,6.7825,2.4792722000873
445,6.79,1.34324099438268
445,6.7975,0.366583259032237
445,6.805,-0.546696270511653
445,6.8125,-1.63903529617877
445,6.82,-2.73447066649507
445,6.8275,2.49933623288997
445,6.835,1.61721811121643
445,6.8425,0.751171265489672
445,6.85,-0.489420100066732
445,6.8575,-1.4445489962515
445,6.865,-2.15858417389951
445,6.8725,2.73100958828513
445,6.88,2.03435513102812
445,6.8875,1.84990292236627
445,6.895,0.735416759067567
445,6.9025,0.170297683770976
445,6.91,-0.845764902994087
445,6.9175,-1.97761683549684
445,6.925,-3.01988937403558
445,6.9325,2.23731221173718
445,6.94,1.36195039181717
445,6.9475,0.506167663298353
445,6.955,-0.546645750420084
445,6.9625,-0.408964410781663
445,6.97,-1.43955212273849
445,6.9775,-2.31669296050617
445,6.985,-2.81717000021419
445,6.9925,2.3359511326759
445,7,1.17158474149535
445,7.0075,0.163434560665105
445,7.015,-0.798294879363586
445,7.0225,-1.93464443937693
445,7.03,-3.06643154239627
445,7.0375,2.21347238344387
445,7.045,1.26470965400786
445,7.0525,0.303047988787293
445,7.06,-0.805767049253803
445,7.0675,-1.90192488524499
445,7.075,-2.74177596498214
445,7.0825,2.62952516931481
445,7.09,1.88681246629342
445,7.0975,1.4629793464317
445,7.105,0.504992604699312
445,7.1125,-0.612633166414423
445,7.12,-1.70520202176045
445,7.1275,-2.74228082174466
445,7.135,2.53940716525566
445,7.1425,1.42742703432246
445,7.15,0.334810011502151
445,7.1575,-0.518451170257942
445,7.165,-1.4809022197989
445,7.1725,-2.54962279920833
445,7.18,2.94733802202325
445,7.1875,1.98972844992316
445,7.195,0.826602828880324
445,7.2025,-0.020148339852731
445,7.21,-0.707781738868325
445,7.2175,-1.56934334380609
445,7.225,-2.19758793532298
445,7.2325,-2.869899465993
445,7.24,2.36803827029618
445,7.2475,1.26927674931999
445,7.255,0.292683728444801
445,7.2625,-0.790519386580765
445,7.27,-1.88514960128675
445,7.2775,-2.93397445909791
445,7.285,2.32414606318573
445,7.2925,1.39745879372844
445,7.3,0.408450711415654
445,7.3075,-0.321524922049278
445,7.315,-1.20382716129239
445,7.3225,-2.13893412784235
445,7.33,-2.76315009610719
445,7.3375,2.43474470054132
445,7.345,1.48475790307836
445,7.3525,0.692844921480815
445,7.36,-0.451324140693918
445,7.3675,-1.61510417210595
445,7.375,-2.52648098374416
445,7.3825,2.72259993045663
445,7.39,1.58118446427123
445,7.3975,0.633184042512861
445,7.405,-0.34780383395237
445,7.4125,-1.37082753948911
445,7.42,-2.20747163731664
445,7.4275,-2.98002506015341
445,7.435,2.56377895322266
445,7.4425,1.73355679827106
445,7.45,0.707745271547521
445,7.4575,-0.226675204496153
445,7.465,-1.1890256229055
445,7.4725,-2.34659684182991
445,7.48,2.9831580934651
445,7.4875,2.06264258332317
445,7.495,0.9399304419962
445,7.5025,0.0534951633151206
445,7.51,-0.855978778763795
445,7.5175,-1.89025395623675
445,7.525,-2.67838547507939
445,7.5325,2.73911369462963
445,7.54,1.72961010857571
445,7.5475,0.850184351656666
445,7.555,-0.0978293997856323
445,7.5625,-1.12238098708087
445,7.57,-1.98104113083386
445,7.5775,-2.99217580987811
445,7.585,2.24713280425673
445,7.5925,1.299716831107
445,7.6,0.210805483144335
445,7.6075,-0.804108874242962
445,7.615,-1.71966286636726
445,7.6225,-2.80825919006115
445,7.63,2.46579655295614
445,7.6375,1.57163165646194
445,7.645,0.536033305561067
445,7.6525,-0.400278608666575
445,7.66,-1.26760163437216
445,7.6675,-2.27654478385414
445,7.675,3.02053507561378
445,7.6825,2.12833640657385
445,7.69,1.25117903278784
445,7.6975,0.332451853486696
445,7.705,-0.596667261057315
445,7.7125,-1.45782512777218
445,7.72,-2.44953153985869
445,7.7275,2.71947569959988
445,7.735,1.62950316952401
445,7.7425,0.66569015733042
445,7.75,-0.346923984574695
445,7.7575,-1.49453947195372
445,7.765,-2.40788216006987
445,7.7725,3.06584468790625
445,7.78,2.03512755825825
445,7.7875,1.32061205885595
445,7.795,0.709712318356545
445,7.8025,-0.124469141980251
445,7.81,-0.922485055543724
445,7.8175,-1.98090032688091
445,7.825,-2.91202943131654
445,7.8325,2.45102571691006
445,7.84,1.09835737403545
445,7.8475,0.0727713354167294
445,7.855,-0.594448068658194
445,7.8625,-2.01467049831972
445,7.87,3.05018396753342
445,7.8775,2.4340576048417
445,7.885,1.0827151860994
445,7.8925,-0.129409677590448
445,7.9,-0.3084181832011
445,7.9075,-1.14953565040776
445,7.915,-1.84125152431044
445,7.9225,-2.75332410205309
445,7.93,2.61473979847789
445,7.9375,1.63666203153764
445,7.945,0.410306909774345
445,7.9525,-1.15609418983536
445,7.96,-3.08066256182182
445,7.9675,-2.12440688700536
445,7.975,1.01709259769704
445,7.9825,-1.52415791524563
445,7.99,2.82708773948014
445,7.9975,2.82507693916347
445,8.005,1.61728001278249
445,8.0125,-0.0142585352483462
445,8.02,-0.514706621826045
445,8.0275,-1.35295865048792
445,8.035,-2.50612686083306
445,8.0425,2.76103309144085
445,8.05,1.76675545232768
445,8.0575,0.891774680222448
445,8.065,-0.335598740623237
445,8.0725,-1.49268335157254
445,8.08,-2.43052595859895
445,8.0875,2.76598348539746
445,8.095,1.72089231829527
445,8.1025,1.18701838639839
445,8.11,0.524735227523445
445,8.1175,-0.612904667347628
445,8.125,-1.41467784706185
445,8.1325,-2.31452386773526
445,8.14,2.77012609152153
445,8.1475,1.8139020207436
445,8.155,0.9169064725979
445,8.1625,-0.114750900710834
445,8.17,-1.20263075968613
445,8.1775,-2.26521695558523
445,8.185,3.10122711992049
445,8.1925,1.96465564741737
445,8.2,0.85027221168226
445,8.2075,0.409086591762785
445,8.215,-0.522361781413383
445,8.2225,-1.33893860150519
445,8.23,-1.91707682502995
445,8.2375,-2.97582502017436
445,8.245,2.23905915408405
445,8.2525,1.28966965890213
445,8.26,0.242086808754668
445,8.2675,-0.915306130077652
445,8.275,-1.97049542241191
445,8.2825,-2.92902661438637
445,8.29,2.35099113241095
445,8.2975,1.42420764183818
445,8.305,0.579161315078213
445,8.3125,-0.321360542341812
445,8.32,-1.20496440792306
445,8.3275,-2.06137047564301
445,8.335,-3.05605256415865
445,8.3425,2.29228203159957
445,8.35,1.41502712321036
445,8.3575,0.400148708600688
445,8.365,-0.46852591618192
445,8.3725,-1.35296981017904
445,8.38,-2.38727776589556
445,8.3875,2.91786820952599
445,8.395,1.91908237760578
445,8.4025,0.841205968877216
445,8.41,-0.168519632150571
445,8.4175,-1.15352393193722
445,8.425,-2.16935083015705
445,8.4325,-3.12239595959029
445,8.44,2.24595368878928
445,8.4475,1.30705554988682
445,8.455,0.443296371173262
445,8.4625,-0.433272140847286
445,8.47,-1.33838367099742
445,8.4775,-2.20452233631445
445,8.485,-3.10260220983549
445,8.4925,2.198601320577
445,8.5,1.11496444350599
445,8.5075,0.112327792941958
445,8.515,-0.897301585941144
445,8.5225,-2.04280387109043
445,8.53,-3.02496268901652
445,8.5375,2.2810745828175
445,8.545,1.22479563902826
445,8.5525,0.338303125137377
445,8.56,-0.489801093760735
445,8.5675,-1.27943179018134
445,8.575,-2.13267076633349
445,8.5825,-2.98464028301846
445,8.59,2.31727942328325
445,8.5975,1.37274040703911
445,8.605,0.355172350588047
445,8.6125,-0.716369243237756
445,8.62,-1.67024699949512
445,8.6275,-2.76862257618316
445,8.635,2.47156399146774
445,8.6425,1.55581551058856
445,8.65,0.477932551726715
445,8.6575,-0.413073302228112
445,8.665,-1.31319021247663
445,8.6725,-2.36962282970027
445,8.68,3.09006442075411
445,8.6875,2.10014871261045
445,8.695,1.15893949266965
445,8.7025,0.347140986507961
445,8.71,-0.582188337272319
445,8.7175,-1.52951407836094
445,8.725,-2.49151024133685
445,8.7325,2.88149716512482
445,8.74,1.70850247414064
445,8.7475,0.606100788452124
445,8.755,-0.271609945421962
445,8.7625,-1.4794137886198
445,8.77,-2.53286940982547
445,8.7775,3.11376242041458
445,8.785,1.96063850203284
445,8.7925,1.08655344861352
445,8.8,0.400191741576618
445,8.8075,-0.56545320704838
445,8.815,-1.41539991755497
445,8.8225,-2.38295591515879
445,8.83,-3.0907338115253
445,8.8375,2.19373741198252
445,8.845,1.18882949556133
445,8.8525,0.343933527187403
445,8.86,-0.812564519167679
445,8.8675,-1.99643811576513
445,8.875,-2.98457445167934
445,8.8825,2.41210596131283
445,8.89,1.27091274567033
445,8.8975,0.240992076189531
445,8.905,-0.0140677261947216
445,8.9125,-0.908630841890277
445,8.92,-1.43495752466553
445,8.9275,-2.21056335545428
445,8.935,3.0190708213513
445,8.9425,2.01528558235764
445,8.95,1.12648114427555
445,8.9575,0.165591751364008
445,8.965,-0.949986035653322
445,8.9725,-2.04080616103331
445,8.98,-2.92513915360439
445,8.9875,2.41680949470534
445,8.995,1.43487818345748
445,9.0025,0.839741759563324
445,9.01,0.0870599814752457
445,9.0175,-0.759609274562001
445,9.025,-1.50640971111028
445,9.0325,-2.34527462270242
445,9.04,2.8950012311411
445,9.0475,1.91566789583127
445,9.055,1.0337130458225
445,9.0625,-0.00476707468843077
445,9.07,-0.953739599666266
445,9.0775,-1.92673536747469
445,9.085,-3.02732921638345
445,9.0925,2.40137332690986
445,9.1,1.50049748736251
445,9.1075,0.507001302644817
445,9.115,-0.21895060239227
445,9.1225,-1.20734428070991
445,9.13,-2.20230164507179
445,9.1375,-3.0027502961017
445,9.145,2.27357591003048
445,9.1525,1.38651801040137
445,9.16,0.503246860239808
445,9.1675,-0.496800238441214
445,9.175,-1.38871176913596
445,9.1825,-2.32549878065497
445,9.19,2.88478809946937
445,9.1975,1.92495264059859
445,9.205,0.929979405322468
445,9.2125,-0.23691236379564
445,9.22,-1.1667450207564
445,9.2275,-2.04303142624929
445,9.235,-3.11495818965748
445,9.2425,2.37489894142757
445,9.25,1.44266448418503
445,9.2575,0.445892273098354
445,9.265,-0.400970168814051
445,9.2725,-1.38699674745813
445,9.28,-2.30420431124627
445,9.2875,3.02019436971522
445,9.295,1.98357180619775
445,9.3025,0.991481358408878
445,9.31,-0.0135882858959967
445,9.3175,-1.04296278370784
445,9.325,-2.08429064110849
445,9.3325,-3.01649308780706
445,9.34,2.27238538576066
445,9.3475,1.33418635645605
445,9.355,0.488307949637563
445,9.3625,-0.490776720724117
445,9.37,-1.3473437247404
445,9.3775,-2.34979737862234
445,9.385,2.96259356866937
445,9.3925,2.08219402673816
445,9.4,1.0372176310585
445,9.4075,0.0706385800483422
445,9.415,-0.867085552254653
445,9.4225,-1.92075574462096
445,9.43,-2.91209446436709
445,9.4375,2.49659284263206
445,9.445,1.52200167793246
445,9.4525,0.496428032047185
445,9.46,-0.41438589091556
445,9.4675,-1.34544297427585
445,9.475,-2.36841489936171
445,9.4825,2.98509757937304
445,9.49,2.09483982102634
445,9.4975,1.09747323521556
445,9.505,0.147505519594268
445,9.5125,-0.746050402815856
445,9.52,-1.70182171383091
445,9.5275,-2.72509483983171
445,9.535,2.5829380497703
445,9.5425,1.64475016648035
445,9.55,0.594491723458539
445,9.5575,-0.411804419579381
445,9.565,-1.34806679327604
445,9.5725,-2.36860023644011
445,9.58,2.90963981628307
445,9.5875,1.98993106507552
445,9.595,1.05939059673781
445,9.6025,0.0734076189712604
445,9.61,-0.85944269677974
445,9.6175,-1.72900370693363
445,9.625,-2.65787704526984
445,9.6325,2.66818032756403
445,9.64,1.76471724766912
445,9.6475,0.781761762435556
445,9.655,-0.231225358820652
445,9.6625,-1.22895304448368
445,9.67,-2.29719625385214
445,9.6775,2.97250884360987
445,9.685,1.9925686005498
445,9.6925,0.964665941935895
445,9.7,0.0800133970784964
445,9.7075,-0.748207987330083
445,9.715,-1.61658265123586
445,9.7225,-2.38131254881651
445,9.73,2.95244355170577
445,9.7375,1.98678853059507
445,9.745,1.0220758788548
445,9.7525,-0.0423535322102243
445,9.76,-0.998145074798091
445,9.7675,-1.9563529446447
445,9.775,-3.01525579967963
445,9.7825,2.26446243757884
445,9.79,1.33689606941247
445,9.7975,0.28541044301778
445,9.805,-0.674759864481958
445,9.8125,-1.50235268136225
445,9.82,-2.52588661145854
445,9.8275,2.86597264393746
445,9.835,1.96344807376631
445,9.8425,1.08600677865686
445,9.85,0.261328579677511
445,9.8575,-0.818203839263755
445,9.865,-1.67471255472931
445,9.8725,-2.56195985936343
445,9.88,2.60009284989232
445,9.8875,1.56938272329793
445,9.895,0.743991193613496
445,9.9025,-0.336293877885679
445,9.91,-1.47651698051918
445,9.9175,-1.98991185063874
445,9.925,-3.03709042766758
445,9.9325,2.08794097226783
445,9.94,1.62356699160156
445,9.9475,0.644191982116858
445,9.955,0.0781020364413161
445,9.9625,-0.57541071260173
445,9.97,-1.36028339844076
445,9.9775,-2.27722931874369
445,9.985,2.97768721173862
445,9.9925,2.05424379056642
445,10,0.982187143074958
445,10.0075,-0.0371092324518399
445,10.015,-1.00982543624954
445,10.0225,-1.95025151176571
445,10.03,-2.75003171308894
445,10.0375,2.90619131091998
445,10.045,2.1608338780033
445,10.0525,1.22133640191493
445,10.06,0.268706665050983
445,10.0675,-0.767275303549626
445,10.075,-1.79311365273416
445,10.0825,-2.80943031618895
445,10.09,2.39790566050807
445,10.0975,1.38887822008017
445,10.105,0.445244676188366
445,10.1125,-0.595527347749854
445,10.12,-1.55994809286417
445,10.1275,-2.36601365507894
445,10.135,2.98181559434509
445,10.1425,2.16434807612471
445,10.15,1.32271076052439
445,10.1575,0.412696580825987
445,10.165,-0.509256030372793
445,10.1725,-1.4831923175558
445,10.18,-2.4256552375135
445,10.1875,2.85728400639175
445,10.195,1.83911508147679
445,10.2025,0.923655703005476
445,10.21,-0.0689189438899374
445,10.2175,-1.06429613417409
445,10.225,-1.92340448938812
445,10.2325,-2.83603815570637
445,10.24,2.52562184109928
445,10.2475,1.58286850337991
445,10.255,0.636917139465933
445,10.2625,-0.361686779259944
445,10.27,-1.40595340886344
445,10.2775,-2.33636261304798
445,10.285,3.03179543923719
445,10.2925,2.08156757592626
445,10.3,1.24512413113553
445,10.3075,0.322915749611544
445,10.315,-0.678070624046047
445,10.3225,-1.65225294334462
445,10.33,-2.70009244998319
445,10.3375,2.54422919291259
445,10.345,1.55987947287444
445,10.3525,0.536488559498105
445,10.36,-0.429142777467334
445,10.3675,-1.33049672596962
445,10.375,-2.29705311398885
445,10.3825,3.01564281740302
445,10.39,2.08950421822976
445,10.3975,1.151394655792
445,10.405,0.193843977716151
445,10.4125,-0.777059746014371
445,10.42,-1.74621523746499
445,10.4275,-2.69734299254277
445,10.435,2.60613541470503
445,10.4425,1.67091320900524
445,10.45,0.724632778427516
445,10.4575,-0.248526583519307
445,10.465,-1.22716805606596
445,10.4725,-2.24252120585467
445,10.48,3.08814200295097
445,10.4875,2.11973790384133
445,10.495,1.17561924110335
445,10.5025,0.287509870663292
445,10.51,-0.631686701470538
445,10.5175,-1.58036792329476
445,10.525,-2.5269339244804
445,10.5325,2.8313823454551
445,10.54,1.80674144025368
445,10.5475,0.785047703223814
445,10.555,-0.145741127717056
445,10.5625,-1.1424251946877
445,10.57,-2.14312869894642
445,10.5775,-3.02803227460713
445,10.585,2.24815658336976
445,10.5925,1.23128132756931
445,10.6,0.28761331476088
445,10.6075,-0.771198127365329
445,10.615,-1.77315104679673
445,10.6225,-2.69843923430366
445,10.63,2.55732503598309
445,10.6375,1.56421202566318
445,10.645,0.70812418613938
445,10.6525,-0.21406518157863
445,10.66,-1.15785901211653
445,10.6675,-2.01460413772041
445,10.675,-3.03743375294728
445,10.6825,2.22654249931468
445,10.69,1.24133587789964
445,10.6975,0.144126925178022
445,10.705,-0.846069082687714
445,10.7125,-1.83222217483041
445,10.72,-2.91052055905351
445,10.7275,2.48080253335228
445,10.735,1.52688833728046
445,10.7425,0.462084468758221
445,10.75,-0.470369391677587
445,10.7575,-1.39812940860093
445,10.765,-2.40329842375579
445,10.7725,2.98336181924797
445,10.78,2.17781561555508
445,10.7875,1.22032477058403
445,10.795,0.255308860727092
445,10.8025,-0.685088619704535
445,10.81,-1.75782167991121
445,10.8175,-2.88314069349193
445,10.825,2.37646555394243
445,10.8325,1.33355276764143
445,10.84,0.250135034229774
445,10.8475,-0.69409788400814
445,10.855,-1.58192484395938
445,10.8625,-2.42612909556631
445,10.87,-3.13529093973542
445,10.8775,2.23874998488104
445,10.885,1.2734973596342
445,10.8925,0.24432508477858
445,10.9,-0.726526469726684
445,10.9075,-1.7313536258513
445,10.915,-2.91373764034125
445,10.9225,2.39142360227067
445,10.93,1.5968375067692
445,10.9375,0.5487597428322
445,10.945,-0.592807233502822
445,10.9525,-1.72166489920732
445,10.96,-2.9239476260552
445,10.9675,1.9941154279356
445,10.975,0.64258965405202
445,10.9825,-0.628390434872558
445,10.99,-1.87084605382073
445,10.9975,-2.95576642984345
445,11.005,2.10033342110569
445,11.0125,0.843529649875957
445,11.02,0.135953136320584
445,11.0275,-0.854914216415837
445,11.035,-2.0792600026258
445,11.0425,-3.01383167151337
445,11.05,2.31401024954768
445,11.0575,1.09419900865254
445,11.065,0.0608799372931315
445,11.0725,-0.678662517199921
445,11.08,-1.72714120616877
445,11.0875,-2.64778699322765
445,11.095,2.79976079169452
445,11.1025,1.71766047773864
445,11.11,0.777087398755558
445,11.1175,-0.249840477110606
445,11.125,-1.37815572178454
445,11.1325,-2.3559930868649
445,11.14,2.84169764441796
445,11.1475,1.69826629209018
445,11.155,0.784079541630991
445,11.1625,-0.161838432748048
445,11.17,-1.14715644823576
445,11.1775,-1.9190709504979
445,11.185,-2.77130129644962
445,11.1925,2.55860303762721
445,11.2,1.67389266502795
445,11.2075,0.631533721982327
445,11.215,-0.432887198763997
445,11.2225,-1.37681068989771
445,11.23,-2.41463611109816
445,11.2375,2.82669615402561
445,11.245,1.94255779323495
445,11.2525,0.998044783774859
445,11.26,-0.0716838417900737
445,11.2675,-0.979221029375289
445,11.275,-1.90490789845528
445,11.2825,-2.94170101449031
445,11.29,2.46812612975446
445,11.2975,1.55197165004317
445,11.305,0.640074729643943
445,11.3125,-0.233487263244187
445,11.32,-1.18160345464898
445,11.3275,-2.1556277649372
445,11.335,3.08442085422499
445,11.3425,2.07345703917682
445,11.35,1.07001332233003
445,11.3575,0.0583255701219137
445,11.365,-0.883810323837226
445,11.3725,-1.87919791530475
445,11.38,-2.81256630351718
445,11.3875,2.58876101240411
445,11.395,1.60434597184543
445,11.4025,0.627106949713088
445,11.41,-0.376498140576366
445,11.4175,-1.39785912025818
445,11.425,-2.39595746775138
445,11.4325,2.91453996963247
445,11.44,2.00066611970709
445,11.4475,1.06817161409853
445,11.455,0.136512147449834
445,11.4625,-0.767138723045211
445,11.47,-1.72619335309613
445,11.4775,-2.71957219535067
445,11.485,2.54666772098715
445,11.4925,1.52905567598701
445,11.5,0.536478666417063
445,11.5075,-0.4653346087897
445,11.515,-1.43793575415474
445,11.5225,-2.37249603517754
445,11.53,2.9725223649849
445,11.5375,2.02806489336851
445,11.545,1.10300674720688
445,11.5525,0.197127795682196
445,11.56,-0.762152292073831
445,11.5675,-1.73230371768945
445,11.575,-2.6944772749256
445,11.5825,2.60194247522139
445,11.59,1.61561901362558
445,11.5975,0.592175717204034
445,11.605,-0.425197319017472
445,11.6125,-1.44488272081317
445,11.62,-2.46494627868914
445,11.6275,2.83622137233607
445,11.635,1.93921271255748
445,11.6425,1.07171211343017
445,11.65,0.0966658334913341
445,11.6575,-0.734458557922193
445,11.665,-1.67546226407602
445,11.6725,-2.69317374228276
445,11.68,2.68440343230203
445,11.6875,1.62268014762195
445,11.695,0.567955074601491
445,11.7025,-0.38628427636016
445,11.71,-1.33439180716804
445,11.7175,-2.25371921227238
445,11.725,3.02298504605201
445,11.7325,2.13278861710349
445,11.74,1.14832219307538
445,11.7475,0.0977637177273175
445,11.755,-0.865515529538485
445,11.7625,-1.93272986476097
445,11.77,-3.00385221480807
445,11.7775,2.19392869134155
445,11.785,1.19173194735437
445,11.7925,0.36430769859983
445,11.8,-0.67707336480794
445,11.8075,-1.42297997773945
445,11.815,-2.24597605243489
445,11.8225,2.9549131275031
445,11.83,2.11707561832794
445,11.8375,1.03638550529191
445,11.845,-0.0984628443854788
445,11.8525,-1.16571528859342
445,11.86,-2.37959930262297
445,11.8675,3.03874251967753
445,11.875,2.04679614336346
445,11.8825,0.495965859396141
445,11.89,-0.849588567778517
445,11.8975,-0.766681476497327
445,11.905,-3.03640818622063
445,11.9125,0.776924488696112
445,11.92,-1.12959127091759
445,11.9275,-1.31917945261487
445,11.935,-2.78010907309934
445,11.9425,1.92918133401929
445,11.95,0.872143190156329
445,11.9575,0.20287783600648
445,11.965,-1.04411027786563
445,11.9725,0.0416333261237443
445,11.98,-1.29032651699338
445,11.9875,-2.28101435114385
445,11.995,2.76413877757824
445,12.0025,1.53754918902475
445,12.01,0.55810834291198
445,12.0175,-0.573661117783374
445,12.025,-1.57210714769419
445,12.0325,-2.26957530662479
445,12.04,3.06548753043412
445,12.0475,2.14112216991281
445,12.055,1.29504219715852
445,12.0625,0.208945542610252
445,12.07,-0.927732860159493
445,12.0775,-1.80483067185238
445,12.085,-2.84594207157759
445,12.0925,2.36245996119128
445,12.1,1.6185660834254
445,12.1075,0.670993388159545
445,12.115,-0.216213040151095
445,12.1225,-1.05436851489438
445,12.13,-2.06432439253944
445,12.1375,-3.08488947997258
445,12.145,2.13811717450536
445,12.1525,1.1669546678968
445,12.16,0.256480406770972
445,12.1675,-0.752159101201038
445,12.175,-1.72353798795893
445,12.1825,-2.65804175695671
445,12.19,2.5744552258404
445,12.1975,1.53930441000818
445,12.205,0.608195875131404
445,12.2125,-0.365239233661527
445,12.22,-1.31209656160804
445,12.2275,-2.23222552166027
445,12.235,3.1259848236812
445,12.2425,2.1562161017172
445,12.25,1.14657078621945
445,12.2575,0.166986251145857
445,12.265,-0.873989622120193
445,12.2725,-1.88832742309568
445,12.28,-2.86663957405268
445,12.2875,2.39258113352136
445,12.295,1.49975975746047
445,12.3025,0.575245543849296
445,12.31,-0.392978708882885
445,12.3175,-1.21715041412587
445,12.325,-2.18293318160662
445,12.3325,3.12293749708502
445,12.34,2.13962635117633
445,12.3475,1.12835231706188
445,12.355,0.124593526591126
445,12.3625,-0.893541151363722
445,12.37,-1.78132002303521
445,12.3775,-2.73277758580566
445,12.385,2.61791201114665
445,12.3925,1.74022861946213
445,12.4,0.70602469224604
445,12.4075,-0.266087783891713
445,12.415,-1.29861283658911
445,12.4225,-2.37293737033451
445,12.43,2.97157056713182
445,12.4375,1.91836160907299
445,12.445,1.0023082816022
445,12.4525,0.139789031794405
445,12.46,-0.897391865750352
445,12.4675,-1.73820687598545
445,12.475,-2.73835628181242
445,12.4825,2.54266051340722
445,12.49,1.6348484033268
445,12.4975,0.620166745977895
445,12.505,-0.302781830531931
445,12.5125,-1.24753490793606
445,12.52,-2.18500099149952
445,12.5275,-3.13901582775378
445,12.535,2.13943910920041
445,12.5425,1.10417394593418
445,12.55,0.0380688511547688
445,12.5575,-0.900078565308777
445,12.565,-1.95447074934158
445,12.5725,-3.01537634810691
445,12.58,2.43519356180795
445,12.5875,1.3996697332302
445,12.595,0.487656649723268
445,12.6025,-0.316394850775388
445,12.61,-1.37524122868325
445,12.6175,-2.35919992937819
445,12.625,2.91342126270398
445,12.6325,1.82622235845124
445,12.64,0.83153847796115
445,12.6475,-0.195338251112243
445,12.655,-1.24468333849343
445,12.6625,-2.14753991940244
445,12.67,-3.09948138821372
445,12.6775,2.23255387822462
445,12.685,1.36701445667075
445,12.6925,0.339589158314362
445,12.7,-0.753022363735067
445,12.7075,-1.73079560134537
445,12.715,-2.75219643150088
445,12.7225,2.51268893474164
445,12.73,1.88105888581752
445,12.7375,0.99207992313898
445,12.745,0.00441297085378305
445,12.7525,-0.985546944734828
445,12.76,-2.14662522398104
445,12.7675,3.01889937547269
445,12.775,1.95297911557306
445,12.7825,0.857426575215779
445,12.79,-0.173278141970086
445,12.7975,-1.09776176589432
445,12.805,-1.87994971599799
445,12.8125,-2.77248657868244
445,12.82,2.41662555136749
445,12.8275,1.29713551350924
445,12.835,0.140211270944689
445,12.8425,-0.9923695360309
445,12.85,-2.14276103784223
445,12.8575,2.87924462697591
445,12.865,1.99079614188116
445,12.8725,1.05806807665692
445,12.88,0.114215340852935
445,12.8875,0.233714757884297
445,12.895,-1.00030189822206
445,12.9025,-2.17558019325195
445,12.91,2.96413603488601
445,12.9175,1.74428068543128
445,12.925,0.569166088264161
445,12.9325,-0.546262545110933
445,12.94,-1.67926990909373
445,12.9475,-2.73069025200564
445,12.955,2.45191804869001
445,12.9625,1.33987296331705
445,12.97,0.314960391220084
445,12.9775,-0.703964277013841
445,12.985,-1.72375128886852
445,12.9925,-2.88539663494234
445,13,2.48941650292446
445,13.0075,1.56080552108058
445,13.015,0.429976629576704
445,13.0225,0.188329651386877
445,13.03,-1.02049439439961
445,13.0375,-2.1355307561372
445,13.045,-2.97129798834112
445,13.0525,2.01659837830053
445,13.06,0.853565647046281
445,13.0675,-0.0898038811080057
445,13.075,-1.32872819407478
445,13.0825,-2.46526778514706
445,13.09,3.07613033480517
445,13.0975,2.27991640622484
445,13.105,1.46075005280148
445,13.1125,0.757152658098651
445,13.12,-0.256457245091506
445,13.1275,-1.42605322319871
445,13.135,-2.34880048197836
445,13.1425,2.80925530476437
445,13.15,1.69596355527169
445,13.1575,0.821921292019686
445,13.165,-0.296639205017961
445,13.1725,-0.976696593313525
445,13.18,-1.70293126801307
445,13.1875,-2.75183201975328
445,13.195,2.73550943518485
445,13.2025,1.64249654553606
445,13.21,0.506410125203549
445,13.2175,-0.473294509237399
445,13.225,-1.43250851581886
445,13.2325,-2.40035109478755
445,13.24,2.9005384566587
445,13.2475,1.96007599444748
445,13.255,0.946896471941081
445,13.2625,-0.0459856835365115
445,13.27,-0.951009230898177
445,13.2775,-1.92096693052008
445,13.285,-2.83971708468903
445,13.2925,2.62613785104633
445,13.3,1.77417216635218
445,13.3075,0.786384162337967
445,13.315,-0.233055815074342
445,13.3225,-1.29346776522471
445,13.33,-2.37344195400218
445,13.3375,2.88465855156611
445,13.345,1.89044491601563
445,13.3525,0.789199748455245
445,13.36,-0.210925280489633
445,13.3675,-0.949488836082095
445,13.375,-1.88588132038879
445,13.3825,-2.65421375220699
445,13.39,2.72961769611402
445,13.3975,1.63371298326031
445,13.405,0.558889049486444
445,13.4125,-0.519512067531481
445,13.42,-1.61052586339395
445,13.4275,-2.71068680757056
445,13.435,2.57854504986738
445,13.4425,1.6781559064677
445,13.45,0.746663302494749
445,13.4575,-0.0398570825166029
445,13.465,-0.923782767271249
445,13.4725,-2.01899668594419
445,13.48,-3.04324043314533
445,13.4875,2.19299691915002
445,13.495,1.07552898871649
445,13.5025,0.158469811661445
445,13.51,-0.558153945313536
445,13.5175,-1.34119691631384
445,13.525,-2.14649394265882
445,13.5325,3.13857722808577
445,13.54,2.13083325274572
445,13.5475,1.14197084566232
445,13.555,-0.0449001925785287
445,13.5625,-1.11161046977331
445,13.57,-1.98483062817954
445,13.5775,-3.09588434518102
445,13.585,2.09783229490037
445,13.5925,1.37858658480059
445,13.6,0.301590900824467
445,13.6075,-0.924091539425271
445,13.615,-1.64891318136654
445,13.6225,-2.79481084627673
445,13.63,2.27632045196773
445,13.6375,1.33445314925294
445,13.645,0.142889428055045
445,13.6525,-0.649428712272347
445,13.66,-1.34823115034107
445,13.6675,-1.99972636897441
445,13.675,-2.97163233792907
445,13.6825,1.95665701321134
445,13.69,0.828773901835992
445,13.6975,-0.39248190143631
445,13.705,-1.74349283034557
445,13.7125,-2.95873508086206
445,13.72,2.10135300296935
445,13.7275,0.925959490462589
445,13.735,-0.158273308661417
445,13.7425,-1.18279304353421
445,13.75,-2.08934737506823
445,13.7575,-3.08600632022993
445,13.765,2.26464279567044
445,13.7725,0.96077238906569
445,13.78,-0.362585160098772
445,13.7875,-1.13146784007234
445,13.795,-2.40020725881826
445,13.8025,2.48911728162472
445,13.81,2.40895263005624
445,13.8175,1.17980049526689
445,13.825,0.0985771056010825
445,13.8325,-0.185882601120841
445,13.84,-1.49376926688213
445,13.8475,-2.68493852970647
445,13.855,2.60272767249105
445,13.8625,1.38544934058252
445,13.87,0.164787610452376
445,13.8775,-0.906974924049185
445,13.885,-1.9448297338865
445,13.8925,-2.91054139018037
445,13.9,2.69231223859872
445,13.9075,1.72403157241186
445,13.915,0.881523229371875
445,13.9225,0.0826225062210194
445,13.93,-1.15126776946593
445,13.9375,-2.20882264454228
445,13.945,-3.071282773986
445,13.9525,2.16128847118749
445,13.96,1.36701235127133
445,13.9675,0.699316607538949
445,13.975,-0.260570743395915
445,13.9825,-1.33302090331217
445,13.99,-2.38840208117811
445,13.9975,2.86456330629628
445,14.005,1.83851714835395
445,14.0125,0.798607151442306
445,14.02,-0.200888787367088
445,14.0275,-0.880879601292634
445,14.035,-1.63103617786568
445,14.0425,-2.62094801542506
445,14.05,2.74012607997687
445,14.0575,1.65663916260188
445,14.065,0.499669423758933
445,14.0725,-0.51813617122641
445,14.08,-1.42923583519791
445,14.0875,-2.42854104029499
445,14.095,2.85264956843512
445,14.1025,2.01724722472325
445,14.11,1.12650603054134
445,14.1175,0.138457559047751
445,14.125,-0.859607546374623
445,14.1325,-1.90439894223897
445,14.14,-3.03364968033039
445,14.1475,2.13528516328385
445,14.155,1.20749973698056
445,14.1625,0.317655100694879
445,14.17,-0.447732539242796
445,14.1775,-1.18996640368689
445,14.185,-2.07294754214184
445,14.1925,-3.12556476754346
445,14.2,2.11105749569929
445,14.2075,1.11026996112076
445,14.215,-0.0716693883385064
445,14.2225,-1.13761751696857
445,14.23,-1.95370535391733
445,14.2375,-3.03343985454319
445,14.245,2.44013357552087
445,14.2525,1.75282641358073
445,14.26,0.696588170696562
445,14.2675,-0.143153094298921
445,14.275,-1.13572139700205
445,14.2825,-2.10522629123611
445,14.29,-2.87745066391911
445,14.2975,2.38783908501798
445,14.305,1.61641541356122
445,14.3125,0.820560161704669
445,14.32,-0.318405833098411
445,14.3275,-1.37303272854344
445,14.335,-2.37521527434013
445,14.3425,2.79773603780268
445,14.35,1.81715022708363
445,14.3575,0.94886313130082
445,14.365,-0.00508585820582247
445,14.3725,-0.919384204734531
445,14.38,-1.72443781758284
445,14.3875,-2.7416924734116
445,14.395,2.58485991717275
445,14.4025,1.66410043206126
445,14.41,0.52621944436265
445,14.4175,-0.449132813870116
445,14.425,-1.34016430406472
445,14.4325,-2.325688563593
445,14.44,3.10492947616683
445,14.4475,2.15032881605431
445,14.455,1.09820059648145
445,14.4625,0.105714071269603
445,14.47,-0.954546125193037
445,14.4775,-2.0308590021318
445,14.485,-3.0316415942108
445,14.4925,2.14510814506712
445,14.5,1.23916370645288
445,14.5075,0.693303950350676
445,14.515,0.011068782572517
445,14.5225,-0.783463360851185
445,14.53,-1.66760836707684
445,14.5375,-2.71754993792279
445,14.545,2.41173820433648
445,14.5525,1.45693743549369
445,14.56,0.492800816889698
445,14.5675,-0.576231242585183
445,14.575,-1.49400662879843
445,14.5825,-2.34250685840853
445,14.59,3.00356904411915
445,14.5975,1.90765239758948
445,14.605,0.88991933674031
445,14.6125,0.155062292907938
445,14.62,-0.686989324930186
445,14.6275,-1.44499476570433
445,14.635,-2.13186655947836
445,14.6425,-3.12689173401904
445,14.65,2.12047749477112
445,14.6575,1.10666100305161
445,14.665,0.0683470538977539
445,14.6725,-1.00298996847746
445,14.68,-2.04695252947688
445,14.6875,-3.05662260054691
445,14.695,2.39000147564131
445,14.7025,1.56103283403085
445,14.71,0.511249787994703
445,14.7175,-0.393896192046966
445,14.725,-1.39940941436581
445,14.7325,-2.59114257325732
445,14.74,2.59378986595184
445,14.7475,1.59976836580503
445,14.755,0.53305273853167
445,14.7625,-0.111404813259642
445,14.77,0.566689648591343
445,14.7775,-0.719601810942205
445,14.785,-1.79261611581012
445,14.7925,-2.96427861418044
445,14.8,2.08482583828407
445,14.8075,0.951787917747794
445,14.815,-0.213365012250354
445,14.8225,-1.32494223718752
445,14.83,-2.18560359296978
445,14.8375,-2.38217945749753
445,14.845,-2.32456386141072
445,14.8525,2.89182553495399
445,14.86,1.71638522637724
445,14.8675,0.606651220232953
445,14.875,-0.455872094210714
445,14.8825,-1.61271681134066
445,14.89,-2.64273736283804
445,14.8975,2.74473565357044
445,14.905,1.64720676984775
445,14.9125,0.643753091894431
445,14.92,-0.326137414792898
445,14.9275,-1.45231916461367
445,14.935,-2.5059534446837
445,14.9425,2.80525772414646
445,14.95,1.80982648434789
445,14.9575,1.25968399308769
445,14.965,0.598953420611838
445,14.9725,-0.125662716296615
445,14.98,-1.00722026634475
445,14.9875,-2.20736418308354
445,14.995,3.03199595951729
445,15.0025,2.0561032728931
445,15.01,0.88552014048719
445,15.0175,-0.019876461463289
445,15.025,-0.810680047977683
445,15.0325,-1.68599311636636
445,15.04,-2.42319255139363
445,15.0475,2.85062403942402
445,15.055,1.90869084723619
445,15.0625,0.810486259317301
445,15.07,-0.324231285776538
445,15.0775,-1.2691367443291
445,15.085,-2.15680438949033
445,15.0925,-1.86721781601736
445,15.1,-2.86806059279125
445,15.1075,2.44349919743301
445,15.115,1.38473009266488
445,15.1225,0.186020146227113
445,15.13,-0.9248531386983
445,15.1375,-2.06999165781126
445,15.145,3.07277468274968
445,15.1525,2.03252334501804
445,15.16,0.993175939102538
445,15.1675,0.192038382554729
445,15.175,-0.615462468004315
445,15.1825,-1.59367360583114
445,15.19,-2.46444403008426
445,15.1975,2.7923785145809
445,15.205,1.76019660710525
445,15.2125,0.83619439926072
445,15.22,-0.050646960017547
445,15.2275,-0.872569871460796
445,15.235,-1.75534600823202
445,15.2425,-2.71036674957012
445,15.25,2.52767669919147
445,15.2575,1.42474080833909
445,15.265,0.345883476143959
445,15.2725,-0.717978655722098
445,15.28,-1.75535425193034
445,15.2875,-2.65494997792174
445,15.295,2.92762446379931
445,15.3025,2.26329139905064
445,15.31,1.46905107445153
445,15.3175,0.452085315354012
445,15.325,-0.640464523743283
445,15.3325,-1.68687750067189
445,15.34,-2.7405071449632
445,15.3475,2.51063986258213
445,15.355,1.59336014915471
445,15.3625,0.731328295311592
445,15.37,-0.107221303069698
445,15.3775,-0.975339691382701
445,15.385,-1.90026559423782
445,15.3925,-2.95279660147924
445,15.4,2.21310847771188
445,15.4075,1.15818254251112
445,15.415,0.124195137339016
445,15.4225,-0.827628312958414
445,15.43,-1.61223539984749
445,15.4375,-2.4095990968449
445,15.445,2.95428087123165
445,15.4525,1.97695156133471
445,15.46,0.966567078386144
445,15.4675,-0.165202970499326
445,15.475,-1.24941834524879
445,15.4825,-2.23455328228409
445,15.49,3.00523218473262
445,15.4975,2.09791412594259
445,15.505,1.25743835987196
445,15.5125,0.290056486271419
445,15.52,-0.687210941636989
445,15.5275,-1.70174218960687
445,15.535,-2.72461381923488
445,15.5425,2.53036761405973
445,15.55,1.52945626392045
445,15.5575,0.577458633437321
445,15.565,-0.250012356894444
445,15.5725,-0.895186727788576
445,15.58,-1.7095132994123
445,15.5875,-2.61146160386396
445,15.595,2.61321627719649
445,15.6025,1.50824809314224
445,15.61,0.430505102292166
445,15.6175,-0.663646841440522
445,15.625,-1.79048739651028
445,15.6325,-2.8928753030736
445,15.64,2.48947014712191
445,15.6475,1.77727293862518
445,15.655,1.1396707797523
445,15.6625,0.30159150315194
445,15.67,-0.728228822804032
445,15.6775,-1.71841667619136
445,15.685,-2.78275278159421
445,15.6925,2.45504628844324
445,15.7,1.65085166703543
445,15.7075,0.807578043953299
445,15.715,-0.157902622901488
445,15.7225,-1.12070008938079
445,15.73,-2.11986280392512
445,15.7375,3.01012083663827
445,15.745,1.89928539216009
445,15.7525,0.897557487207602
445,15.76,-0.269234213748551
445,15.7675,-1.26080779911198
445,15.775,-2.02935605554351
445,15.7825,-2.92564911239961
445,15.79,2.9823253669034
445,15.7975,1.83071388046127
445,15.805,0.637293103673258
445,15.8125,-0.235930448396335
445,15.82,-1.3884511379722
445,15.8275,-2.56658786083468
445,15.835,2.93862080527911
445,15.8425,2.15796889144682
445,15.85,1.36659454568843
445,15.8575,0.541374446984072
445,15.865,-0.38153310918821
445,15.8725,-1.60024926811794
445,15.88,-2.89763257488499
445,15.8875,2.21050466448329
445,15.895,0.928877911784631
445,15.9025,-0.635574225479429
445,15.91,-2.67702344476131
445,15.9175,1.40875196838052
445,15.925,-0.23497303615387
445,15.9325,-1.60339312188354
445,15.94,-2.88117900729923
445,15.9475,2.03002648630527
445,15.955,0.531475979971292
445,15.9625,-1.06798474847071
445,15.97,1.60573195684814
445,15.9775,0.147830662569577
445,15.985,-1.10278155200547
445,15.9925,-2.60815086212904
445,16,2.40471038031175
455,4,-1.27065697228363
455,4.0075,-2.32842520328106
455,4.015,2.72725698538882
455,4.0225,1.36808748027709
455,4.03,0.254602319115393
455,4.0375,-0.792902383762435
455,4.045,-1.80005216584951
455,4.0525,-2.72245915943114
455,4.06,2.45422977735533
455,4.0675,1.33514041223423
455,4.075,0.462300477465338
455,4.0825,-0.566751582856112
455,4.09,-1.44379819244808
455,4.0975,-1.94878608858389
455,4.105,-2.85977426420996
455,4.1125,2.63682221113454
455,4.12,1.74192842211908
455,4.1275,0.806009090145308
455,4.135,-0.29228754200232
455,4.1425,-1.37816846927704
455,4.15,-2.50636747105063
455,4.1575,2.66798210180806
455,4.165,1.57932464523327
455,4.1725,0.507834737980779
455,4.18,-0.390376199191138
455,4.1875,-1.32126340800339
455,4.195,-2.2439960838784
455,4.2025,-3.03554714371089
455,4.21,2.2187405761165
455,4.2175,1.17580470825651
455,4.225,0.28652982998982
455,4.2325,-0.746121682870939
455,4.24,-1.55701032169893
455,4.2475,-2.34816561458486
455,4.255,3.00952997343558
455,4.2625,2.07735593739592
455,4.27,0.997799688586638
455,4.2775,-0.0874649028044185
455,4.285,-1.12017007805941
455,4.2925,-2.16518677813897
455,4.3,3.06616144909071
455,4.3075,2.12694595916758
455,4.315,1.1089775221038
455,4.3225,0.0511897974488964
455,4.33,-0.856018417665347
455,4.3375,-1.84552922411553
455,4.345,-2.78888729140913
455,4.3525,2.77652356293231
455,4.36,1.85498706854731
455,4.3675,0.883070918133078
455,4.375,-0.0386733862833379
455,4.3825,-1.08996827188262
455,4.39,-2.14297889755261
455,4.3975,-3.07912603807367
455,4.405,2.2188074980677
455,4.4125,1.16471137226207
455,4.42,0.139591925162433
455,4.4275,-0.877940117958754
455,4.435,-1.87000166157451
455,4.4425,-2.81927129368532
455,4.45,2.52173218028377
455,4.4575,1.79118932378494
455,4.465,0.905886197335276
455,4.4725,-0.00142825055187345
455,4.48,-0.986036876361443
455,4.4875,-2.10614177196966
455,4.495,-3.12918418061142
455,4.5025,2.18742313198157
455,4.51,1.27066163112745
455,4.5175,0.37950634623021
455,4.525,-0.557185674458427
455,4.5325,-1.55400946060202
455,4.54,-2.54856979437021
455,4.5475,2.69072554492671
455,4.555,1.58573123105315
455,4.5625,0.559743188050773
455,4.57,-0.331198326795598
455,4.5775,-1.10908043354903
455,4.585,-1.8598997733073
455,4.5925,-2.72838056382182
455,4.6,2.54459177369524
455,4.6075,1.55107349043606
455,4.615,0.606804280863197
455,4.6225,-0.405575048077852
455,4.63,-1.31714387727658
455,4.6375,-2.1682918223456
455,4.645,3.12048869012899
455,4.6525,2.12186690700766
455,4.66,1.12509194864266
455,4.6675,0.032185506546812
455,4.675,-1.02636937193789
455,4.6825,-1.95521837482613
455,4.69,-2.9260091921806
455,4.6975,2.51415984115654
455,4.705,1.61983887194071
455,4.7125,0.592612558867906
455,4.72,-0.27800808133137
455,4.7275,-1.16252172503139
455,4.735,-2.05155187453465
455,4.7425,-2.97536803630242
455,4.75,2.22522887410131
455,4.7575,1.12121073021673
455,4.765,0.0533947785373312
455,4.7725,-1.04699099105957
455,4.78,-2.14115774103668
455,4.7875,-3.04048400068034
455,4.795,2.34089025850623
455,4.8025,1.49552652906579
455,4.81,0.942581259641569
455,4.8175,-0.000452608569231006
455,4.825,-1.02953078831284
455,4.8325,-1.91605209423113
455,4.84,-2.82970881347492
455,4.8475,2.45302899383607
455,4.855,1.49415602341287
455,4.8625,0.477662780150374
455,4.87,-0.598736548369486
455,4.8775,-1.60517992028107
455,4.885,-2.60515646916928
455,4.8925,2.55215587961977
455,4.9,1.51809858489499
455,4.9075,0.553509423805108
455,4.915,-0.38855028064523
455,4.9225,-1.17662182752621
455,4.93,-1.9152359851729
455,4.9375,-2.8046983800464
455,4.945,2.48588610223759
455,4.9525,1.53520014280908
455,4.96,0.633811799019007
455,4.9675,-0.250961294747845
455,4.975,-1.22632840494938
455,4.9825,-2.01534652715349
455,4.99,-2.88747549152652
455,4.9975,2.41437136951356
455,5.005,1.34344739259464
455,5.0125,0.167281632625619
455,5.02,-1.07084573096498
455,5.0275,-2.35523464286362
455,5.035,2.76354274493107
455,5.0425,1.58829624156983
455,5.05,0.168387926573563
455,5.0575,-1.54596916949005
455,5.065,1.40593948712715
455,5.0725,-0.206765191989852
455,5.08,-1.43269277554043
455,5.0875,-2.5654507881173
455,5.095,2.3493728749555
455,5.1025,1.80276576469477
455,5.11,1.1784257956272
455,5.1175,0.506662121655439
455,5.125,-0.876435254832227
455,5.1325,-2.36065560707566
455,5.14,2.49424451541453
455,5.1475,0.277699147161674
455,5.155,-1.75362608315073
455,5.1625,3.04665881809641
455,5.17,1.66022480450923
455,5.1775,0.368465845445461
455,5.185,-0.874714149347165
455,5.1925,-1.89379718870778
455,5.2,-2.75957066715083
455,5.2075,2.50746899821286
455,5.215,1.9084092481629
455,5.2225,1.13992263479817
455,5.23,0.21007742625007
455,5.2375,-0.861865135368286
455,5.245,-1.88412392460181
455,5.2525,-2.85823065951797
455,5.26,2.35631654558207
455,5.2675,1.29635758880635
455,5.275,0.28947895267916
455,5.2825,-0.587218420455286
455,5.29,-1.54922153704873
455,5.2975,-2.29706457809659
455,5.305,-2.89867040004139
455,5.3125,2.11788705353808
455,5.32,1.01639143151894
455,5.3275,0.0981678725043385
455,5.335,-1.11142177471205
455,5.3425,-2.19271064334346
455,5.35,-3.07435169914078
455,5.3575,2.37407135947434
455,5.365,1.90862171606851
455,5.3725,1.05978884188055
455,5.38,0.163107135542281
455,5.3875,-0.85018209229561
455,5.395,-1.99948639308597
455,5.4025,-3.1143698629031
455,5.41,2.37318457404109
455,5.4175,1.46870222408938
455,5.425,0.381289267305034
455,5.4325,-0.516370759897106
455,5.44,-1.53293327094186
455,5.4475,-2.59823554971032
455,5.455,2.71163760135152
455,5.4625,1.66387403390926
455,5.47,0.641364563377931
455,5.4775,-0.329385507401486
455,5.485,-1.35371416667138
455,5.4925,-2.24869718844448
455,5.5,-3.1067814638162
455,5.5075,2.13161887948196
455,5.515,1.30414696268805
455,5.5225,0.415031295874285
455,5.53,-0.675899419256795
455,5.5375,-1.66230158938708
455,5.545,-2.61483296538184
455,5.5525,2.7175875667324
455,5.56,1.83049315207907
455,5.5675,0.89144384408017
455,5.575,-0.152572222496097
455,5.5825,-1.17637562716806
455,5.59,-2.21361596968957
455,5.5975,3.00594270084821
455,5.605,2.06970902134802
455,5.6125,1.11462194196779
455,5.62,0.25758901720258
455,5.6275,-0.475449322917509
455,5.635,-1.34757247295714
455,5.6425,-2.27244015613647
455,5.65,2.98937324315095
455,5.6575,1.94982252111953
455,5.665,0.983417269343765
455,5.6725,-0.0569456418191653
455,5.68,-1.11905328176318
455,5.6875,-1.96406197427872
455,5.695,-2.92366125988204
455,5.7025,2.27620915426179
455,5.71,1.32135131586442
455,5.7175,0.435278263478686
455,5.725,-0.568061728983482
455,5.7325,-1.53688207607055
455,5.74,-2.38514033214329
455,5.7475,2.94191312833323
455,5.755,1.94511062086032
455,5.7625,0.94055320908022
455,5.77,-0.00680060417481627
455,5.7775,-0.984675431767548
455,5.785,-2.02816515875936
455,5.7925,-3.00132733575109
455,5.8,2.33979859992821
455,5.8075,1.29456742876297
455,5.815,0.20029147076673
455,5.8225,-0.757541563733128
455,5.83,-1.69166950069046
455,5.8375,-2.71854618432524
455,5.845,2.66680418505818
455,5.8525,1.81949266416188
455,5.86,0.850792023158373
455,5.8675,-0.166728631120172
455,5.875,-1.12669555780246
455,5.8825,-2.01823740649536
455,5.89,-2.91996534982213
455,5.8975,2.36505542502485
455,5.905,1.46591923786608
455,5.9125,0.654977201712287
455,5.92,-0.496350790714677
455,5.9275,-1.58309776991794
455,5.935,-2.48091916158112
455,5.9425,2.62130465982849
455,5.95,1.47686677491383
455,5.9575,0.727145257715353
455,5.965,-0.0918124607016191
455,5.9725,-0.840234102892655
455,5.98,-1.56740516322783
455,5.9875,-2.50776195323248
455,5.995,2.72431700880692
455,6.0025,1.55866413760001
455,6.01,0.444629683305907
455,6.0175,-0.499748693488821
455,6.025,-1.41671035590575
455,6.0325,-2.42772436948367
455,6.04,-3.03387896328331
455,6.0475,2.26685281493714
455,6.055,1.02968794888441
455,6.0625,0.0503046677182243
455,6.07,-1.06448861441953
455,6.0775,-2.27242039198294
455,6.085,2.85677908976802
455,6.0925,1.77609449371725
455,6.1,1.12282704791223
455,6.1075,0.594139511167668
455,6.115,0.347334161765406
455,6.1225,-0.779832384783138
455,6.13,-2.02075915912008
455,6.1375,3.1276388155533
455,6.145,2.07351788966418
455,6.1525,1.10291120715296
455,6.16,-0.153936819519854
455,6.1675,-1.32806214616482
455,6.175,-1.89735805308446
455,6.1825,2.9432769522702
455,6.19,2.8298288676262
455,6.1975,1.732364515865
455,6.205,-0.424911832071017
455,6.2125,-2.73741247274767
455,6.22,2.35666072134155
455,6.2275,0.92228572267427
455,6.235,-0.582832512841329
455,6.2425,-1.49932016635547
455,6.25,-2.76081405823126
455,6.2575,2.04272311667215
455,6.265,1.01168626488427
455,6.2725,0.0637436119468497
455,6.28,-1.32599449501432
455,6.2875,-1.1728650220447
455,6.295,-2.19601250426761
455,6.3025,2.52369694812729
455,6.31,1.56673231001514
455,6.3175,1.07826475585171
455,6.325,-0.0147504616867776
455,6.3325,-0.732658208826023
455,6.34,-1.39859557637669
455,6.3475,-2.27681891656738
455,6.355,2.91784481603593
455,6.3625,1.92185311582809
455,6.37,1.00270705029733
455,6.3775,-0.175312461300209
455,6.385,-1.32778139405169
455,6.3925,-2.29606122919022
455,6.4,3.01307339295027
455,6.4075,2.18434662255353
455,6.415,1.22233840031794
455,6.4225,0.652513044181196
455,6.43,-0.0520517071907889
455,6.4375,-1.06486353842505
455,6.445,-1.78661922619556
455,6.4525,-2.94846542008086
455,6.46,2.10297372397962
455,6.4675,1.13351125438378
455,6.475,0.066494180183278
455,6.4825,-0.954880003762007
455,6.49,-1.51237265581747
455,6.4975,-2.50402340608005
455,6.505,2.82868094424242
455,6.5125,1.92743982186235
455,6.52,0.812226463467975
455,6.5275,-0.23393574623815
455,6.535,-1.24912850602066
455,6.5425,-2.12129869466654
455,6.55,-2.89233848897665
455,6.5575,2.38560128409061
455,6.565,1.45119949216841
455,6.5725,0.434284649148015
455,6.58,-0.728526631427049
455,6.5875,-1.82499078678251
455,6.595,-2.71516472332667
455,6.6025,2.63665931126528
455,6.61,1.7569793567551
455,6.6175,1.06660048245723
455,6.625,0.00285177407198677
455,6.6325,-1.05250465276429
455,6.64,-2.09191334972003
455,6.6475,3.01951831174361
455,6.655,2.13845043941146
455,6.6625,1.20218682982389
455,6.67,0.260704733616002
455,6.6775,-0.00844283703820373
455,6.685,-1.26231773057832
455,6.6925,-2.34950736897173
455,6.7,-3.08008000555273
455,6.7075,2.04426320706158
455,6.715,1.01156453957485
455,6.7225,0.0775633779652047
455,6.73,-0.989162364977711
455,6.7375,-1.93231508687679
455,6.745,-2.86900276968491
455,6.7525,2.41411648986886
455,6.76,1.50166283892573
455,6.7675,0.736857519660472
455,6.775,-0.352928377214599
455,6.7825,-1.22182442257871
455,6.79,-1.95719534428821
455,6.7975,-3.13734950905247
455,6.805,2.15257183013209
455,6.8125,1.29807857582641
455,6.82,0.264459668104135
455,6.8275,-0.687127279854821
455,6.835,-1.75921831787444
455,6.8425,-2.79107808532181
455,6.85,2.49066654894442
455,6.8575,1.37929359246066
455,6.865,0.432569263527993
455,6.8725,-0.503468404585432
455,6.88,-1.4326659715431
455,6.8875,-2.35419687833418
455,6.895,-3.07428207673256
455,6.9025,2.34540447715579
455,6.91,1.28596689068999
455,6.9175,0.352200240729718
455,6.925,-0.687171265659344
455,6.9325,-1.72365345129446
455,6.94,-2.68038182116929
455,6.9475,2.6154141985686
455,6.955,1.69796324147611
455,6.9625,0.768696071150917
455,6.97,-0.199252923973845
455,6.9775,-1.10198072568766
455,6.985,-2.09825127570436
455,6.9925,3.13176036133585
455,7,2.16652893422907
455,7.0075,1.28793214549531
455,7.015,0.381223898980306
455,7.0225,-0.543253080594109
455,7.03,-1.31779760873474
455,7.0375,-2.15366620381537
455,7.045,3.12962114141377
455,7.0525,2.07430507644288
455,7.06,1.10364929116494
455,7.0675,0.0972574875457065
455,7.075,-0.987688554972683
455,7.0825,-2.02167597147549
455,7.09,-2.94703743318896
455,7.0975,2.38903199807337
455,7.105,1.29434026421645
455,7.1125,0.349243068071203
455,7.12,-0.509745702833996
455,7.1275,-1.54634666357521
455,7.135,-2.46596241271761
455,7.1425,2.95693880120428
455,7.15,2.05412961568113
455,7.1575,1.22474575240386
455,7.165,0.208132484280135
455,7.1725,-0.857240839570076
455,7.18,-1.80671372424943
455,7.1875,-2.90110992431625
455,7.195,2.28552276113865
455,7.2025,1.36519095564134
455,7.21,0.242452326976186
455,7.2175,-0.731860248800382
455,7.225,-1.47126790554713
455,7.2325,-2.67404887828751
455,7.24,-3.02073693895285
455,7.2475,2.2629104061551
455,7.255,1.02495525256787
455,7.2625,0.748687870905107
455,7.27,-0.542745886785062
455,7.2775,-1.57333935873322
455,7.285,-2.29783400514347
455,7.2925,2.82541192858451
455,7.3,1.90352570550784
455,7.3075,0.772715606602883
455,7.315,-0.191565885945431
455,7.3225,-1.01567023176458
455,7.33,-2.19549264962978
455,7.3375,-2.90321383194413
455,7.345,2.68553088312052
455,7.3525,1.89416439277702
455,7.36,0.847947799760446
455,7.3675,0.209112645968546
455,7.375,-0.812234633374687
455,7.3825,-2.21535097265394
455,7.39,-3.02764565230161
455,7.3975,2.26161264084945
455,7.405,0.992164743851889
455,7.4125,0.15982222635573
455,7.42,-0.953026534237919
455,7.4275,-1.88196720324383
455,7.435,-2.83589364789006
455,7.4425,2.16470406850308
455,7.45,1.36614516662725
455,7.4575,0.354862440865547
455,7.465,-0.888919614498293
455,7.4725,-1.47094129272089
455,7.48,-1.96576503119764
455,7.4875,-2.65682232740284
455,7.495,2.73383452217306
455,7.5025,1.78133422202534
455,7.51,0.746626244639396
455,7.5175,-0.403813327246057
455,7.525,-1.58164851639326
455,7.5325,-2.64362500818435
455,7.54,2.64223412316257
455,7.5475,1.52032581675944
455,7.555,0.697511854061667
455,7.5625,-0.147047309736486
455,7.57,-1.19145878225804
455,7.5775,-1.38335001836614
455,7.585,-1.93082822361789
455,7.5925,-2.89819834034893
455,7.6,2.42845561691731
455,7.6075,1.45579896634243
455,7.615,0.305840057314613
455,7.6225,-0.752553622250102
455,7.63,-1.78969544395563
455,7.6375,-2.93553713700263
455,7.645,2.23758835789224
455,7.6525,1.15615546317299
455,7.66,0.151006635202717
455,7.6675,-0.940421029703093
455,7.675,-2.10425889699743
455,7.6825,-1.7995750156653
455,7.69,-2.80783577854482
455,7.6975,-3.09263241832846
455,7.705,2.11871551746672
455,7.7125,0.811188493434765
455,7.72,-0.292092189717564
455,7.7275,-1.26777072894724
455,7.735,-2.15752437674533
455,7.7425,2.99386026676679
455,7.75,2.78006127631294
455,7.7575,2.47652728976847
455,7.765,1.15588355788039
455,7.7725,0.208357881014723
455,7.78,-0.718465414296946
455,7.7875,-1.99200461954832
455,7.795,-3.0117319613711
455,7.8025,2.62961002592369
455,7.81,1.64242788984616
455,7.8175,1.05603600584299
455,7.825,0.0850588282428806
455,7.8325,-1.06561018894881
455,7.84,-1.86061733794306
455,7.8475,-3.07765652329864
455,7.855,2.03711357020657
455,7.8625,1.34195727613617
455,7.87,0.137088270754935
455,7.8775,-1.01212584145453
455,7.885,-1.80198086274935
455,7.8925,-2.81524240177944
455,7.9,2.51192649553294
455,7.9075,1.64716158679471
455,7.915,0.803782766622785
455,7.9225,-0.0139464092685576
455,7.93,-0.828550107652778
455,7.9375,-1.87629035948127
455,7.945,-2.84425570910779
455,7.9525,2.49610219978026
455,7.96,1.28877567898369
455,7.9675,0.328273715320566
455,7.975,-0.674345281909993
455,7.9825,-1.91004751283905
455,7.99,-2.66012783705211
455,7.9975,2.66505732716418
455,8.005,1.81118393989169
455,8.0125,1.20065727708251
455,8.02,0.141337982870822
455,8.0275,-0.599434397312721
455,8.035,-1.57769826067425
455,8.0425,-2.64981617150563
455,8.05,2.64333640550211
455,8.0575,1.65349539851645
455,8.065,0.705703698459113
455,8.0725,-0.318210771511105
455,8.08,-1.21665442755685
455,8.0875,-2.17373783149688
455,8.095,3.03304662495054
455,8.1025,2.02757230869896
455,8.11,1.03382945604625
455,8.1175,0.211418049066221
455,8.125,-0.809975190496967
455,8.1325,-1.71918663403972
455,8.14,-2.50923758900013
455,8.1475,2.6275172851407
455,8.155,1.76797542134137
455,8.1625,0.823037599445548
455,8.17,-0.215920873120863
455,8.1775,-1.07537845930882
455,8.185,-2.12066639246103
455,8.1925,-3.06582285199008
455,8.2,2.2673696623506
455,8.2075,1.18254693777698
455,8.215,0.226798066912618
455,8.2225,-0.732506132469407
455,8.23,-1.83355476067952
455,8.2375,-2.85257417150315
455,8.245,2.5668069581554
455,8.2525,1.63327960698741
455,8.26,0.865060017459664
455,8.2675,0.13854278683376
455,8.275,-0.739674579445629
455,8.2825,-1.72076821444801
455,8.29,-2.80065750489886
455,8.2975,2.45567585804288
455,8.305,1.38894683406926
455,8.3125,0.318781081288728
455,8.32,-0.6968621234263
455,8.3275,-1.75734994390748
455,8.335,-2.69690030652736
455,8.3425,2.67804217900815
455,8.35,1.76247603028731
455,8.3575,1.07269359283308
455,8.365,0.154626153710785
455,8.3725,-0.818907230048258
455,8.38,-1.65331270290175
455,8.3875,-2.60029310153901
455,8.395,2.6548826154451
455,8.4025,1.73932983244153
455,8.41,0.782057362106094
455,8.4175,-0.254422980303062
455,8.425,-1.25353927760222
455,8.4325,-2.22979134025252
455,8.44,3.04403968753266
455,8.4475,1.9553439143484
455,8.455,0.965131184907992
455,8.4625,0.0934471492413974
455,8.47,-0.857021834402606
455,8.4775,-1.60917272939424
455,8.485,-2.46576004681806
455,8.4925,2.84468335429133
455,8.5,1.89374964496375
455,8.5075,0.850858411068428
455,8.515,-0.0844331571387723
455,8.5225,-1.02468565181139
455,8.53,-2.00846557956718
455,8.5375,-2.86561507259368
455,8.545,2.44185694340869
455,8.5525,1.44014667433912
455,8.56,0.351331903862113
455,8.5675,-0.680674221121688
455,8.575,-1.64740359757517
455,8.5825,-2.78907700757278
455,8.59,2.66983772905042
455,8.5975,1.84414936650467
455,8.605,0.812460018087261
455,8.6125,0.239852117013047
455,8.62,-0.799067400872917
455,8.6275,-1.69995837631563
455,8.635,-2.53244321070659
455,8.6425,2.6008921642043
455,8.65,1.66363327110507
455,8.6575,0.695145024982151
455,8.665,-0.465184423737875
455,8.6725,-1.39926360973992
455,8.68,-2.37102612280831
455,8.6875,2.68746102617407
455,8.695,1.60659284177141
455,8.7025,0.889761873083608
455,8.71,-0.165750521815795
455,8.7175,-1.11637018026213
455,8.725,-1.32852632327784
455,8.7325,-2.39074042177479
455,8.74,2.93452060577863
455,8.7475,2.07214981747441
455,8.755,0.882813047040578
455,8.7625,-0.256753231246791
455,8.77,-1.28977811939633
455,8.7775,-2.31426181228836
455,8.785,3.06322538471332
455,8.7925,2.04513910694936
455,8.8,1.05943718101177
455,8.8075,0.292916514488045
455,8.815,-0.654650156380931
455,8.8225,-1.70553989243103
455,8.83,-2.52877353244175
455,8.8375,2.79421312075625
455,8.845,1.64866201068243
455,8.8525,1.15608220936915
455,8.86,0.32070456220981
455,8.8675,-0.625115341782919
455,8.875,-1.38675981345647
455,8.8825,-2.45036598302868
455,8.89,2.93486108559414
455,8.8975,1.86955606377638
455,8.905,0.70377040653517
455,8.9125,-0.376955530548252
455,8.92,-1.44447846289157
455,8.9275,-2.36239367920429
455,8.935,2.79554084551988
455,8.9425,-1.93285798291566
455,8.95,3.03956917766388
455,8.9575,2.07186577651645
455,8.965,1.16075581544251
455,8.9725,0.000467084393111451
455,8.98,-1.12652263888503
455,8.9875,-2.13092414519456
455,8.995,3.08115245493418
455,9.0025,1.93314832223998
455,9.01,0.827214451790499
455,9.0175,-0.246803031867423
455,9.025,-1.22146098652103
455,9.0325,-2.20009061785274
455,9.04,-2.74467840817938
455,9.0475,-2.86440796239652
455,9.055,2.34367958529959
455,9.0625,1.44220932178837
455,9.07,0.366621206632966
455,9.0775,-0.801802930494725
455,9.085,-1.86227271079183
455,9.0925,-2.96110799498662
455,9.1,2.23187007527271
455,9.1075,1.32273327396962
455,9.115,0.330407961984171
455,9.1225,-0.533865303613287
455,9.13,-1.23417924671033
455,9.1375,-2.34153693230361
455,9.145,3.06874684869494
455,9.1525,2.28030341384522
455,9.16,1.21797442000676
455,9.1675,0.446335252674161
455,9.175,-0.387138352419767
455,9.1825,-1.38850551587696
455,9.19,-2.28828167329892
455,9.1975,3.00899703404242
455,9.205,1.92172842626845
455,9.2125,0.943633120786829
455,9.22,-0.0486389366834542
455,9.2275,-1.04679151412029
455,9.235,-1.97137644445355
455,9.2425,-2.95648410406888
455,9.25,2.30855885492721
455,9.2575,1.33274680267977
455,9.265,0.365971019256522
455,9.2725,-0.618737670949227
455,9.28,-1.51879011906805
455,9.2875,-2.43075898459473
455,9.295,2.93528143208795
455,9.3025,2.05667283565461
455,9.31,1.07776343316568
455,9.3175,0.093054259563781
455,9.325,-0.937482813514907
455,9.3325,-1.98882831957207
455,9.34,-2.96969643192378
455,9.3475,2.30282701900925
455,9.355,1.23791035332401
455,9.3625,0.268374899347292
455,9.37,-0.68481923844655
455,9.3775,-1.69220521674476
455,9.385,-2.49447146956942
455,9.3925,2.95817972645639
455,9.4,2.04603395431728
455,9.4075,1.13240092692669
455,9.415,0.174623624042642
455,9.4225,-0.78412538073662
455,9.43,-1.79410314998163
455,9.4375,-2.80315531153945
455,9.445,2.49558979331701
455,9.4525,1.47447646109966
455,9.46,0.463989595570327
455,9.4675,-0.501150668446296
455,9.475,-1.44352402873809
455,9.4825,-2.42524057908884
455,9.49,2.90782545116173
455,9.4975,2.02494844786262
455,9.505,1.08503597451571
455,9.5125,0.192635219593415
455,9.52,-0.74225159960248
455,9.5275,-1.73340581395766
455,9.535,-2.70843393753474
455,9.5425,2.53956164559089
455,9.55,1.53924131561122
455,9.5575,0.572973370074856
455,9.565,-0.41419747446458
455,9.5725,-1.37489233951478
455,9.58,-2.30532221969044
455,9.5875,3.02887640031273
455,9.595,2.01782836148425
455,9.6025,1.0154726317614
455,9.61,0.0268864143583351
455,9.6175,-0.941666456459875
455,9.625,-1.92239133834279
455,9.6325,-2.87249537558825
455,9.64,2.56498667422796
455,9.6475,1.65140992262366
455,9.655,0.744387106678556
455,9.6625,-0.174509379205926
455,9.67,-1.14313991174244
455,9.6775,-2.20654696865503
455,9.685,3.01028133913125
455,9.6925,2.03501899270632
455,9.7,0.998900307246288
455,9.7075,-0.0421871260413821
455,9.715,-0.968305816365055
455,9.7225,-1.9334368655925
455,9.73,-2.89445808948986
455,9.7375,2.5425083680996
455,9.745,1.67141875933498
455,9.7525,0.797863603704198
455,9.76,-0.131438936046946
455,9.7675,-1.05513374706604
455,9.775,-1.93767006518422
455,9.7825,-2.97193218004792
455,9.79,2.30489398423756
455,9.7975,1.35057079704411
455,9.805,0.275405396047178
455,9.8125,-0.796154266913948
455,9.82,-1.74331307218826
455,9.8275,-2.7769015201898
455,9.835,2.4907499715556
455,9.8425,1.69263126772017
455,9.85,0.765575124904031
455,9.8575,-0.0818781830372563
455,9.865,-0.91555802577469
455,9.8725,-1.91694779809931
455,9.88,-2.88080573427811
455,9.8875,2.37472025969882
455,9.895,1.3811607068296
455,9.9025,0.414939740683553
455,9.91,-0.585988278552707
455,9.9175,-1.49511264715046
455,9.925,-2.46782780572685
455,9.9325,2.82441167574932
455,9.94,1.87340252582294
455,9.9475,0.916879054324123
455,9.955,-0.0447249505849721
455,9.9625,-1.11038806840205
455,9.97,-2.00595992316614
455,9.9775,-2.85158408364756
455,9.985,2.53836919533696
455,9.9925,1.9284325030532
455,10,0.980198819657462
455,10.0075,0.099259339606736
455,10.015,-0.800620272724869
455,10.0225,-1.8096506956883
455,10.03,-2.70785782924879
455,10.0375,2.64267516881664
455,10.045,1.64361650855187
455,10.0525,0.672157242132869
455,10.06,-0.218969192527649
455,10.0675,-1.18801132398893
455,10.075,-2.08444931249278
455,10.0825,-2.86686945497709
455,10.09,2.66519088860967
455,10.0975,1.82293072790237
455,10.105,0.899857194324718
455,10.1125,-0.0316100220836223
455,10.12,-1.06330959685274
455,10.1275,-2.18132254954628
455,10.135,3.07121509117254
455,10.1425,2.01451410424975
455,10.15,0.865989281058277
455,10.1575,-0.110233730117529
455,10.165,-1.03094143484561
455,10.1725,-1.88363888933247
455,10.18,-2.45554489266068
455,10.1875,3.0379907191746
455,10.195,2.18519994147124
455,10.2025,1.19227552408069
455,10.21,0.132104290264642
455,10.2175,-0.896361338961812
455,10.225,-1.8857688524626
455,10.2325,-2.83244601172034
455,10.24,2.55497109481499
455,10.2475,1.74096109062525
455,10.255,0.884979685072427
455,10.2625,-0.129640011185944
455,10.27,-1.11606158945014
455,10.2775,-2.03016212065013
455,10.285,-3.07607047105737
455,10.2925,2.24862755050291
455,10.3,1.38511246223721
455,10.3075,0.409746695782225
455,10.315,-0.517083926932716
455,10.3225,-1.45983991263367
455,10.33,-2.39283781870542
455,10.3375,2.98105249581153
455,10.345,2.00232517786876
455,10.3525,1.05483713852579
455,10.36,0.103629393640123
455,10.3675,-0.909981025283788
455,10.375,-1.86096443444258
455,10.3825,-2.82193573055911
455,10.39,2.4868641206113
455,10.3975,1.5045563778194
455,10.405,0.454350371611441
455,10.4125,-0.55919978333145
455,10.42,-1.46066932808947
455,10.4275,-2.37179268031212
455,10.435,3.04116883555329
455,10.4425,2.27106325818585
455,10.45,1.32098237508901
455,10.4575,0.353880598739669
455,10.465,-0.627001994960935
455,10.4725,-1.69911935780976
455,10.48,-2.71031985444232
455,10.4875,2.53032750112676
455,10.495,1.49502771822852
455,10.5025,0.669212132491858
455,10.51,-0.220388583232656
455,10.5175,-1.13486932739951
455,10.525,-1.89552241022084
455,10.5325,-2.88987608055379
455,10.54,2.43704823783996
455,10.5475,1.52289626990305
455,10.555,0.526072880259696
455,10.5625,-0.377807047363755
455,10.57,-1.30983662968586
455,10.5775,-2.26066310823092
455,10.585,3.08331777158732
455,10.5925,2.13436672790237
455,10.6,1.12238566899983
455,10.6075,0.161197095901728
455,10.615,-0.728026320984081
455,10.6225,-1.78242638777881
455,10.63,-2.76700861353802
455,10.6375,2.60744783813221
455,10.645,1.55269808419831
455,10.6525,0.555379732230551
455,10.66,-0.370586664231391
455,10.6675,-1.34083579661065
455,10.675,-2.23957328993384
455,10.6825,-3.10593403321614
455,10.69,2.23507897716009
455,10.6975,1.34398152694793
455,10.705,0.364573670010933
455,10.7125,-0.677182361970893
455,10.72,-1.61632815689013
455,10.7275,-2.64689166072583
455,10.735,2.55885565619476
455,10.7425,1.61777144233403
455,10.75,0.64985878564049
455,10.7575,-0.326088170866461
455,10.765,-1.16884389622714
455,10.7725,-2.04885406995701
455,10.78,-2.93584700792101
455,10.7875,2.41995124478217
455,10.795,1.46304115023889
455,10.8025,0.507702539827863
455,10.81,-0.470105431277653
455,10.8175,-1.44688112780735
455,10.825,-2.4616853144732
455,10.8325,2.86605858247955
455,10.84,1.90069634927701
455,10.8475,0.926635815005639
455,10.855,-0.0123324774904934
455,10.8625,-0.981153039163321
455,10.87,-1.92521023629642
455,10.8775,-2.84724737943062
455,10.885,2.52919114003166
455,10.8925,1.5941791145837
455,10.9,0.661594775073749
455,10.9075,-0.286514912768874
455,10.915,-1.24917490209715
455,10.9225,-2.22472809237325
455,10.93,3.01979216178235
455,10.9375,2.01013043241942
455,10.945,1.03168367502871
455,10.9525,0.0448027999453501
455,10.96,-0.929424696114283
455,10.9675,-1.8805246210992
455,10.975,-2.80481852721389
455,10.9825,2.51378625788339
455,10.99,1.53548552719352
455,10.9975,0.60242039816774
455,11.005,-0.343655220106267
455,11.0125,-1.35113687279767
455,11.02,-2.34766675306845
455,11.0275,3.08932297664112
455,11.035,2.15636842897014
455,11.0425,1.18587042743959
455,11.05,0.351258305490921
455,11.0575,-0.651903098715767
455,11.065,-1.65149429732753
455,11.0725,-2.5996650841172
455,11.08,2.64007057088973
455,11.0875,1.69688420600172
455,11.095,0.706893153510562
455,11.1025,-0.338504934793646
455,11.11,-1.15564458981954
455,11.1175,-2.08226684314081
455,11.125,-3.07856387241741
455,11.1325,2.36913381417405
455,11.14,1.4327044075122
455,11.1475,0.410389921686059
455,11.155,-0.509207254300701
455,11.1625,-1.39774828896876
455,11.17,-2.4016125815931
455,11.1775,2.89391527308037
455,11.185,1.94786825348669
455,11.1925,0.904887851924724
455,11.2,-0.0993708352908353
455,11.2075,-1.13499589026316
455,11.215,-2.15971961544456
455,11.2225,-3.06053207683507
455,11.23,2.28016510033418
455,11.2375,1.47512110698599
455,11.245,0.606091698177752
455,11.2525,-0.315840566466869
455,11.26,-1.29522980163619
455,11.2675,-2.30246779153597
455,11.275,2.99661958063203
455,11.2825,1.93606784601339
455,11.29,0.936766332165242
455,11.2975,-0.0513907637918182
455,11.305,-1.03675456987056
455,11.3125,-1.97900759832083
455,11.32,-2.97437103480796
455,11.3275,2.32017212408058
455,11.335,1.41566116005205
455,11.3425,0.559386757598779
455,11.35,-0.424884540415398
455,11.3575,-1.25781244221334
455,11.365,-2.20647644501381
455,11.3725,2.9979926902073
455,11.38,2.22563495603957
455,11.3875,1.30777558975599
455,11.395,0.302394474421396
455,11.4025,-0.507777052027051
455,11.41,-1.43424575707878
455,11.4175,-2.44265700819789
455,11.425,2.8806124237455
455,11.4325,1.92901609064813
455,11.44,0.91722538110086
455,11.4475,-0.0842007723960536
455,11.455,-1.00171346422477
455,11.4625,-2.00465990426145
455,11.47,-3.01843539700615
455,11.4775,2.39434469077147
455,11.485,1.72436141261491
455,11.4925,1.06902224049053
455,11.5,0.149407160044391
455,11.5075,-0.812918299686577
455,11.515,-1.85795669126896
455,11.5225,-2.94694526303235
455,11.53,2.3065746468832
455,11.5375,1.13469636053738
455,11.545,-0.0903392254715954
455,11.5525,-1.12635768138441
455,11.56,-2.24621110439433
455,11.5675,3.04278763771247
455,11.575,-2.26404050373233
455,11.5825,3.10244763152582
455,11.59,2.08963010492471
455,11.5975,0.949743097200329
455,11.605,-0.119291740816165
455,11.6125,-1.12263496789258
455,11.62,-2.19911440337607
455,11.6275,3.11291359426091
455,11.635,2.3792046118075
455,11.6425,1.50790592504838
455,11.65,0.805244219544072
455,11.6575,-0.158789761722474
455,11.665,-1.11367699065255
455,11.6725,-2.04286871439329
455,11.68,-3.06784287908154
455,11.6875,2.31124025746838
455,11.695,1.27564953999965
455,11.7025,0.338112970724783
455,11.71,-0.622673384941176
455,11.7175,-1.66547582856645
455,11.725,-2.38053743746117
455,11.7325,2.93647024043867
455,11.74,1.89290498221485
455,11.7475,1.03229057445814
455,11.755,0.130980887553694
455,11.7625,-0.886589699435517
455,11.77,-1.94147561251613
455,11.7775,-2.92862532202499
455,11.785,2.25543460735383
455,11.7925,1.19738724289753
455,11.8,0.321556013134168
455,11.8075,-0.675475116760753
455,11.815,-1.55804084992743
455,11.8225,-2.3971726627045
455,11.83,3.0401070877859
455,11.8375,2.30245586258305
455,11.845,1.20998165484676
455,11.8525,0.138047820793867
455,11.86,-0.809934471535151
455,11.8675,-1.96174765820652
455,11.875,-3.07106132703371
455,11.8825,2.35649498831511
455,11.89,1.35196734372591
455,11.8975,0.340486844332153
455,11.905,-0.348859259589479
455,11.9125,-1.25171060040361
455,11.92,-2.21317098051697
455,11.9275,-3.10853839973366
455,11.935,2.15770698317526
455,11.9425,1.1481635749283
455,11.95,0.123452461194203
455,11.9575,-0.930948196087582
455,11.965,-1.89915399277299
455,11.9725,-2.82994327261003
455,11.98,2.42297376921706
455,11.9875,1.49132560963661
455,11.995,0.583076892499578
455,12.0025,-0.484218406558419
455,12.01,-1.42720199695192
455,12.0175,-2.33152443953448
455,12.025,2.97419401623291
455,12.0325,2.04426993124094
455,12.04,1.07242397783439
455,12.0475,0.104007442831735
455,12.055,-0.914012819568852
455,12.0625,-1.93715890961879
455,12.07,-2.87710597530043
455,12.0775,2.42893393113867
455,12.085,1.44640767869909
455,12.0925,0.579047954782997
455,12.1,-0.31851483706289
455,12.1075,-1.33413030527559
455,12.115,-2.33613319900327
455,12.1225,2.94015787986061
455,12.13,1.85657445777573
455,12.1375,0.815544557975742
455,12.145,-0.139576641321943
455,12.1525,-1.04475423931563
455,12.16,-1.98130306551414
455,12.1675,-2.82365358530722
455,12.175,2.66939934734796
455,12.1825,1.68136118470109
455,12.19,0.779767585967403
455,12.1975,-0.181792144657303
455,12.205,-1.21485812626263
455,12.2125,-2.18348776634397
455,12.22,3.07352708544932
455,12.2275,2.08368465356763
455,12.235,1.13735711128475
455,12.2425,0.144228250590091
455,12.25,-0.745643930023538
455,12.2575,-1.65435001653587
455,12.265,-2.66070170024994
455,12.2725,2.7409719059118
455,12.28,1.79536176626547
455,12.2875,0.765948143344084
455,12.295,-0.0885733984899849
455,12.3025,-1.02859822515911
455,12.31,-2.09134034968934
455,12.3175,-3.04071122748141
455,12.325,2.2561866871712
455,12.3325,1.1640514125674
455,12.34,0.189020419123717
455,12.3475,-0.695723177700369
455,12.355,-1.75070811134544
455,12.3625,-2.6638831361166
455,12.37,2.84427123823643
455,12.3775,1.81794140204014
455,12.385,0.904592746739632
455,12.3925,-0.0475119277826737
455,12.4,-1.10122388645772
455,12.4075,-2.12240766449565
455,12.415,3.10285895046145
455,12.4225,2.2209660504084
455,12.43,1.41552909281882
455,12.4375,0.387018257669516
455,12.445,-0.434765963959298
455,12.4525,-1.3181491819734
455,12.46,-2.40612600798267
455,12.4675,2.87118044381531
455,12.475,1.84369830655114
455,12.4825,0.758096804019788
455,12.49,-0.359783342172248
455,12.4975,-1.32444707351093
455,12.505,-2.06582355021877
455,12.5125,-2.96773210610183
455,12.52,2.50728410432086
455,12.5275,1.64530149566077
455,12.535,0.675947114859332
455,12.5425,-0.448923981196362
455,12.55,-1.46448853234373
455,12.5575,-2.35503388309273
455,12.565,2.72960210142072
455,12.5725,1.80501128187606
455,12.58,0.97244262562578
455,12.5875,-0.210199475146408
455,12.595,-1.11326958675822
455,12.6025,-2.09729625593525
455,12.61,3.10570044124003
455,12.6175,2.24273759431426
455,12.625,1.11575570660292
455,12.6325,0.179765179508234
455,12.64,-0.266947850093885
455,12.6475,-1.33192988025945
455,12.655,-2.30620075389772
455,12.6625,3.06543973512559
455,12.67,1.82119848939619
455,12.6775,0.569763415789747
455,12.685,-0.429845117947029
455,12.6925,-1.52668219482308
455,12.7,-2.67484384286788
455,12.7075,2.7589183687295
455,12.715,1.89076336396484
455,12.7225,0.864299524466435
455,12.73,-0.243416234837968
455,12.7375,-1.50873457067726
455,12.745,-2.62870304054318
455,12.7525,2.7767418030616
455,12.76,1.47191414925575
455,12.7675,0.279915945945353
455,12.775,-0.656978203852759
455,12.7825,-1.99634523457762
455,12.79,-3.10279067802444
455,12.7975,-2.57907075648572
455,12.805,2.50111055833112
455,12.8125,1.10579085003387
455,12.82,0.0177250330018828
455,12.8275,-0.990562703995476
455,12.835,-2.24388605130432
455,12.8425,2.98097384387839
455,12.85,2.08784816095945
455,12.8575,1.01209715096317
455,12.865,-0.0844223261831416
455,12.8725,-1.15331149052927
455,12.88,-2.23818213530307
455,12.8875,2.91404767185193
455,12.895,1.73789395170833
455,12.9025,0.557691121460672
455,12.91,-0.45246196366521
455,12.9175,-1.5207532257821
455,12.925,-2.46422778304224
455,12.9325,-2.92361534186011
455,12.94,2.62483307073062
455,12.9475,2.00802700500636
455,12.955,1.07166153653226
455,12.9625,-0.104066950055311
455,12.97,-1.13509033284379
455,12.9775,-2.09788121650071
455,12.985,2.99229037621477
455,12.9925,1.95257902738395
455,13,1.25318686020799
455,13.0075,0.0965317471704914
455,13.015,-0.989443941796756
455,13.0225,-1.88453748750268
455,13.03,-3.01840912418171
455,13.0375,2.2913325152839
455,13.045,1.43558324664799
455,13.0525,0.406557972544965
455,13.06,-0.558220173202467
455,13.0675,-1.54519194253164
455,13.075,-2.60894872451559
455,13.0825,2.73949531557072
455,13.09,1.79656825458755
455,13.0975,0.671031378704744
455,13.105,-0.346294858322954
455,13.1125,-1.29346641772388
455,13.12,-2.42602012231226
455,13.1275,3.10661361485783
455,13.135,2.29806443744853
455,13.1425,1.15925570494779
455,13.15,0.34821712170957
455,13.1575,-0.700310218201099
455,13.165,-1.92537751443395
455,13.1725,-2.92620907016107
455,13.18,2.31279841845616
455,13.1875,1.14965368920821
455,13.195,0.296481878959499
455,13.2025,-0.48234619438317
455,13.21,-1.28417412702997
455,13.2175,-1.92467572595479
455,13.225,-2.90126227575227
455,13.2325,2.45869171804325
455,13.24,1.39323591552286
455,13.2475,0.251391086865784
455,13.255,-0.886229078898684
455,13.2625,-2.01879645027415
455,13.27,-3.03857712993095
455,13.2775,2.32449937803971
455,13.285,1.51708040035197
455,13.2925,0.636288646097789
455,13.3,-0.188170875565267
455,13.3075,-1.22824452258134
455,13.315,-2.2241863470441
455,13.3225,-3.04352798673697
455,13.33,2.14932753876283
455,13.3375,1.27264791110385
455,13.345,0.400312072928601
455,13.3525,-0.718055795600074
455,13.36,-1.67455801615287
455,13.3675,-2.69504865363681
455,13.375,2.45783978969174
455,13.3825,1.40909734785182
455,13.39,0.345673955695059
455,13.3975,-0.632933349111127
455,13.405,-1.4760078497981
455,13.4125,-2.37780919270514
455,13.42,3.03473645496057
455,13.4275,2.09699829238674
455,13.435,1.04701836580777
455,13.4425,-0.0128381032312933
455,13.45,-1.07021827975658
455,13.4575,-2.11429335146345
455,13.465,-3.10338708483944
455,13.4725,2.33807054985773
455,13.48,1.66273453880179
455,13.4875,0.734201352270711
455,13.495,-0.309933666547305
455,13.5025,-1.35395568303096
455,13.51,-2.51550608219145
455,13.5175,2.63684945577977
455,13.525,1.55902187102323
455,13.5325,0.336139256367963
455,13.54,-0.891673332454249
455,13.5475,-1.87635751662081
455,13.555,-2.75817729005418
455,13.5625,2.81759644755089
455,13.57,2.77445066502081
455,13.5775,1.58100626602772
455,13.585,0.409968361425484
455,13.5925,-0.124315158976761
455,13.6,-1.27237420611664
455,13.6075,-2.59563605798424
455,13.615,2.94980960453755
455,13.6225,1.83767165460529
455,13.63,0.600905910412687
455,13.6375,-0.386363442439047
455,13.645,-1.45421445925527
455,13.6525,-2.61524286530562
455,13.66,2.32104105405866
455,13.6675,1.32717914332713
455,13.675,0.605905891990927
455,13.6825,-0.24415135734883
455,13.69,-0.179820520304337
455,13.6975,-1.86707373152719
455,13.705,-1.98880432787075
455,13.7125,3.05268800726279
455,13.72,1.46775834353838
455,13.7275,0.8299937643544
455,13.735,-0.538271889429809
455,13.7425,-1.69496928924565
455,13.75,-3.00224609348686
455,13.7575,2.40524100516941
455,13.765,1.58582822075635
455,13.7725,-0.153396295803815
455,13.78,-0.998655408957766
455,13.7875,-1.88227166552804
455,13.795,2.70664728760971
455,13.8025,1.4247456543406
455,13.81,0.587061803709768
455,13.8175,-0.86017901442918
455,13.825,-2.34433957738179
455,13.8325,3.05822418734658
455,13.84,1.98291093701669
455,13.8475,0.428207229447235
455,13.855,-0.00180147247909383
455,13.8625,-0.475912545717706
455,13.87,-1.43329649375308
455,13.8775,-2.05457473770151
455,13.885,2.89181104446004
455,13.8925,1.79973014638263
455,13.9,0.875961864367537
455,13.9075,-0.464770772700544
455,13.915,-1.59493826807413
455,13.9225,-2.39279295018158
455,13.93,2.65316848917535
455,13.9375,1.62483851890709
455,13.945,0.834706905783673
455,13.9525,-0.413002112935874
455,13.96,-1.53496615042576
455,13.9675,-2.34743684002554
455,13.975,2.82675106202072
455,13.9825,1.91559989636479
455,13.99,1.15846182106092
455,13.9975,0.297649663656059
455,14.005,-0.297361548748598
455,14.0125,-1.16553662491948
455,14.02,-2.13539637069621
455,14.0275,3.09389542685181
455,14.035,2.06988018854312
455,14.0425,1.02849574931861
455,14.05,-0.0785533302297953
455,14.0575,-1.11966173270692
455,14.065,-1.92914394418805
455,14.0725,-2.79283613909033
455,14.08,2.51121943496382
455,14.0875,1.57664676575297
455,14.095,0.595337256167338
455,14.1025,-0.579703584193863
455,14.11,-1.48254631993151
455,14.1175,-2.05438866082073
455,14.125,-2.9979537262427
455,14.1325,2.52710342813597
455,14.14,1.55108478333886
455,14.1475,0.413311629997695
455,14.155,-0.671246780203288
455,14.1625,-1.76894231602811
455,14.17,-2.85256502941779
455,14.1775,2.47512572187417
455,14.185,1.57704023648081
455,14.1925,0.741961252925815
455,14.2,-0.12777102715304
455,14.2075,-1.10256231255957
455,14.215,-2.17096966409842
455,14.2225,3.12888893557891
455,14.23,2.15078114161919
455,14.2375,1.01490033171318
455,14.245,0.297271667166598
455,14.2525,-0.492986005577238
455,14.26,-1.36154504087293
455,14.2675,-1.96307634737931
455,14.275,3.13600160599858
455,14.2825,2.04146395950568
455,14.29,1.0669391473317
455,14.2975,-0.162000221043363
455,14.305,-1.36033186101603
455,14.3125,-2.28298458572418
455,14.32,3.04554559322513
455,14.3275,2.17576973062673
455,14.335,2.85503106878785
455,14.3425,1.84334586108457
455,14.35,0.693100559161138
455,14.3575,-0.251190163947141
455,14.365,-1.39816757226057
455,14.3725,-2.57054646736467
455,14.38,2.78334962256794
455,14.3875,1.70170109651337
455,14.395,0.669227889736308
455,14.4025,-0.267898062482017
455,14.41,-1.40940852845915
455,14.4175,-2.39717260799361
455,14.425,2.97924688768879
455,14.4325,1.96118583960268
455,14.44,1.13718530406241
455,14.4475,0.27526409556104
455,14.455,-0.527031150232887
455,14.4625,-1.32621580301458
455,14.47,-2.35662686152507
455,14.4775,2.88001484695685
455,14.485,1.79665159960848
455,14.4925,0.702927975475346
455,14.5,-0.385294852117565
455,14.5075,-1.37485242293514
455,14.515,-2.21825969124315
455,14.5225,-3.12875943879218
455,14.53,2.3078490251522
455,14.5375,1.51870800034596
455,14.545,0.520800560574151
455,14.5525,-0.586109693179621
455,14.56,-1.51946465040582
455,14.5675,-2.54039097109855
455,14.575,2.62262526015024
455,14.5825,1.88455377125841
455,14.59,1.05996097771776
455,14.5975,0.171803808256374
455,14.605,-0.55888467394771
455,14.6125,-1.59336930123882
455,14.62,-2.67665726623791
455,14.6275,2.56538982558411
455,14.635,1.47666515459125
455,14.6425,0.446662590084247
455,14.65,-0.392385098153413
455,14.6575,-1.23075589379118
455,14.665,-2.11081177693563
455,14.6725,-2.95257925379667
455,14.68,2.36693156252339
455,14.6875,1.32890446443255
455,14.695,0.34313489682709
455,14.7025,-0.592316427856282
455,14.71,-1.55681975959365
455,14.7175,-2.4913209758912
455,14.725,2.92670455400509
455,14.7325,1.96894165434193
455,14.74,0.93469546308594
455,14.7475,-0.149664862870638
455,14.755,-1.2448360497256
455,14.7625,-2.3505071491004
455,14.77,2.83192368256997
455,14.7775,1.77787071612392
455,14.785,0.913579920646678
455,14.7925,0.271542849941549
455,14.8,-0.508593770510639
455,14.8075,-1.37491386572429
455,14.815,-2.33070905754811
455,14.8225,2.82223998384587
455,14.83,1.70985165019422
455,14.8375,0.754108181508008
455,14.845,-0.201661185515958
455,14.8525,-0.942481210926244
455,14.86,-1.71762036849829
455,14.8675,-2.61543320333641
455,14.875,2.75948109606629
455,14.8825,1.76740377539762
455,14.89,0.704226794933591
455,14.8975,-0.394556029667329
455,14.905,-1.40202877314288
455,14.9125,-2.25732135816884
455,14.92,-2.9961688669954
455,14.9275,2.65098290826147
455,14.935,1.60483152022996
455,14.9425,0.487489384334153
455,14.95,-0.451489766493316
455,14.9575,-1.53397327625974
455,14.965,-2.61564860320337
455,14.9725,2.71795039825574
455,14.98,1.74069856270833
455,14.9875,0.901239875875946
455,14.995,0.0421275485476277
455,15.0025,-0.959931866848231
455,15.01,-2.02629934025469
455,15.0175,-3.05273021631475
455,15.025,2.16681978037364
455,15.0325,1.12075481567485
455,15.04,0.432178493190401
455,15.0475,-0.468563957013142
455,15.055,-1.39469644477163
455,15.0625,-2.18511734371656
455,15.07,2.93298571375259
455,15.0775,1.77227696937958
455,15.085,0.695729449226623
455,15.0925,-0.477383895810404
455,15.1,-1.68424705921429
455,15.1075,-2.87748215576463
455,15.115,2.453938229689
455,15.1225,2.43057036533918
455,15.13,3.11591576085323
455,15.1375,1.71114079219772
455,15.145,0.529956769880107
455,15.1525,-0.451998706119982
455,15.16,-1.68725960181899
455,15.1675,-2.77601389283826
455,15.175,2.59858095790672
455,15.1825,1.49398413976452
455,15.19,0.968017617881972
455,15.1975,0.170550620318073
455,15.205,-0.931758110190502
455,15.2125,-1.90158372564355
455,15.22,-3.06126603503498
455,15.2275,2.1124527781989
455,15.235,1.20715263036915
455,15.2425,0.454336932779416
455,15.25,-0.315532062605822
455,15.2575,-1.16589452517518
455,15.265,-1.97343984391646
455,15.2725,-3.09088145771088
455,15.28,2.03145006460381
455,15.2875,0.967477182984313
455,15.295,-0.148206120128275
455,15.3025,-1.26671469349029
455,15.31,-2.11511928365959
455,15.3175,-2.82654084735457
455,15.325,3.02078377788464
455,15.3325,2.22543650097596
455,15.34,1.13788293000492
455,15.3475,0.12127792008312
455,15.355,-1.10835209692616
455,15.3625,-2.45222126871444
455,15.37,2.89888500186591
455,15.3775,2.50185962731075
455,15.385,2.50920703676735
455,15.3925,1.55376287251377
455,15.4,0.342375033433666
455,15.4075,-0.816364285246077
455,15.415,-1.9996440123143
455,15.4225,-3.10673924067915
455,15.43,2.22024168343944
455,15.4375,1.20444231430822
455,15.445,0.527100761522524
455,15.4525,-0.0253061570091316
455,15.46,-1.17296944304688
455,15.4675,-2.23309263702645
455,15.475,2.99061849876836
455,15.4825,1.79959788679656
455,15.49,0.754501678277922
455,15.4975,-0.1822405823283
455,15.505,-1.06371133210981
455,15.5125,-1.66658064139727
455,15.52,-2.58332092531693
455,15.5275,2.73542281200797
455,15.535,1.68007024275736
455,15.5425,0.48997398529204
455,15.55,-0.661568208293578
455,15.5575,-1.70973214164193
455,15.565,-2.70083922168901
455,15.5725,2.62422775102753
455,15.58,2.04890160325877
455,15.5875,1.32472377357827
455,15.595,0.304396192399506
455,15.6025,-0.64413168780171
455,15.61,-1.78915202511223
455,15.6175,-2.9143673163749
455,15.625,2.51735329130069
455,15.6325,1.46968495487474
455,15.64,0.604559689604962
455,15.6475,0.0635341024930941
455,15.655,-0.891127864009096
455,15.6625,-1.86999925672262
455,15.67,-2.79519647919237
455,15.6775,2.46497081036495
455,15.685,1.42303870625669
455,15.6925,0.642256581327725
455,15.7,-0.125092822600915
455,15.7075,-1.12885175017434
455,15.715,-2.06275249011727
455,15.7225,-3.03835196844418
455,15.73,2.15957012894926
455,15.7375,1.09819440786264
455,15.745,0.0587977626266173
455,15.7525,-0.938440480515527
455,15.76,-1.92107293530225
455,15.7675,-2.8554281537207
455,15.775,2.52816195593655
455,15.7825,1.54891760504665
455,15.79,0.561290741475877
455,15.7975,-0.426115666930102
455,15.805,-1.38279989661934
455,15.8125,-2.36395461977043
455,15.82,2.95993783761566
455,15.8275,2.16383354467383
455,15.835,1.20379418513757
455,15.8425,0.312448024851629
455,15.85,-0.5203323124898
455,15.8575,-1.59673474361054
455,15.865,-2.64750707280072
455,15.8725,2.598659267038
455,15.88,1.48618152583608
455,15.8875,0.400402180004478
455,15.895,-0.557838260168282
455,15.9025,-1.37779531481751
455,15.91,-2.18267129388095
455,15.9175,-2.91912158945794
455,15.925,2.61466941940606
455,15.9325,1.61051185739182
455,15.94,0.540870331279196
455,15.9475,-0.491434775409473
455,15.955,-1.53995980110422
455,15.9625,-2.5189244514245
455,15.97,2.857449407212
455,15.9775,1.98624955834931
455,15.985,1.05258097731223
455,15.9925,0.0950410334871655
455,16,-0.869558587504712
465,4,0.610597374656592
465,4.0075,-0.255421171623269
465,4.015,-1.14975208280917
465,4.0225,-2.0039725109682
465,4.03,-3.0179338112411
465,4.0375,2.27634779487714
465,4.045,1.35369077441817
465,4.0525,0.379812471891285
465,4.06,-0.577084817106518
465,4.0675,-1.58271048807447
465,4.075,-2.63026954371976
465,4.0825,2.73957275746264
465,4.09,1.7511171542122
465,4.0975,0.751384220032205
465,4.105,-0.1570863318954
465,4.1125,-1.15566773407616
465,4.12,-2.21188318724024
465,4.1275,3.14147842533626
465,4.135,2.23821307799467
465,4.1425,1.32830707999129
465,4.15,0.491574022481749
465,4.1575,-0.490825191586158
465,4.165,-1.43598052130668
465,4.1725,-2.43404646366102
465,4.18,2.8229133242752
465,4.1875,1.83750743227759
465,4.195,0.824045278882694
465,4.2025,-0.201430234710438
465,4.21,-1.12929442256099
465,4.2175,-2.12648084688889
465,4.225,3.11301030823114
465,4.2325,2.13806111324568
465,4.24,1.153478242905
465,4.2475,0.172956052274671
465,4.255,-0.74899489644766
465,4.2625,-1.55754179142736
465,4.27,-2.49508687209666
465,4.2775,2.83072411316057
465,4.285,1.8555629694126
465,4.2925,0.849030157768239
465,4.3,-0.0829213592837641
465,4.3075,-1.05805327247331
465,4.315,-1.95390072212713
465,4.3225,-2.91565212556185
465,4.33,2.34544269080185
465,4.3375,1.40754793992956
465,4.345,0.426166738655633
465,4.3525,-0.553019469733277
465,4.36,-1.42501342342422
465,4.3675,-2.38862636787514
465,4.375,2.91611036916917
465,4.3825,1.93050493516424
465,4.39,0.896574591835247
465,4.3975,-0.0251818976355917
465,4.405,-0.943020027527798
465,4.4125,-1.86906254815007
465,4.42,-2.78559699328939
465,4.4275,2.53737258366371
465,4.435,1.52497417072773
465,4.4425,0.49335064842164
465,4.45,-0.541819972330711
465,4.4575,-1.59262719409881
465,4.465,-2.51404226335017
465,4.4725,2.8742116509776
465,4.48,1.92611034182906
465,4.4875,0.942009149851773
465,4.495,-0.00299566958402276
465,4.5025,-0.900786273800408
465,4.51,-1.75957172884321
465,4.5175,-2.48759779786632
465,4.525,2.93061226273707
465,4.5325,1.97414153308794
465,4.54,0.965141303036665
465,4.5475,-0.0896185055189901
465,4.555,-1.20684415878482
465,4.5625,-2.25711000592394
465,4.57,3.09236846947463
465,4.5775,2.12768980182378
465,4.585,1.25352285918151
465,4.5925,0.330886750117208
465,4.6,-0.677705293048244
465,4.6075,-1.61204232805498
465,4.615,-2.59801003608225
465,4.6225,2.71595063733404
465,4.63,1.78582476301653
465,4.6375,0.87723521652906
465,4.645,0.0968064083137341
465,4.6525,-0.810009199508262
465,4.66,-1.77869019985187
465,4.6675,-2.72073180740519
465,4.675,2.5053321579621
465,4.6825,1.51168801528654
465,4.69,0.640070809575856
465,4.6975,-0.258668634503596
465,4.705,-1.26838531717569
465,4.7125,-2.23970625475588
465,4.72,3.11419948296915
465,4.7275,2.18716877404131
465,4.735,1.32727343214681
465,4.7425,0.444039991259916
465,4.75,-0.515868385054714
465,4.7575,-1.55604317299678
465,4.765,-2.56616022053307
465,4.7725,2.73452795467511
465,4.78,1.78999805410461
465,4.7875,0.839227629298971
465,4.795,-0.144618847995876
465,4.8025,-1.04239769191229
465,4.81,-2.03267229705021
465,4.8175,-3.11975281639884
465,4.825,2.16892725783049
465,4.8325,1.19549393154232
465,4.84,0.243048177293868
465,4.8475,-0.317778606514307
465,4.855,-1.08269052970312
465,4.8625,-2.09491839496067
465,4.87,-3.00214858515669
465,4.8775,2.24305964954286
465,4.885,1.20977558916318
465,4.8925,0.179370522469644
465,4.9,-0.863470994761905
465,4.9075,-1.83083373170102
465,4.915,-2.80017275013613
465,4.9225,2.48732447644464
465,4.93,1.55836457759081
465,4.9375,0.637912926598258
465,4.945,-0.294699819899138
465,4.9525,-1.02262770436695
465,4.96,-1.8837909106741
465,4.9675,-2.89467580440543
465,4.975,2.39953182610693
465,4.9825,1.4274609857487
465,4.99,0.480102859472489
465,4.9975,-0.449127440346039
465,5.005,-1.45174338598895
465,5.0125,-2.55014313085353
465,5.02,2.65790182102889
465,5.0275,1.60429621617927
465,5.035,0.576056620511417
465,5.0425,-0.380819019203805
465,5.05,-1.35127209070425
465,5.0575,-2.28918126245757
465,5.065,2.99528455195386
465,5.0725,2.04918888978541
465,5.08,1.18131065137144
465,5.0875,0.154525361289053
465,5.095,-0.730358536881591
465,5.1025,-1.15106117341191
465,5.11,-2.01074400675266
465,5.1175,-3.01191233409647
465,5.125,2.33116864916233
465,5.1325,1.27040813801687
465,5.14,0.144784240745809
465,5.1475,-0.881734686845404
465,5.155,-1.79876058015185
465,5.1625,-2.74987240892166
465,5.17,2.52718728423062
465,5.1775,1.65476191717778
465,5.185,0.925010502546507
465,5.1925,-0.00133560597738388
465,5.2,-0.915137198043466
465,5.2075,-1.71839061318042
465,5.215,-2.63709979039671
465,5.2225,2.44404290383753
465,5.23,1.36476735227834
465,5.2375,0.381722825542215
465,5.245,-0.774254323242587
465,5.2525,-1.79511049340726
465,5.26,-2.47909093760772
465,5.2675,2.92289821613373
465,5.275,1.88995005818817
465,5.2825,0.972931031995118
465,5.29,-0.0607847904530478
465,5.2975,-0.959235076530698
465,5.305,-1.63645610816673
465,5.3125,-2.3589725709615
465,5.32,-3.07195372212313
465,5.3275,2.07021335306827
465,5.335,0.992628213590608
465,5.3425,-0.0432289616759435
465,5.35,-1.16624154026629
465,5.3575,-2.26140060978694
465,5.365,2.97285893351609
465,5.3725,2.28593250244972
465,5.38,1.48896181233692
465,5.3875,0.518859253002074
465,5.395,-0.462123623710205
465,5.4025,-1.53752381844752
465,5.41,-2.50124259999356
465,5.4175,2.84731041619915
465,5.425,2.27993899433709
465,5.4325,1.39869244134529
465,5.44,0.498927129619045
465,5.4475,-0.269691956946702
465,5.455,-1.2259095336591
465,5.4625,-2.18646774178905
465,5.47,2.96819802842292
465,5.4775,1.8376418211073
465,5.485,0.996858763714011
465,5.4925,-0.00387480396906944
465,5.5,-1.22834902543746
465,5.5075,-1.86672680565691
465,5.515,-2.6746601793264
465,5.5225,2.47848252229284
465,5.53,1.73480889076368
465,5.5375,0.84615697575263
465,5.545,-0.161960432362818
465,5.5525,-1.11118712099512
465,5.56,-2.01923867795896
465,5.5675,-2.98842519384953
465,5.575,2.25562183832409
465,5.5825,1.15818649914147
465,5.59,0.107569819623762
465,5.5975,-0.941452839513581
465,5.605,-2.0513901919193
465,5.6125,-3.08119835162712
465,5.62,2.38775351386991
465,5.6275,1.72020455241863
465,5.635,1.00821871810677
465,5.6425,0.171248422259685
465,5.65,-0.726088540493448
465,5.6575,-1.67776771138202
465,5.665,-2.71863937573612
465,5.6725,2.54634684734522
465,5.68,1.65180361362119
465,5.6875,0.610330323666802
465,5.695,-0.444417757474519
465,5.7025,-1.2715422363021
465,5.71,-2.28412866582265
465,5.7175,3.00133339326743
465,5.725,2.12536726724331
465,5.7325,1.18695055235573
465,5.74,0.171940222454841
465,5.7475,-0.874145018336374
465,5.755,-1.70289495570391
465,5.7625,-2.5365826396791
465,5.77,2.81081556948162
465,5.7775,1.96489795446197
465,5.785,0.986738180467277
465,5.7925,-0.157986984795902
465,5.8,-1.2705331443094
465,5.8075,-2.32389428669701
465,5.815,3.02744156241753
465,5.8225,2.06774913597686
465,5.83,1.08130619327755
465,5.8375,0.291163247597945
465,5.845,-0.77494330149279
465,5.8525,-1.89498349184219
465,5.86,-2.8463739474865
465,5.8675,2.37149176852223
465,5.875,1.28869901516737
465,5.8825,0.586771465432096
465,5.89,-0.248213186175802
465,5.8975,-0.932599702158507
465,5.905,-1.54127907435288
465,5.9125,-2.7126183717259
465,5.92,2.51155218031903
465,5.9275,1.48806600914278
465,5.935,0.355208000132648
465,5.9425,-0.652952630463207
465,5.95,-1.63175465530049
465,5.9575,-2.61891625374269
465,5.965,3.00155016395425
465,5.9725,1.99311071381886
465,5.98,1.18606259323981
465,5.9875,0.484918966143036
465,5.995,-0.67998255085557
465,6.0025,-1.56961170394356
465,6.01,-2.29856042178628
465,6.0175,2.82244502154903
465,6.025,1.8315392476049
465,6.0325,0.900366936501188
465,6.04,-0.238955159407936
465,6.0475,-1.28557769954448
465,6.055,-2.3171917120194
465,6.0625,2.92744693453438
465,6.07,1.85411468801781
465,6.0775,0.935284319625047
465,6.085,0.29840754463193
465,6.0925,-0.504174797010813
465,6.1,-1.41350751000332
465,6.1075,-2.18918774168448
465,6.115,3.09200251346328
465,6.1225,1.98197518824769
465,6.13,1.25242598637376
465,6.1375,0.177993715170763
465,6.145,-0.945181124091772
465,6.1525,-1.7936295093804
465,6.16,-2.81967505229496
465,6.1675,2.42074844713028
465,6.175,1.58658674952035
465,6.1825,0.518253038579393
465,6.19,-0.659382844271249
465,6.1975,-1.65795551508465
465,6.205,-2.67016265541721
465,6.2125,2.62171617948579
465,6.22,2.06758849444495
465,6.2275,1.79262206578643
465,6.235,1.18399325854132
465,6.2425,-0.0400862856005002
465,6.25,-1.25729566499176
465,6.2575,-2.33890026255462
465,6.265,2.83788669266926
465,6.2725,1.70148165812774
465,6.28,0.730518286730627
465,6.2875,-0.219567473243909
465,6.295,-1.31220436079338
465,6.3025,-2.31875460761093
465,6.31,3.03359007252056
465,6.3175,2.06192205298362
465,6.325,1.09468710164102
465,6.3325,0.192733311690432
465,6.34,-0.478364424612366
465,6.3475,-1.21463066606153
465,6.355,-2.09993255884093
465,6.3625,-3.10284618426351
465,6.37,2.0890971624526
465,6.3775,0.991699934988181
465,6.385,-0.153029763396871
465,6.3925,-1.24641431701503
465,6.4,-2.25133417437866
465,6.4075,3.00347975649344
465,6.415,1.94012650157016
465,6.4225,1.12621223270187
465,6.43,0.664803961870141
465,6.4375,-0.308509740678326
465,6.445,-1.22914679281627
465,6.4525,-2.34677149063571
465,6.46,2.77043499596693
465,6.4675,1.88983677300792
465,6.475,0.947313753433093
465,6.4825,0.497890889376138
465,6.49,-0.200093473156234
465,6.4975,-1.22008638575657
465,6.505,-2.16264865531603
465,6.5125,2.95883837059043
465,6.52,1.74403676587441
465,6.5275,0.625629189037281
465,6.535,-0.459471257600961
465,6.5425,-1.37818773818849
465,6.55,-2.26458409868063
465,6.5575,3.0974381915159
465,6.565,2.41228577496505
465,6.5725,1.33954080245965
465,6.58,0.199934388164292
465,6.5875,-0.547745073237529
465,6.595,-1.52497009519462
465,6.6025,-2.5638374782007
465,6.61,3.01655619587723
465,6.6175,1.939703344278
465,6.625,1.00082582611691
465,6.6325,0.167323643814554
465,6.64,-1.08715581491837
465,6.6475,-1.94512509048885
465,6.655,-2.82904910310933
465,6.6625,2.09172097914714
465,6.67,1.17086450930267
465,6.6775,0.348410096514794
465,6.685,-0.96043009082985
465,6.6925,-1.53972381556073
465,6.7,-2.168984172228
465,6.7075,2.93044525801875
465,6.715,2.01074724967222
465,6.7225,0.827463436226981
465,6.73,-0.380447708366181
465,6.7375,-1.12344868073428
465,6.745,-2.3244719890742
465,6.7525,2.73136024651944
465,6.76,2.80975761467506
465,6.7675,1.40715957566304
465,6.775,0.335677073567184
465,6.7825,-0.10799166244862
465,6.79,-1.59830696696423
465,6.7975,-3.03605849139442
465,6.805,2.35163500561232
465,6.8125,2.07412701884738
465,6.82,1.97686520357782
465,6.8275,0.544426195518309
465,6.835,-0.308748333923445
465,6.8425,-1.24566986501042
465,6.85,-2.72436062540576
465,6.8575,2.5755680453401
465,6.865,1.81356426549708
465,6.8725,0.509547671502483
465,6.88,-0.358308281493172
465,6.8875,-0.933999223640253
465,6.895,-1.88217445874675
465,6.9025,3.03531020389226
465,6.91,1.57778825913052
465,6.9175,0.628244496468578
465,6.925,-0.30769671158098
465,6.9325,1.09949516846048
465,6.94,-0.198482446862746
465,6.9475,-1.46715859206636
465,6.955,-2.84577506567414
465,6.9625,2.23768109162457
465,6.97,1.07517282896332
465,6.9775,-0.31344916109546
465,6.985,-1.6530378251432
465,6.9925,-2.53122665364927
465,7,2.4533927635869
465,7.0075,0.67560054668831
465,7.015,-0.927206747296323
465,7.0225,-2.50235938040445
465,7.03,2.23630659432628
465,7.0375,0.825817730094483
465,7.045,-0.461757443084369
465,7.0525,-1.63348215791575
465,7.06,-2.80537682154156
465,7.0675,2.30197257091105
465,7.075,1.25527817227897
465,7.0825,0.160735154316014
465,7.09,-1.09321093642169
465,7.0975,-2.43230779952599
465,7.105,3.0312545135983
465,7.1125,2.33487102860228
465,7.12,1.19680322121689
465,7.1275,2.02178393310071
465,7.135,0.828297610194356
465,7.1425,-0.125483964085016
465,7.15,-1.20018432143681
465,7.1575,-2.35015148250699
465,7.165,2.88438896478795
465,7.1725,1.97887891107697
465,7.18,0.748543063973622
465,7.1875,-0.380423652982072
465,7.195,-1.29687512066797
465,7.2025,-2.58284679853248
465,7.21,2.5732166985506
465,7.2175,1.67721213722836
465,7.225,0.225285006345451
465,7.2325,-0.267263344549237
465,7.24,-0.832922416606346
465,7.2475,-2.84698773443367
465,7.255,-1.34540501066166
465,7.2625,-2.9054312018785
465,7.27,2.64980500433592
465,7.2775,1.59765162024357
465,7.285,0.443947282730901
465,7.2925,-0.661316992059811
465,7.3,-1.80501241315506
465,7.3075,-2.62467107366772
465,7.315,2.48523805195666
465,7.3225,1.26722143295755
465,7.33,0.716806469522694
465,7.3375,-0.301363664159741
465,7.345,-1.19732089715971
465,7.3525,-1.87660740731788
465,7.36,-2.81966701761831
465,7.3675,2.46668230723585
465,7.375,1.78773359193544
465,7.3825,0.891515424276815
465,7.39,-0.279131696817897
465,7.3975,-1.24041229274789
465,7.405,-2.4287317555294
465,7.4125,2.64142514821491
465,7.42,1.74384222581629
465,7.4275,0.524795254431972
465,7.435,-0.650580697506594
465,7.4425,-1.38690243899413
465,7.45,-2.5042804501241
465,7.4575,3.01784648004655
465,7.465,2.32949600068318
465,7.4725,1.0771939135769
465,7.48,0.20388234462124
465,7.4875,-0.670742531508495
465,7.495,-1.89320990055178
465,7.5025,-2.38269219244812
465,7.51,2.91795364161823
465,7.5175,1.64407207002427
465,7.525,1.02096122987201
465,7.5325,-0.011462632173911
465,7.54,-1.35947354335065
465,7.5475,-2.17589924933601
465,7.555,-3.03548077446804
465,7.5625,2.16147073857554
465,7.57,1.56698899603306
465,7.5775,0.495776421284339
465,7.585,-0.352519314558126
465,7.5925,-1.13892060641459
465,7.6,-2.29311661496202
465,7.6075,-3.02739494842503
465,7.615,2.32135128247394
465,7.6225,1.21204628296279
465,7.63,0.240183465816208
465,7.6375,-0.780712293471484
465,7.645,-1.75845367471775
465,7.6525,-2.80716832355898
465,7.66,2.40978140396804
465,7.6675,1.52748489576195
465,7.675,0.447913135121376
465,7.6825,-0.728122480615406
465,7.69,-1.6633442365251
465,7.6975,-2.5448236387434
465,7.705,2.7044778768941
465,7.7125,1.87384546494578
465,7.72,1.46839997046872
465,7.7275,0.559359675973007
465,7.735,-0.483275911717484
465,7.7425,-1.3197321128213
465,7.75,-2.42162767403776
465,7.7575,2.66749506092413
465,7.765,1.69362983960267
465,7.7725,0.753375510477527
465,7.78,-0.176196104845844
465,7.7875,-1.177279485698
465,7.795,-2.22658581634133
465,7.8025,-3.11350511650856
465,7.81,2.26020913386213
465,7.8175,1.25541103242956
465,7.825,0.682173547976484
465,7.8325,0.00177525119092189
465,7.84,-1.17935138343591
465,7.8475,-1.86276685219015
465,7.855,-2.82196878287498
465,7.8625,2.15318574293699
465,7.87,1.26235593307872
465,7.8775,0.289724929421181
465,7.885,-0.917073129902394
465,7.8925,-1.87339851586829
465,7.9,-2.93498465870212
465,7.9075,2.34352954493154
465,7.915,1.48349807576142
465,7.9225,0.458308289803553
465,7.93,-0.433237045446165
465,7.9375,-1.34007336435528
465,7.945,-2.38560604534418
465,7.9525,2.85000099274136
465,7.96,2.2159212253058
465,7.9675,1.28276768755135
465,7.975,0.130819046789482
465,7.9825,-0.428711243264336
465,7.99,-1.52123838253144
465,7.9975,-2.90619000368917
465,8.005,2.67486957748048
465,8.0125,1.62796038072691
465,8.02,0.149338431106527
465,8.0275,-0.533127545547504
465,8.035,-1.51320013798812
465,8.0425,-2.7673059663082
465,8.05,-2.86331851120539
465,8.0575,2.42528886271068
465,8.065,2.00827166726096
465,8.0725,0.782964106899944
465,8.08,-0.168258137025383
465,8.0875,-1.09983446283418
465,8.095,-2.31957618516086
465,8.1025,2.94064338046558
465,8.11,2.03066135972106
465,8.1175,1.05775111095827
465,8.125,-0.00230908046430401
465,8.1325,-0.85330645424205
465,8.14,-1.83051368818061
465,8.1475,-2.8618345679424
465,8.155,2.5547621928878
465,8.1625,1.61117751649946
465,8.17,1.06461469265134
465,8.1775,0.0991357875192006
465,8.185,-0.929755308743333
465,8.1925,-1.72017726765282
465,8.2,-2.85189227739001
465,8.2075,2.33705542311438
465,8.215,1.53688220172583
465,8.2225,0.412988154819875
465,8.23,-0.560477920362801
465,8.2375,-1.41323827584887
465,8.245,-2.58470825561708
465,8.2525,2.70366511512702
465,8.26,1.7234760721557
465,8.2675,0.617360595511661
465,8.275,-0.311718184723651
465,8.2825,-1.15037435701556
465,8.29,-1.85603043425298
465,8.2975,-2.59351754865624
465,8.305,2.83001119838001
465,8.3125,1.89666790859846
465,8.32,0.850106158147254
465,8.3275,-0.155585274378976
465,8.335,-1.21345764808114
465,8.3425,-2.29631292848009
465,8.35,2.96702412285483
465,8.3575,1.93384984699789
465,8.365,0.973943216008681
465,8.3725,0.044377777110987
465,8.38,-1.13761715710082
465,8.3875,-2.03630491275042
465,8.395,-2.66452714960608
465,8.4025,2.48564727153551
465,8.41,2.46017622518845
465,8.4175,1.44024518289858
465,8.425,0.22571859415773
465,8.4325,-0.537739321573158
465,8.44,-1.70522105600626
465,8.4475,-2.95837866661613
465,8.455,2.32099375023088
465,8.4625,1.17060077186418
465,8.47,-0.0456511162276193
465,8.4775,-0.864157619904304
465,8.485,-1.84581238873502
465,8.4925,-2.66204420216806
465,8.5,-3.11881539333803
465,8.5075,2.03623778620151
465,8.515,1.31405633767589
465,8.5225,0.261268703238937
465,8.53,-0.671163077656305
465,8.5375,-1.46940179881862
465,8.545,-2.59284936558044
465,8.5525,2.92755831614758
465,8.56,1.85003177586397
465,8.5675,0.669596461265699
465,8.575,-0.212441774595393
465,8.5825,-1.20809919363797
465,8.59,-2.40593045207553
465,8.5975,2.83028649341198
465,8.605,1.91840992494453
465,8.6125,0.77865949468163
465,8.62,-0.0134250850740282
465,8.6275,-0.338867997280168
465,8.635,-1.14964755237432
465,8.6425,-1.92261255338474
465,8.65,-3.0346628490674
465,8.6575,2.19701527505963
465,8.665,1.34957967804316
465,8.6725,0.112417352412556
465,8.68,-0.892936018718182
465,8.6875,-1.74528376226325
465,8.695,-2.9691593890166
465,8.7025,2.2711774422211
465,8.71,1.38635681842858
465,8.7175,0.268847268933448
465,8.725,-0.922270326312477
465,8.7325,-1.81958858730688
465,8.74,-1.86995676027397
465,8.7475,-2.8203544780379
465,8.755,2.9992842515742
465,8.7625,1.82163039460521
465,8.77,0.615128081846855
465,8.7775,-0.302344050662603
465,8.785,-1.50902222614534
465,8.7925,-2.64561480301689
465,8.8,2.74619203700352
465,8.8075,1.59087610138028
465,8.815,0.723894133943702
465,8.8225,0.0703811099774384
465,8.83,-1.02275930834723
465,8.8375,-1.70488505410939
465,8.845,-2.36840296500945
465,8.8525,2.8690521467237
465,8.86,2.17999450238906
465,8.8675,1.33630690702853
465,8.875,0.246270000305744
465,8.8825,-0.671144968621607
465,8.89,-1.6888381831184
465,8.8975,-2.76802201165511
465,8.905,2.52560728757136
465,8.9125,1.42546713742418
465,8.92,0.351496031340925
465,8.9275,-0.613362255489247
465,8.935,-1.46705167879514
465,8.9425,-2.10080030637656
465,8.95,-2.99182974595592
465,8.9575,2.38249284955502
465,8.965,1.40822546008157
465,8.9725,0.417051634931594
465,8.98,-0.396422537132798
465,8.9875,-1.25544340237735
465,8.995,-2.15050837651567
465,9.0025,-3.11862538116869
465,9.01,2.18675129438784
465,9.0175,1.1217415300011
465,9.025,-0.014880885364621
465,9.0325,-1.06871035921898
465,9.04,-2.15518127386479
465,9.0475,3.05074324140827
465,9.055,2.1698838842009
465,9.0625,1.33794349003025
465,9.07,0.466028877311744
465,9.0775,-0.239313899127511
465,9.085,-1.1404306208395
465,9.0925,-2.16328779093652
465,9.1,-3.07076304717529
465,9.1075,2.13096403075746
465,9.115,1.08106368863507
465,9.1225,0.169746094790107
465,9.13,-0.921390987815277
465,9.1375,-1.8774040749702
465,9.145,-2.79306432042296
465,9.1525,2.36460225324392
465,9.16,1.37258080625997
465,9.1675,0.528079688462621
465,9.175,-0.568277321818522
465,9.1825,-1.50443432199438
465,9.19,-2.21266022532067
465,9.1975,3.01385467262898
465,9.205,2.19306253303414
465,9.2125,1.33679397561809
465,9.22,0.348598854428931
465,9.2275,-0.603377785413177
465,9.235,-1.70604017249904
465,9.2425,-2.58507951798772
465,9.25,2.71461736886025
465,9.2575,1.56171807520162
465,9.265,0.738238712836546
465,9.2725,-0.250826877226678
465,9.28,-1.34420950831648
465,9.2875,-2.22113265218359
465,9.295,3.06193588901981
465,9.3025,2.10050277236847
465,9.31,1.09115157419998
465,9.3175,0.199059354895816
465,9.325,-0.557699527700809
465,9.3325,-1.48971109645803
465,9.34,-2.30182938959393
465,9.3475,2.98923144185124
465,9.355,1.96524227733393
465,9.3625,0.913194984627292
465,9.37,-0.134304638600939
465,9.3775,-1.14291487046316
465,9.385,-2.24388144188174
465,9.3925,3.06650635657066
465,9.4,2.11903732148353
465,9.4075,1.10885929400034
465,9.415,0.24625361148956
465,9.4225,-0.665208610153991
465,9.43,-1.61117500043452
465,9.4375,-2.46037051351337
465,9.445,2.95744613396685
465,9.4525,1.99271802719658
465,9.46,1.03839489039471
465,9.4675,0.0824708779868989
465,9.475,-0.949708005780178
465,9.4825,-1.96028544645008
465,9.49,-2.9719031678962
465,9.4975,2.26072002209336
465,9.505,1.28812500557502
465,9.5125,0.35004443145956
465,9.52,-0.587380226417521
465,9.5275,-1.43623860079843
465,9.535,-2.3386791934237
465,9.5425,2.98362135162172
465,9.55,2.11530278476686
465,9.5575,1.13051573030288
465,9.565,0.097657987342894
465,9.5725,-0.823545499485155
465,9.58,-1.82756477715538
465,9.5875,-2.82049204860224
465,9.595,2.53560916590868
465,9.6025,1.56516263735747
465,9.61,0.56254424803841
465,9.6175,-0.453872134673752
465,9.625,-1.46495576807643
465,9.6325,-2.45486886222062
465,9.64,2.87656079042144
465,9.6475,1.92313014389145
465,9.655,1.0068335947963
465,9.6625,0.14092940834605
465,9.67,-0.793563280614383
465,9.6775,-1.70936530832733
465,9.685,-2.61538767816284
465,9.6925,2.64638583402946
465,9.7,1.65718118257456
465,9.7075,0.665384621588878
465,9.715,-0.400762629115865
465,9.7225,-1.41757100870795
465,9.73,-2.36539682791865
465,9.7375,2.87658511448726
465,9.745,1.9064730748954
465,9.7525,1.04121081182268
465,9.76,0.0185247838834672
465,9.7675,-0.891669335347876
465,9.775,-1.68438611923888
465,9.7825,-2.63984455023259
465,9.79,2.85406450717626
465,9.7975,1.99787562614087
465,9.805,1.0085417972362
465,9.8125,0.0441591409935246
465,9.82,-1.06933138098983
465,9.8275,-2.10279955200425
465,9.835,-3.07584324914906
465,9.8425,2.09101306586457
465,9.85,1.13422740550381
465,9.8575,0.242615302510421
465,9.865,-0.767309974960406
465,9.8725,-1.65753447414281
465,9.88,-2.57253405816265
465,9.8875,2.75073028422183
465,9.895,1.81390371915327
465,9.9025,0.874064746050831
465,9.91,-0.0609230403557289
465,9.9175,-0.984065253440281
465,9.925,-1.94863121406538
465,9.9325,-2.9851652829315
465,9.94,2.35129815237063
465,9.9475,1.35472741423379
465,9.955,0.279927335556138
465,9.9625,-0.630897101248415
465,9.97,-1.6196863561371
465,9.9775,-2.66815565747427
465,9.985,2.73525214116936
465,9.9925,1.80973677399911
465,10,0.902568213570501
465,10.0075,0.125702103999517
465,10.015,-0.815410003422847
465,10.0225,-1.72961475099248
465,10.03,-2.6114218156397
465,10.0375,2.68479422471181
465,10.045,1.71763915140545
465,10.0525,0.776739291492262
465,10.06,-0.235062122800848
465,10.0675,-1.26514284005314
465,10.075,-2.26655651173591
465,10.0825,2.96778556843118
465,10.09,1.97908176811558
465,10.0975,1.00976251284135
465,10.105,0.017436481309143
465,10.1125,-0.730615777277554
465,10.12,-1.58871469745688
465,10.1275,-2.43436989734471
465,10.135,3.10304199149655
465,10.1425,2.08575093048057
465,10.15,1.12700432610553
465,10.1575,0.12806478473953
465,10.165,-0.938885379696709
465,10.1725,-1.93397239342858
465,10.18,-2.99143912834251
465,10.1875,2.27765608677686
465,10.195,1.37086161361435
465,10.2025,0.362302163160471
465,10.21,-0.635011362864258
465,10.2175,-1.48833187290808
465,10.225,-2.42291335842696
465,10.2325,2.94766952000146
465,10.24,2.11929906196325
465,10.2475,1.30609875305981
465,10.255,0.369779597112637
465,10.2625,-0.620366096071442
465,10.27,-1.50515046613563
465,10.2775,-2.54601080433426
465,10.285,2.69124228714965
465,10.2925,1.74230095880201
465,10.3,0.727422253344744
465,10.3075,-0.204136168329924
465,10.315,-1.09649113900887
465,10.3225,-2.09162344049216
465,10.33,-2.9280330978477
465,10.3375,2.52441510071887
465,10.345,1.5095131365583
465,10.3525,0.581260691012918
465,10.36,-0.333337935522965
465,10.3675,-1.25801829674578
465,10.375,-2.18314665594774
465,10.3825,-3.0633645846886
465,10.39,2.31886236209736
465,10.3975,1.25025916390905
465,10.405,0.242339171554198
465,10.4125,-0.756856860721047
465,10.42,-1.8163372516078
465,10.4275,-2.88977398524674
465,10.435,2.36785392765182
465,10.4425,1.47400175598208
465,10.45,0.507508232805371
465,10.4575,-0.439285687588966
465,10.465,-1.21806429204053
465,10.4725,-2.12851287737385
465,10.48,-3.12247281008776
465,10.4875,2.22837419911786
465,10.495,1.29347747683102
465,10.5025,0.324019037386342
465,10.51,-0.724868508750754
465,10.5175,-1.72532179796254
465,10.525,-2.64829107619064
465,10.5325,2.57706110198932
465,10.54,1.61947414257332
465,10.5475,0.71587440918418
465,10.555,-0.293263179327928
465,10.5625,-1.10947405334416
465,10.57,-1.99409699472032
465,10.5775,-2.89756074061469
465,10.585,2.60066734076617
465,10.5925,1.57372088485267
465,10.6,0.616252201229152
465,10.6075,-0.215604488459397
465,10.615,-1.19401544405074
465,10.6225,-2.21620785630683
465,10.63,3.12598036857074
465,10.6375,2.13424683779306
465,10.645,1.07401734402104
465,10.6525,0.122302299331784
465,10.66,-0.850957176664926
465,10.6675,-1.8454972856062
465,10.675,-2.78648371080264
465,10.6825,2.44376406564704
465,10.69,1.510765777476
465,10.6975,0.695926610962392
465,10.705,-0.35063742271203
465,10.7125,-1.14201859564038
465,10.72,-2.0077229686016
465,10.7275,-3.14005382060286
465,10.735,2.23694486729743
465,10.7425,1.23248363353468
465,10.75,0.138481100373479
465,10.7575,-0.751015533294158
465,10.765,-1.76242063942439
465,10.7725,-2.71059391445083
465,10.78,2.77004039263292
465,10.7875,1.72190119310514
465,10.795,0.758007174984086
465,10.8025,-0.121430940807135
465,10.81,-1.18515354270891
465,10.8175,-2.12969369275737
465,10.825,-2.92575198797112
465,10.8325,2.60131910702975
465,10.84,1.76045667469092
465,10.8475,0.803944168445502
465,10.855,-0.098235433569757
465,10.8625,-1.1576187721242
465,10.87,-2.28765640818364
465,10.8775,2.99783271864074
465,10.885,1.98525133878579
465,10.8925,0.989316380346224
465,10.9,0.105106754439179
465,10.9075,-0.708967446780086
465,10.915,-1.55975223274278
465,10.9225,-2.46807724202842
465,10.93,2.90821873654174
465,10.9375,1.95316846979212
465,10.945,1.02168371878241
465,10.9525,0.0423898703805291
465,10.96,-0.987549577699541
465,10.9675,-1.95149557241706
465,10.975,-2.87915746992826
465,10.9825,2.3639912447933
465,10.99,1.40333895246717
465,10.9975,0.439569013765015
465,11.005,-0.651058766434269
465,11.0125,-1.67883601647013
465,11.02,-2.62281036231368
465,11.0275,2.73483418012924
465,11.035,1.7320446704228
465,11.0425,1.03206679941324
465,11.05,0.320743203014153
465,11.0575,-0.632087948240336
465,11.065,-1.57188626857361
465,11.0725,-2.62686992964956
465,11.08,2.70104515951175
465,11.0875,1.69426368297853
465,11.095,0.62402564783204
465,11.1025,-0.192784314029659
465,11.11,-1.19273746259985
465,11.1175,-2.32489513195165
465,11.125,3.1276042910742
465,11.1325,2.22566211312356
465,11.14,1.19799683514787
465,11.1475,0.480580434514562
465,11.155,-0.372987536985925
465,11.1625,-1.34719826854588
465,11.17,-2.17967572076071
465,11.1775,-3.13138992139516
465,11.185,2.10915483738495
465,11.1925,1.10730005931395
465,11.2,0.0659202940990847
465,11.2075,-1.02772570195395
465,11.215,-2.03438860746879
465,11.2225,-3.03595519230392
465,11.23,2.22227776292409
465,11.2375,1.33679809134697
465,11.245,0.391124702655889
465,11.2525,-0.517192812055303
465,11.26,-1.36011193369801
465,11.2675,-2.35107462937289
465,11.275,3.02701486395961
465,11.2825,2.10091581362379
465,11.29,1.07249382690259
465,11.2975,0.0840157390567891
465,11.305,-0.843873445542681
465,11.3125,-1.80791373329448
465,11.32,-2.81941225797931
465,11.3275,2.51793863310945
465,11.335,1.5726237353324
465,11.3425,0.519132733407968
465,11.35,-0.448106845738038
465,11.3575,-1.29240320560159
465,11.365,-2.23828506278485
465,11.3725,3.06723564170101
465,11.38,2.18062069987989
465,11.3875,1.23446787419854
465,11.395,0.215612910297133
465,11.4025,-0.710348819891579
465,11.41,-1.58298221692791
465,11.4175,-2.49701625162848
465,11.425,2.81070589412417
465,11.4325,1.8195452895762
465,11.44,0.837161473702452
465,11.4475,-0.172010081419457
465,11.455,-1.23327289574918
465,11.4625,-2.21386036115116
465,11.47,3.12296950709168
465,11.4775,2.09655285638862
465,11.485,1.1454115923209
465,11.4925,0.255430644682025
465,11.5,-0.645438631112162
465,11.5075,-1.56331326321902
465,11.515,-2.47348520281746
465,11.5225,2.82759740116622
465,11.53,1.83838994183429
465,11.5375,0.841332020215447
465,11.545,-0.162216346160134
465,11.5525,-1.16920627226335
465,11.56,-2.21247689096405
465,11.5675,3.09289604751841
465,11.575,2.07659403101631
465,11.5825,1.09029412669362
465,11.59,0.192629987822066
465,11.5975,-0.831027806431
465,11.605,-1.76245339847215
465,11.6125,-2.59186326742271
465,11.62,2.72349682218399
465,11.6275,1.88204708420357
465,11.635,0.958291833538113
465,11.6425,-0.063767318978587
465,11.65,-1.01718622341397
465,11.6575,-2.08268928230219
465,11.665,-3.0487363826819
465,11.6725,2.26854521767035
465,11.68,1.1900772717428
465,11.6875,0.277359737118071
465,11.695,-0.657830980684984
465,11.7025,-1.63122829940456
465,11.71,-2.5396961629413
465,11.7175,2.80824792281636
465,11.725,1.88943558152747
465,11.7325,0.836609078492348
465,11.74,-0.166000873195704
465,11.7475,-0.867667386195468
465,11.755,-1.88997478379818
465,11.7625,-2.87789319345821
465,11.77,2.64222329753454
465,11.7775,1.62064012596071
465,11.785,0.576640158444367
465,11.7925,-0.424305701351873
465,11.8,-1.48342962603267
465,11.8075,-2.55237737588406
465,11.815,2.66047348845954
465,11.8225,1.70690786242317
465,11.83,0.724766359458752
465,11.8375,-0.225905875290411
465,11.845,-1.0788947875209
465,11.8525,-2.02679929722831
465,11.86,-2.83063391792197
465,11.8675,2.43028472317493
465,11.875,1.54408553911439
465,11.8825,0.716283180946156
465,11.89,-0.401920265561007
465,11.8975,-1.25812963665302
465,11.905,-2.23175844608969
465,11.9125,2.93868046908902
465,11.92,2.01352978344132
465,11.9275,1.02153389521076
465,11.935,-0.0484168956722377
465,11.9425,-1.07176698354137
465,11.95,-1.84670776371019
465,11.9575,-2.75980502667062
465,11.965,2.60686487684792
465,11.9725,1.93595368991916
465,11.98,0.847082322200947
465,11.9875,-0.127033682145497
465,11.995,-1.03825759743771
465,12.0025,-2.07882804608361
465,12.01,-3.0230995747622
465,12.0175,2.27003704051345
465,12.025,1.41759272195899
465,12.0325,0.464461578038187
465,12.04,-0.548933346225261
465,12.0475,-1.41412023979177
465,12.055,-2.39303254337102
465,12.0625,2.79806170511396
465,12.07,1.76326960433945
465,12.0775,0.819121749978935
465,12.085,-0.185608499943994
465,12.0925,-1.04507548786314
465,12.1,-1.78809738304574
465,12.1075,-2.53657896241245
465,12.115,2.85368347098158
465,12.1225,1.79882403764235
465,12.13,0.802629562834999
465,12.1375,-0.263676432450195
465,12.145,-1.36044060706876
465,12.1525,-2.36538098335412
465,12.16,2.96187865472687
465,12.1675,2.00608284602652
465,12.175,1.04211010041316
465,12.1825,0.0735468527098538
465,12.19,-0.908892098807793
465,12.1975,-1.88153660199554
465,12.205,-2.70132088790731
465,12.2125,2.73370590717774
465,12.22,2.08100452741787
465,12.2275,1.26850298362951
465,12.235,0.171972954332797
465,12.2425,-0.886339377422663
465,12.25,-1.97189535230612
465,12.2575,-3.08764860706551
465,12.265,2.10889609441116
465,12.2725,1.14561384121582
465,12.28,0.228465303644697
465,12.2875,-0.743233092536665
465,12.295,-1.33930676285621
465,12.3025,-2.15066589830614
465,12.31,-2.93840840721455
465,12.3175,2.31556394659485
465,12.325,1.17685343129857
465,12.3325,0.354754827318915
465,12.34,-0.740070478675964
465,12.3475,-1.80617562533493
465,12.355,-2.65292825319505
465,12.3625,2.68866085572411
465,12.37,1.73920366813389
465,12.3775,0.775464979075104
465,12.385,-0.205322110242463
465,12.3925,-1.36194241721088
465,12.4,-2.43070942167893
465,12.4075,2.9117199473326
465,12.415,1.93637819044116
465,12.4225,1.3526566603402
465,12.43,0.3869640038328
465,12.4375,-0.433706055226251
465,12.445,-1.23770992892526
465,12.4525,-2.51631031548525
465,12.46,2.7868080211775
465,12.4675,1.92871541625221
465,12.475,0.802503970588634
465,12.4825,0.0139350376315539
465,12.49,-0.850045862868607
465,12.4975,-1.68408875294571
465,12.505,-2.7284753317976
465,12.5125,2.46201735510292
465,12.52,1.56688392040349
465,12.5275,0.424738667953127
465,12.535,-0.513439882400237
465,12.5425,-0.779200985778316
465,12.55,-1.58904977327624
465,12.5575,-2.55540453558088
465,12.565,2.73454355938747
465,12.5725,1.69973272504493
465,12.58,0.470601867081182
465,12.5875,-0.663037938776933
465,12.595,-1.60408657574036
465,12.6025,-2.76549125056865
465,12.61,2.74413570397972
465,12.6175,1.95871223847771
465,12.625,0.809378427398091
465,12.6325,0.0107778228095454
465,12.64,-0.996460880252518
465,12.6475,-1.95871091554876
465,12.655,-2.73383559179154
465,12.6625,2.5593386039622
465,12.67,1.60648129340747
465,12.6775,0.860982009287832
465,12.685,0.134786453914094
465,12.6925,-0.643329745315447
465,12.7,-1.75108130483991
465,12.7075,-2.87606929378233
465,12.715,2.5217790892506
465,12.7225,1.48965530299551
465,12.73,0.435946084107406
465,12.7375,-0.520333420748794
465,12.745,-1.29189460566674
465,12.7525,-2.23800614012359
465,12.76,3.08403932447314
465,12.7675,2.19291306005543
465,12.775,0.955545899516991
465,12.7825,-0.00644678332594484
465,12.79,-0.721775469890849
465,12.7975,-1.62093132902974
465,12.805,-2.14635450988042
465,12.8125,-3.08505137797953
465,12.82,2.19425801265254
465,12.8275,1.23693764422983
465,12.835,0.177265591528373
465,12.8425,-0.819004331430771
465,12.85,-1.62544016486877
465,12.8575,-2.49855725476187
465,12.865,2.85072406669514
465,12.8725,1.9739488967495
465,12.88,0.91818496506267
465,12.8875,-0.0718319672522776
465,12.895,-0.976742850375869
465,12.9025,-2.04150019694524
465,12.91,-3.00549419071931
465,12.9175,2.50559730294324
465,12.925,1.53835398115412
465,12.9325,0.662803568288838
465,12.94,-0.358998935062357
465,12.9475,-1.50773402973062
465,12.955,-2.64601948935544
465,12.9625,2.48752653375011
465,12.97,1.35176069248666
465,12.9775,0.310601170863995
465,12.985,-0.577193729719858
465,12.9925,-1.15801950247959
465,13,-1.65814198437452
465,13.0075,-2.78458194131857
465,13.015,2.49279051458889
465,13.0225,1.63830880943649
465,13.03,0.386307192921805
465,13.0375,-0.625541970219016
465,13.045,-1.25600068380069
465,13.0525,-2.33919375446438
465,13.06,-2.79070895889761
465,13.0675,2.60654466902595
465,13.075,1.36621945589657
465,13.0825,0.350948479912699
465,13.09,-0.757534378098847
465,13.0975,-1.98943709248683
465,13.105,-2.73557576640979
465,13.1125,2.86920941949928
465,13.12,1.89272813236412
465,13.1275,1.24167323111138
465,13.135,0.213586560334607
465,13.1425,-0.92213053145356
465,13.15,-1.94485301389512
465,13.1575,-3.07179360512642
465,13.165,2.12766202735681
465,13.1725,1.19347346285436
465,13.18,0.194309265093605
465,13.1875,-0.74164048501903
465,13.195,-1.62541308005104
465,13.2025,-2.76343255463083
465,13.21,2.50184880403225
465,13.2175,1.57896976953892
465,13.225,0.359138868598311
465,13.2325,-0.837600470828015
465,13.24,-1.59221613647267
465,13.2475,-2.05628185942928
465,13.255,-2.48157394594258
465,13.2625,2.94317703708498
465,13.27,1.82155934672679
465,13.2775,0.617992078717577
465,13.285,-0.444017503347692
465,13.2925,-1.50671981402989
465,13.3,-2.62791782825151
465,13.3075,2.58306321338701
465,13.315,1.49708259702632
465,13.3225,0.594301074863667
465,13.33,-0.245408641972417
465,13.3375,-0.985337951641433
465,13.345,-1.81485841792302
465,13.3525,-2.85426948427825
465,13.36,2.47230528685154
465,13.3675,1.58027695459055
465,13.375,0.825790577496609
465,13.3825,-0.0378495345882275
465,13.39,-1.0806798067789
465,13.3975,-2.04296517043255
465,13.405,-2.99261784477184
465,13.4125,2.12618159319232
465,13.42,0.99142972530615
465,13.4275,-0.0874292867001675
465,13.435,-1.24178166301871
465,13.4425,-2.20095686952672
465,13.45,-2.97898031900032
465,13.4575,2.58481505437972
465,13.465,1.8792260782745
465,13.4725,0.733473165924409
465,13.48,-0.201773092121673
465,13.4875,-1.16035825164528
465,13.495,-2.35003762609922
465,13.5025,2.92668377495167
465,13.51,1.87488204503265
465,13.5175,1.03977420027385
465,13.525,0.22952811068616
465,13.5325,-0.777479654320778
465,13.54,-1.67093321310343
465,13.5475,-2.83863838847267
465,13.555,2.23269278804458
465,13.5625,1.15219159366032
465,13.57,0.113731632422289
465,13.5775,-1.10691334187534
465,13.585,-2.17118792931951
465,13.5925,-1.76077667672049
465,13.6,-2.81661260113331
465,13.6075,2.80080774891515
465,13.615,1.90970580316233
465,13.6225,0.634340670311661
465,13.63,-0.233097015220461
465,13.6375,-0.825740110471801
465,13.645,-1.6711544477663
465,13.6525,-2.61582871892395
465,13.66,2.47694198393423
465,13.6675,1.44979247707273
465,13.675,0.258820080163303
465,13.6825,-1.1309165583124
465,13.69,-2.30734317707861
465,13.6975,3.08071384250004
465,13.705,1.6781511349197
465,13.7125,-2.7674365818402
465,13.72,2.04487322793054
465,13.7275,0.771481786438351
465,13.735,-0.479633968740088
465,13.7425,-1.7418233060936
465,13.75,-2.92434408351974
465,13.7575,2.18718486411472
465,13.765,1.01092098896514
465,13.7725,0.284955618935276
465,13.78,-0.659105525385734
465,13.7875,-1.84302851285972
465,13.795,-2.10095625356012
465,13.8025,2.73483421459565
465,13.81,1.07986597786277
465,13.8175,1.11124318885221
465,13.825,-0.0493046485218909
465,13.8325,1.38624036618586
465,13.84,-0.261415175597572
465,13.8475,-1.56034953530307
465,13.855,-2.51647519426328
465,13.8625,2.3872241494118
465,13.87,1.03242297748664
465,13.8775,0.155250811549691
465,13.885,-1.03411331459122
465,13.8925,-2.55312986970188
465,13.9,-1.63667341165964
465,13.9075,-2.92523583655317
465,13.915,2.51076270560151
465,13.9225,1.8024798046267
465,13.93,0.492560616886916
465,13.9375,-0.575202448747029
465,13.945,-1.55532214415798
465,13.9525,-2.6405472577339
465,13.96,2.82407210673536
465,13.9675,1.83599590051189
465,13.975,0.76618979708901
465,13.9825,-0.217675917040083
465,13.99,-1.33798319395829
465,13.9975,-2.54800232718015
465,14.005,2.72200596456475
465,14.0125,1.72709423926131
465,14.02,0.565783430051658
465,14.0275,-0.204498713269701
465,14.035,-0.93853490570192
465,14.0425,-1.85813162860088
465,14.05,-2.59988216749961
465,14.0575,2.60757284229231
465,14.065,1.59362918064951
465,14.0725,0.715375196477838
465,14.08,-0.284390304932556
465,14.0875,-1.24098096446697
465,14.095,-2.08013364727628
465,14.1025,-2.97824730812338
465,14.11,2.27844074247162
465,14.1175,1.27087685895612
465,14.125,0.346071889465322
465,14.1325,-0.722508112296747
465,14.14,-1.85570981891896
465,14.1475,-2.6063561490428
465,14.155,2.95550297909699
465,14.1625,2.13659618265306
465,14.17,1.63457414404211
465,14.1775,0.647431360733757
465,14.185,-0.458776870602269
465,14.1925,-1.56728232559785
465,14.2,-2.70035805182769
465,14.2075,2.44426502999628
465,14.215,1.33023595872461
465,14.2225,0.345292274390347
465,14.23,-0.445944177360191
465,14.2375,-1.4102914992674
465,14.245,-2.37686290108935
465,14.2525,3.01093634687065
465,14.26,1.93933145195832
465,14.2675,1.01743353673285
465,14.275,0.128267492502144
465,14.2825,-0.748512562231891
465,14.29,-1.62710325138329
465,14.2975,-2.64411822715605
465,14.305,2.79487758640269
465,14.3125,1.69626946847251
465,14.32,0.563102181202408
465,14.3275,-0.454502849110633
465,14.335,-1.58691767306001
465,14.3425,-2.75840476292499
465,14.35,2.41724434438504
465,14.3575,2.14951043565358
465,14.365,1.52851753950743
465,14.3725,0.975744690091336
465,14.38,0.148516034501763
465,14.3875,-1.13677340493732
465,14.395,-2.11758768647247
465,14.4025,-3.12788520910246
465,14.41,2.09413103249864
465,14.4175,1.34705859474476
465,14.425,0.293273706044028
465,14.4325,-0.603788687212925
465,14.44,-1.56687884664189
465,14.4475,-2.83902233876645
465,14.455,2.35983111787746
465,14.4625,1.60737406300356
465,14.47,0.606213161547668
465,14.4775,-0.254108117421074
465,14.485,-0.727444469512456
465,14.4925,-1.64718701005487
465,14.5,-2.63740526424493
465,14.5075,2.70168686063998
465,14.515,1.58132069467351
465,14.5225,0.475537516993195
465,14.53,-0.562205775131392
465,14.5375,-1.5575867126528
465,14.545,-2.36410134652509
465,14.5525,2.91913638752133
465,14.56,1.87513831217595
465,14.5675,0.979104873873918
465,14.575,-0.127679301097553
465,14.5825,-1.22595264037329
465,14.59,-2.26850602702034
465,14.5975,2.94861410644278
465,14.605,2.0803611761967
465,14.6125,1.34304674611556
465,14.62,0.947438620122346
465,14.6275,0.0549138012699166
465,14.635,-1.03057269050287
465,14.6425,-2.04664477609848
465,14.65,-3.05186401318432
465,14.6575,2.10985437745064
465,14.665,1.04811665064764
465,14.6725,0.137104606611448
465,14.68,-0.843382757906167
465,14.6875,-1.69377077736923
465,14.695,-2.59675230522208
465,14.7025,2.65674837444521
465,14.71,1.73785901066734
465,14.7175,0.764897017315716
465,14.725,-0.217741118689517
465,14.7325,-0.88252731447491
465,14.74,-1.67415569026972
465,14.7475,-2.65951429229533
465,14.755,2.65160752085033
465,14.7625,1.5990337575061
465,14.77,0.505043527246697
465,14.7775,-0.563932213256766
465,14.785,-1.60393933282041
465,14.7925,-2.61177082558332
465,14.8,2.67985987224355
465,14.8075,1.68851594126876
465,14.815,0.75570263895044
465,14.8225,-0.112601353350786
465,14.83,-1.14445980538651
465,14.8375,-2.14973596361187
465,14.845,-3.08070510824537
465,14.8525,2.14655209551832
465,14.86,1.15183765720543
465,14.8675,0.359104583747401
465,14.875,-0.400406757094256
465,14.8825,-1.30562384807686
465,14.89,-2.21403755761124
465,14.8975,3.06606964873447
465,14.905,1.89895485184792
465,14.9125,0.769563761255474
465,14.92,-0.300884064891463
465,14.9275,-1.35675556968626
465,14.935,-2.30146327796523
465,14.9425,-2.59807708608712
465,14.95,3.01690546273242
465,14.9575,2.15234798278179
465,14.965,1.12327306336013
465,14.9725,0.0287487168241807
465,14.98,-0.996837859349804
465,14.9875,-2.03930580565171
465,14.995,-2.96268521247471
465,15.0025,2.5245944764278
465,15.01,1.53970080887351
465,15.0175,0.532923928769972
465,15.025,-0.492247180788191
465,15.0325,-1.61378615094972
465,15.04,-2.71593259410654
465,15.0475,2.51767887730301
465,15.055,1.55047089302541
465,15.0625,0.556270206030802
465,15.07,-0.269606032481748
465,15.0775,-0.882769254855327
465,15.085,-1.85899543013538
465,15.0925,-2.76715258078847
465,15.1,2.42449280868857
465,15.1075,1.20570855337126
465,15.115,0.126294254245161
465,15.1225,-0.997570703360337
465,15.13,-2.03629331084439
465,15.1375,-2.47756286319738
465,15.145,2.9413218071325
465,15.1525,2.25432747846897
465,15.16,1.1529325833983
465,15.1675,-0.0871755665992374
465,15.175,-1.18383158903827
465,15.1825,-2.30775754491707
465,15.19,3.02003559312746
465,15.1975,2.50166369588161
465,15.205,2.4120997463267
465,15.2125,1.32492709796951
465,15.22,0.0440272394400809
465,15.2275,-1.0378654294732
465,15.235,-2.14954166578474
465,15.2425,2.93774003152437
465,15.25,1.92687229901071
465,15.2575,1.10299509703428
465,15.265,0.190461500980696
465,15.2725,-0.629404644346246
465,15.28,-1.460886531668
465,15.2875,-2.51714849322901
465,15.295,2.74094187037491
465,15.3025,1.75132975982135
465,15.31,0.864338066671923
465,15.3175,0.0328878296170999
465,15.325,-0.703050435103731
465,15.3325,-1.4634346121653
465,15.34,-2.52962325434235
465,15.3475,2.69514181462381
465,15.355,1.57969786518238
465,15.3625,0.365047455543057
465,15.37,-0.854520363972736
465,15.3775,-2.0446314593224
465,15.385,3.082109742219
465,15.3925,1.93822200034512
465,15.4,0.854990730466358
465,15.4075,1.13237072913958
465,15.415,0.582582701159174
465,15.4225,-0.582059521794365
465,15.43,-1.50010776183161
465,15.4375,-2.57738491088054
465,15.445,2.50977148332076
465,15.4525,1.80171467343623
465,15.46,1.20032949907677
465,15.4675,0.115246734908422
465,15.475,-0.839552413040231
465,15.4825,-1.66289051475552
465,15.49,-2.95895545961833
465,15.4975,1.98384300511963
465,15.505,1.31126324092162
465,15.5125,0.518414968337384
465,15.52,0.0718489182344709
465,15.5275,-0.466826690901479
465,15.535,-1.62485838596791
465,15.5425,-2.614884633614
465,15.55,2.6420040185505
465,15.5575,1.53143994148801
465,15.565,0.528869487943978
465,15.5725,-0.560360596349017
465,15.58,-1.57822097562349
465,15.5875,-2.35658878654463
465,15.595,2.8782264151659
465,15.6025,1.87007723885216
465,15.61,0.938043243965035
465,15.6175,-0.173588508919675
465,15.625,-1.37136809117491
465,15.6325,-2.50996972894408
465,15.64,2.69738149070507
465,15.6475,1.52645226305065
465,15.655,2.83821395744583
465,15.6625,1.70057463785917
465,15.67,0.343157296475593
465,15.6775,-0.753640924493903
465,15.685,-1.91208158134854
465,15.6925,3.07467151324124
465,15.7,1.95644849257058
465,15.7075,0.958106862156031
465,15.715,-0.0530966487933492
465,15.7225,-0.785730251876852
465,15.73,-1.56459465114078
465,15.7375,-2.57075568819243
465,15.745,2.73733742991003
465,15.7525,1.84211338556269
465,15.76,0.913178785738874
465,15.7675,0.441210468918382
465,15.775,-0.385642061578329
465,15.7825,-1.34050415565029
465,15.79,-2.34618981562388
465,15.7975,2.79869871559514
465,15.805,1.65732354411282
465,15.8125,0.520562633078467
465,15.82,-0.657963962505225
465,15.8275,-1.81968096109808
465,15.835,-2.90210218723291
465,15.8425,2.59401480770261
465,15.85,2.00640012374692
465,15.8575,1.25950890445564
465,15.865,0.414532792134485
465,15.8725,-0.673654265971398
465,15.88,-1.74380766245195
465,15.8875,-2.76933728519065
465,15.895,2.45351707880292
465,15.9025,1.53042354557204
465,15.91,0.644261798931922
465,15.9175,-0.212938230464268
465,15.925,-1.14994069447726
465,15.9325,-2.20675356004425
465,15.94,3.03285024255695
465,15.9475,1.93288933282255
465,15.955,0.826396555615532
465,15.9625,-0.215526710067646
465,15.97,-1.16229190576526
465,15.9775,-1.85315642449334
465,15.985,-2.51820699087287
465,15.9925,2.98867478253749
465,16,2.15089914302261
475,4,-2.33743402634243
475,4.0075,3.04973831698256
475,4.015,2.05994465711941
475,4.0225,1.01672926627799
475,4.03,0.202465548686643
475,4.0375,-0.669032901945868
475,4.045,-1.50772187815613
475,4.0525,-2.30187688266557
475,4.06,3.10413280429681
475,4.0675,2.09151174779577
475,4.075,1.01759822985857
475,4.0825,-0.0491694070214697
475,4.09,-1.02899410797401
475,4.0975,-2.00095984451576
475,4.105,-3.03705301259712
475,4.1125,2.26056109684666
475,4.12,1.27508755531048
475,4.1275,0.147842805151991
475,4.135,-0.859630083584314
475,4.1425,-1.70215695435031
475,4.15,-2.5431293817713
475,4.1575,3.02538070945898
475,4.165,2.08009289035466
475,4.1725,1.19317816954102
475,4.18,0.154950602644243
475,4.1875,-1.03397041102914
475,4.195,-2.0147565546682
475,4.2025,-3.03702129891833
475,4.21,2.18521241950512
475,4.2175,1.41591038204483
475,4.225,0.463886625614058
475,4.2325,-0.532566713018427
475,4.24,-1.51425988901924
475,4.2475,-2.53553331630977
475,4.255,2.81300997994832
475,4.2625,1.87275500995233
475,4.27,1.0037118168579
475,4.2775,0.146296698566976
475,4.285,-0.866386808692898
475,4.2925,-1.86349148524908
475,4.3,-2.76098272796544
475,4.3075,2.60493904968859
475,4.315,1.59716829525903
475,4.3225,0.698031049312732
475,4.33,-0.309270034153081
475,4.3375,-1.41714047633838
475,4.345,-2.35124057047102
475,4.3525,2.88649204873584
475,4.36,1.89078011147096
475,4.3675,1.08474186367185
475,4.375,0.145179238694904
475,4.3825,-0.823529095108191
475,4.39,-1.79088942710494
475,4.3975,-2.73048939921767
475,4.405,2.74355399340382
475,4.4125,1.86430484454877
475,4.42,0.969262151531079
475,4.4275,0.116176293799775
475,4.435,-0.944046363464138
475,4.4425,-2.03804617472479
475,4.45,-3.11428690611562
475,4.4575,1.98728040912763
475,4.465,0.939948080148218
475,4.4725,0.0856160983296745
475,4.48,-0.886068157642276
475,4.4875,-1.73618772102735
475,4.495,-2.65958905659718
475,4.5025,2.64108315378846
475,4.51,1.7489776331165
475,4.5175,0.83663641720492
475,4.525,-0.185609644771863
475,4.5325,-1.09300277491568
475,4.54,-2.02152745667439
475,4.5475,-2.89963667905369
475,4.555,2.37159920423652
475,4.5625,1.32882210739452
475,4.57,0.627328014062617
475,4.5775,-0.177420472465371
475,4.585,-0.978559132130532
475,4.5925,-2.01433115979201
475,4.6,-3.09094302219401
475,4.6075,2.15491565411108
475,4.615,1.09470122850513
475,4.6225,0.103383788978229
475,4.63,-0.815065009241451
475,4.6375,-1.74579173259359
475,4.645,-2.61182726229436
475,4.6525,2.94070762567815
475,4.66,1.96208070676665
475,4.6675,0.954649280577527
475,4.675,-0.0116859199029684
475,4.6825,-0.968019171280164
475,4.69,-1.82871667482198
475,4.6975,-2.83963435437363
475,4.705,2.37383025113622
475,4.7125,1.29692523695907
475,4.72,0.259846401139315
475,4.7275,-0.505430739776889
475,4.735,-1.21472393472615
475,4.7425,-2.13040058044646
475,4.75,-3.12240086414816
475,4.7575,2.09278982703286
475,4.765,1.01957837777728
475,4.7725,0.0477743363406221
475,4.78,-0.971479350123701
475,4.7875,-1.98047320502525
475,4.795,-2.86703950401468
475,4.8025,2.44144165208373
475,4.81,1.46106355063557
475,4.8175,0.499843152906099
475,4.825,-0.422154245577796
475,4.8325,-1.32657896643669
475,4.84,-1.96936135089744
475,4.8475,-2.85244217763661
475,4.855,2.3167924629207
475,4.8625,1.32408488543386
475,4.87,0.308334379350332
475,4.8775,-0.754434109502183
475,4.885,-1.81823743898478
475,4.8925,-2.79744138606519
475,4.9,2.72823291511724
475,4.9075,1.84426094650687
475,4.915,0.988548055312045
475,4.9225,0.129476415686538
475,4.93,-0.978614258531295
475,4.9375,-2.09337793832936
475,4.945,-2.96511123014289
475,4.9525,2.44906814046215
475,4.96,1.43621865963208
475,4.9675,0.459954432944941
475,4.975,-0.328635078457552
475,4.9825,-1.02580925376032
475,4.99,-1.93089608879928
475,4.9975,-2.78809441478519
475,5.005,2.42156041255895
475,5.0125,1.28221987863414
475,5.02,0.22256283530764
475,5.0275,-0.869967631211815
475,5.035,-1.93056453928507
475,5.0425,-2.99506532998237
475,5.05,2.23909007830085
475,5.0575,1.31729794629498
475,5.065,0.385225766238609
475,5.0725,-0.462402465200449
475,5.08,-1.2151864325818
475,5.0875,-1.92533465769496
475,5.095,-2.86528672619072
475,5.1025,2.43507083342908
475,5.11,1.44340547012419
475,5.1175,0.398390172549881
475,5.125,-0.699241313784084
475,5.1325,-1.6661435546582
475,5.14,-2.46743473512676
475,5.1475,2.85933562762328
475,5.155,1.87834486384785
475,5.1625,0.99211100917226
475,5.17,0.151369332533605
475,5.1775,-0.833342232423985
475,5.185,-1.65668747057142
475,5.1925,-2.43571770559244
475,5.2,2.7969956792952
475,5.2075,1.66304309056879
475,5.215,0.624264334476071
475,5.2225,-0.390764580044691
475,5.23,-1.56408403118263
475,5.2375,-2.70667575222039
475,5.245,2.84655579769386
475,5.2525,1.94534121533273
475,5.26,1.01103175589283
475,5.2675,0.118328034923687
475,5.275,-0.941737433799287
475,5.2825,-2.0311892123295
475,5.29,3.10866442525644
475,5.2975,2.02207144915548
475,5.305,1.18047644780751
475,5.3125,0.362975428317475
475,5.32,-0.480467719125408
475,5.3275,-1.09687388114464
475,5.335,-2.05044524366773
475,5.3425,-3.12295497347994
475,5.35,2.23927893397521
475,5.3575,1.20210966435787
475,5.365,0.140039254669336
475,5.3725,-0.899368139650151
475,5.38,-1.8570855722182
475,5.3875,-2.90309236399585
475,5.395,2.21837807071603
475,5.4025,1.21183188989367
475,5.41,0.516206842264086
475,5.4175,-0.336961883696451
475,5.425,-1.26448765337376
475,5.4325,-1.91332948181311
475,5.44,-2.79621632211946
475,5.4475,2.65913878600737
475,5.455,1.73720761430441
475,5.4625,0.547992184770358
475,5.47,-0.420031841445138
475,5.4775,-1.58346678127626
475,5.485,-2.9067327818838
475,5.4925,2.64453590405067
475,5.5,1.91188324151202
475,5.5075,0.986131710071695
475,5.515,0.378858162273424
475,5.5225,-0.695199428636674
475,5.53,-1.88973310966691
475,5.5375,-2.74788787596876
475,5.545,2.52386600972264
475,5.5525,1.6034147008039
475,5.56,0.90174438986424
475,5.5675,-0.290646380897478
475,5.575,-1.22248664280691
475,5.5825,-1.95744227841527
475,5.59,-3.11186217983375
475,5.5975,2.19595235651123
475,5.605,1.21500382375833
475,5.6125,-0.0376430983912625
475,5.62,-1.21337621301888
475,5.6275,-2.16294186252061
475,5.635,3.09580377901141
475,5.6425,2.37299217730729
475,5.65,1.93356098439454
475,5.6575,1.25607706981536
475,5.665,0.552401644036938
475,5.6725,-0.43761816732562
475,5.68,-1.48511566942021
475,5.6875,-2.49889609144773
475,5.695,2.82825951532475
475,5.7025,1.88591686643731
475,5.71,0.86556568305334
475,5.7175,-0.250121003726065
475,5.725,-1.44211586232689
475,5.7325,-2.6117121504862
475,5.74,2.75737658346943
475,5.7475,1.91046844775336
475,5.755,1.51022932754287
475,5.7625,1.1598729333416
475,5.77,0.0308872617663714
475,5.7775,-1.21457391827097
475,5.785,-2.43307728498861
475,5.7925,2.78210107185822
475,5.8,1.7094067819764
475,5.8075,0.670021739154564
475,5.815,0.0179684994973675
475,5.8225,-0.936521815800979
475,5.83,-1.9292337131071
475,5.8375,-2.98830535827187
475,5.845,2.12485457904568
475,5.8525,1.07775164404084
475,5.86,-0.0599479811614558
475,5.8675,-1.03180159719925
475,5.875,-1.83432574021117
475,5.8825,-2.57485616949912
475,5.89,-3.06752146724372
475,5.8975,2.41819734626006
475,5.905,1.33965151936443
475,5.9125,0.243947921532059
475,5.92,-0.575526599122899
475,5.9275,-1.59247340104987
475,5.935,-2.69651513552788
475,5.9425,2.8218458221353
475,5.95,1.99332291581167
475,5.9575,0.836941355590627
475,5.965,-0.247083760953634
475,5.9725,-0.920971815126472
475,5.98,-1.99319840570555
475,5.9875,-3.13927420555096
475,5.995,2.62400149548525
475,6.0025,1.68980344890763
475,6.01,0.53796334740988
475,6.0175,-0.274645342801124
475,6.025,-1.24969730257784
475,6.0325,-2.32479298236103
475,6.04,2.922228687665
475,6.0475,1.7458852893082
475,6.055,0.773649797104887
475,6.0625,-0.196741317687862
475,6.07,-1.35887327445408
475,6.0775,-2.01259590665499
475,6.085,-2.89052491020083
475,6.0925,2.34803272756588
475,6.1,1.61888418542192
475,6.1075,0.555250933783598
475,6.115,-0.510099675048354
475,6.1225,-1.46540313644856
475,6.13,-2.56336919079127
475,6.1375,2.81814780344465
475,6.145,1.93070861675261
475,6.1525,0.950681672721773
475,6.16,0.133961293417433
475,6.1675,-0.93216456412702
475,6.175,-2.15353806192446
475,6.1825,-3.12138855986845
475,6.19,2.18044124651285
475,6.1975,1.19724282266607
475,6.205,0.56782611344306
475,6.2125,-0.463479685587062
475,6.22,-0.970138938432934
475,6.2275,-2.1307984866321
475,6.235,2.76130929858046
475,6.2425,2.06103069283078
475,6.25,1.10351328323965
475,6.2575,-0.0087127926631941
475,6.265,-0.436982553440869
475,6.2725,-1.46530234840107
475,6.28,-2.62782558319677
475,6.2875,2.62312424975329
475,6.295,1.50284583639752
475,6.3025,0.385053771171733
475,6.31,-0.533760352954284
475,6.3175,-1.65606600100314
475,6.325,-2.57152511932774
475,6.3325,-2.97289022927018
475,6.34,2.13693026484072
475,6.3475,1.36233171029697
475,6.355,0.488399196707587
475,6.3625,-0.67835861312282
475,6.37,-1.5861139077721
475,6.3775,-2.48465732291067
475,6.385,2.81472880185935
475,6.3925,1.80958242885002
475,6.4,0.707377126284172
475,6.4075,-0.318404491958887
475,6.415,-1.16357793232264
475,6.4225,-2.13159532127635
475,6.43,3.0099619254561
475,6.4375,2.02329412392445
475,6.445,1.10801629965752
475,6.4525,0.0615584081208018
475,6.46,-0.534836864275905
475,6.4675,-1.28700618983486
475,6.475,-2.11272402868161
475,6.4825,-3.05295507605418
475,6.49,2.19270472619288
475,6.4975,1.23603096642059
475,6.505,0.149767849967312
475,6.5125,-0.8845526412395
475,6.52,-1.62615225766489
475,6.5275,-2.50178284941618
475,6.535,2.60946964905364
475,6.5425,1.68210305016979
475,6.55,0.654333209505488
475,6.5575,-0.579456730863156
475,6.565,-1.46709836064091
475,6.5725,-2.41951408234883
475,6.58,3.01482097302592
475,6.5875,2.37884568324518
475,6.595,1.22681555639519
475,6.6025,0.784802799245552
475,6.61,-0.234312302067935
475,6.6175,-1.47049315428293
475,6.625,-2.49338728878169
475,6.6325,2.74389943807549
475,6.64,1.63493719674462
475,6.6475,0.467649749926595
475,6.655,-0.206461120765693
475,6.6625,-1.18554022702117
475,6.67,-2.36251258883584
475,6.6775,-3.03189820746053
475,6.685,2.08137381230279
475,6.6925,1.05383575114003
475,6.7,0.133044435736365
475,6.7075,-0.807596534684597
475,6.715,-1.07605390125362
475,6.7225,-2.03715504325498
475,6.73,-2.94425610209366
475,6.7375,2.30626451364328
475,6.745,1.23764016851702
475,6.7525,0.0982110245518033
475,6.76,-0.977204571944223
475,6.7675,-1.95600312162816
475,6.775,3.04787439406142
475,6.7825,2.1446820500048
475,6.79,1.80979669099015
475,6.7975,0.483453009920673
475,6.805,0.129806848561111
475,6.8125,-0.97385002571848
475,6.82,-2.31828496401008
475,6.8275,-2.45211360364403
475,6.835,2.78935250256007
475,6.8425,1.56976204898307
475,6.85,0.824058883140829
475,6.8575,-0.1398565129556
475,6.865,-1.29610870545968
475,6.8725,-2.28417486868138
475,6.88,2.90346308312638
475,6.8875,1.73858700335127
475,6.895,0.675870028109212
475,6.9025,-0.2538408324537
475,6.91,-1.14104179275495
475,6.9175,-2.00216777047296
475,6.925,-2.99390254669693
475,6.9325,2.42697822009603
475,6.94,1.77058910906636
475,6.9475,0.843180549489096
475,6.955,-0.0118724895192482
475,6.9625,-0.995497779937355
475,6.97,-2.06488830013359
475,6.9775,3.11241320381199
475,6.985,1.97608457920109
475,6.9925,0.94826324340951
475,7,-0.0293585829783786
475,7.0075,-0.995971909714206
475,7.015,-1.87114847555513
475,7.0225,-2.73361965208309
475,7.03,2.64423372467741
475,7.0375,1.63399335537378
475,7.045,0.777349226675621
475,7.0525,0.225849869732019
475,7.06,-0.759273723711672
475,7.0675,-1.83368883831611
475,7.075,-2.76379294982266
475,7.0825,2.56769557725726
475,7.09,1.47645878751726
475,7.0975,0.464950247701083
475,7.105,-0.325602536378254
475,7.1125,-1.37683841323275
475,7.12,-2.46162310149941
475,7.1275,2.97577808846156
475,7.135,1.89384606178686
475,7.1425,0.718405422493275
475,7.15,-0.254490466561372
475,7.1575,-1.17533352256763
475,7.165,-2.08427390480094
475,7.1725,-2.9478893765905
475,7.18,2.61364142214589
475,7.1875,1.78445719538384
475,7.195,0.720431235429013
475,7.2025,-0.338502546165682
475,7.21,-1.31594247672111
475,7.2175,-2.27174796346546
475,7.225,2.90103700125893
475,7.2325,1.80057643441879
475,7.24,1.06444998182368
475,7.2475,0.0101477594912558
475,7.255,-1.04614891693731
475,7.2625,-1.73027345623476
475,7.27,-2.72678836890106
475,7.2775,2.62389311677638
475,7.285,1.66824972588472
475,7.2925,1.02902477282362
475,7.3,-0.0303501693149638
475,7.3075,-1.09682574339496
475,7.315,-1.84078964863057
475,7.3225,-3.05590885575937
475,7.33,2.18599944743908
475,7.3375,1.23641793313429
475,7.345,0.0403704454105484
475,7.3525,-0.719666595453709
475,7.36,-1.61934932642074
475,7.3675,-2.62553968719806
475,7.375,3.13014920491341
475,7.3825,2.01027986150969
475,7.39,1.00760857997416
475,7.3975,0.168670470823938
475,7.405,-0.932331780903191
475,7.4125,-1.9251865295745
475,7.42,-2.86279681023352
475,7.4275,2.41637187020233
475,7.435,1.33337121806566
475,7.4425,0.405504320048662
475,7.45,-0.598127706191852
475,7.4575,-1.77036029458284
475,7.465,-2.67437690512035
475,7.4725,2.62116681983916
475,7.48,1.47994039875557
475,7.4875,0.57505967596924
475,7.495,-0.333662113873252
475,7.5025,-1.28865524432808
475,7.51,-2.11376832950241
475,7.5175,-2.90191082918223
475,7.525,2.52120981997009
475,7.5325,1.51299839594027
475,7.54,0.550448750295802
475,7.5475,-0.51655501934732
475,7.555,-1.5778779275506
475,7.5625,-2.58116430224287
475,7.57,2.59049097120739
475,7.5775,1.69567232825819
475,7.585,0.723320627794669
475,7.5925,-0.38451920306102
475,7.6,-1.1628452507012
475,7.6075,-2.04699117479251
475,7.615,-2.92950929951396
475,7.6225,2.61620585787946
475,7.63,1.83961990661946
475,7.6375,0.952093533270421
475,7.645,-0.116458257924178
475,7.6525,-1.14791958638906
475,7.66,-2.16713778208953
475,7.6675,2.97681274005361
475,7.675,1.94952378417725
475,7.6825,0.956553927617778
475,7.69,-0.0991498742737761
475,7.6975,-1.09394586868192
475,7.705,-2.12717063581922
475,7.7125,-3.04954452987016
475,7.72,2.32623031168356
475,7.7275,1.33415885871366
475,7.735,0.497959282129578
475,7.7425,-0.341064000431411
475,7.75,-1.28889326900305
475,7.7575,-2.25037518554011
475,7.765,3.0617989389678
475,7.7725,2.04467403766061
475,7.78,0.965807748243069
475,7.7875,-0.0434660769038709
475,7.795,-0.967193839315675
475,7.8025,-1.96467810206481
475,7.81,-2.87637266457154
475,7.8175,2.48682358983995
475,7.825,1.50570733501706
475,7.8325,0.561921035757456
475,7.84,-0.366360830826395
475,7.8475,-1.32633520334139
475,7.855,-2.3632153512495
475,7.8625,-3.07809610959834
475,7.87,2.22532847908114
475,7.8775,1.19663058995817
475,7.885,0.530771022099028
475,7.8925,-0.603767285140686
475,7.9,-1.59632195636231
475,7.9075,-2.60522162919281
475,7.915,2.56131476479923
475,7.9225,1.59987486195749
475,7.93,0.466958773599287
475,7.9375,-0.51418878329529
475,7.945,-1.28956522905161
475,7.9525,-2.28236230902469
475,7.96,3.03411967566466
475,7.9675,2.38044562863698
475,7.975,1.35765835808049
475,7.9825,0.264480446629348
475,7.99,-0.403030608388771
475,7.9975,-1.4391838012126
475,8.005,-2.57083126204265
475,8.0125,2.80032282013608
475,8.02,1.84320768658273
475,8.0275,0.832717419083944
475,8.035,-0.0825832744116826
475,8.0425,-1.13666118913198
475,8.05,-2.15246219308037
475,8.0575,3.10343677322895
475,8.065,1.926475588675
475,8.0725,1.15811450118793
475,8.08,0.53007129350816
475,8.0875,-0.223831617184517
475,8.095,-0.912406901618347
475,8.1025,-1.86507819389535
475,8.11,-2.95222934124345
475,8.1175,2.14194237190087
475,8.125,1.33156846035285
475,8.1325,0.361415047492261
475,8.14,-0.772841740550845
475,8.1475,-1.47888053682979
475,8.155,-2.56834466116434
475,8.1625,2.64863932076972
475,8.17,1.70669081556719
475,8.1775,0.678400198966548
475,8.185,-0.135774164964552
475,8.1925,-0.974130836539329
475,8.2,-1.67332141388383
475,8.2075,-2.61891624403064
475,8.215,2.78060579209483
475,8.2225,1.79569599056739
475,8.23,0.66674968502675
475,8.2375,-0.269894961065818
475,8.245,-1.29403686666525
475,8.2525,-2.37590586842774
475,8.26,2.90570833853539
475,8.2675,1.82989247196147
475,8.275,0.89857708813423
475,8.2825,-0.03527622450281
475,8.29,-1.10990095744027
475,8.2975,-1.87624116498972
475,8.305,-2.80581167954743
475,8.3125,2.41328600896586
475,8.32,1.72902823409641
475,8.3275,0.955428283036328
475,8.335,0.00438331562024562
475,8.3425,-0.919237745448762
475,8.35,-1.91407588559482
475,8.3575,-3.00712413089187
475,8.365,2.18124448323666
475,8.3725,1.17405107189902
475,8.38,0.250444971281964
475,8.3875,-0.765517877295466
475,8.395,-1.80635009790524
475,8.4025,-2.6817334581673
475,8.41,2.67245497453269
475,8.4175,1.63723693198682
475,8.425,0.751604767403368
475,8.4325,-0.0916650641815603
475,8.44,-1.05061691236862
475,8.4475,-1.84633394244342
475,8.455,-2.63865771394964
475,8.4625,2.5951113392986
475,8.47,1.66130584693986
475,8.4775,0.572061126251748
475,8.485,-0.449980069774413
475,8.4925,-1.45094927515808
475,8.5,-2.65473216281054
475,8.5075,2.75429993417352
475,8.515,1.84655848995116
475,8.5225,0.612439021872442
475,8.53,0.0129204398563996
475,8.5375,-0.724416177276239
475,8.545,-1.72490529811009
475,8.5525,-2.49076742424839
475,8.56,2.7500953541781
475,8.5675,1.66246010068241
475,8.575,0.744847461234801
475,8.5825,-0.110636349976271
475,8.59,-1.11674822124076
475,8.5975,-2.13659184333047
475,8.605,3.11455698820662
475,8.6125,2.10520250301792
475,8.62,1.01924835840299
475,8.6275,-0.124182317895743
475,8.635,-0.890557723613935
475,8.6425,-1.73958174240817
475,8.65,-2.58635915684409
475,8.6575,3.01216102447916
475,8.665,1.96452027370794
475,8.6725,0.967707237133138
475,8.68,-0.0105421954225563
475,8.6875,-0.933737391044146
475,8.695,-1.9146930745675
475,8.7025,-3.0232686466045
475,8.71,2.40519082020624
475,8.7175,1.45087592695008
475,8.725,0.313354374660009
475,8.7325,-0.625918885275869
475,8.74,-1.60849500159682
475,8.7475,-2.73822355521402
475,8.755,2.59278161060395
475,8.7625,1.83000924716414
475,8.77,0.965096278205349
475,8.7775,0.195775286976456
475,8.785,-0.646707319826472
475,8.7925,-1.65586619223444
475,8.8,-2.6379414849061
475,8.8075,2.61024918328833
475,8.815,1.53108577438592
475,8.8225,0.516403224625979
475,8.83,-0.508662206578603
475,8.8375,-1.53096669620044
475,8.845,-2.45226479946154
475,8.8525,2.89369907376917
475,8.86,1.85093660422447
475,8.8675,0.932620430846615
475,8.875,0.0522612407312618
475,8.8825,-0.934518305915
475,8.89,-1.72751058160974
475,8.8975,-2.61134192890754
475,8.905,2.70261278216209
475,8.9125,1.8325960358143
475,8.92,0.847660234521649
475,8.9275,-0.232212850437864
475,8.935,-1.25679194355347
475,8.9425,-2.26976703578169
475,8.95,2.97030926008286
475,8.9575,1.99576588479464
475,8.965,1.1089917304184
475,8.9725,0.212997240557333
475,8.98,-0.706211967512148
475,8.9875,-1.54205195368956
475,8.995,-2.47709078697349
475,9.0025,2.78255788845791
475,9.01,1.82558941238223
475,9.0175,0.902579742474389
475,9.025,-0.0592439481431877
475,9.0325,-0.989563595409396
475,9.04,-1.91407379440777
475,9.0475,-2.89087575956467
475,9.055,2.43050841051323
475,9.0625,1.41068334649294
475,9.07,0.386464126669551
475,9.0775,-0.641327672703027
475,9.085,-1.71822270681511
475,9.0925,-2.67433398387841
475,9.1,2.67990503792887
475,9.1075,1.82674773365898
475,9.115,0.967283157017306
475,9.1225,0.142751553198057
475,9.13,-0.778468922449496
475,9.1375,-1.8440736520934
475,9.145,-2.79093783694502
475,9.1525,2.49814298222457
475,9.16,1.45634193930323
475,9.1675,0.523813528565388
475,9.175,-0.431949513815367
475,9.1825,-1.44834545196569
475,9.19,-2.48092671187322
475,9.1975,2.79730059221717
475,9.205,1.857641196353
475,9.2125,0.838163910447707
475,9.22,-0.0445417767396303
475,9.2275,-0.868728415514531
475,9.235,-1.82893675461273
475,9.2425,-2.63696333859265
475,9.25,2.63500961520088
475,9.2575,1.72370918924138
475,9.265,0.787353929822164
475,9.2725,-0.346504538881319
475,9.28,-1.20431509768773
475,9.2875,-2.15444029303667
475,9.295,3.0076607858882
475,9.3025,2.12544623084535
475,9.31,1.1735633738638
475,9.3175,0.0518573286704211
475,9.325,-0.931320096262129
475,9.3325,-1.79302045608121
475,9.34,-2.77833705805966
475,9.3475,2.55659132343387
475,9.355,1.74141502154635
475,9.3625,0.786405682372917
475,9.37,-0.172030884704704
475,9.3775,-1.08743573487819
475,9.385,-2.03157357254422
475,9.3925,-2.98709263968737
475,9.4,2.26152952154238
475,9.4075,1.29068838770379
475,9.415,0.345000792431727
475,9.4225,-0.737478974227899
475,9.43,-1.77423274286734
475,9.4375,-2.68307200403676
475,9.445,2.55965761344546
475,9.4525,1.55097492904964
475,9.46,0.724986082651512
475,9.4675,-0.204546093701915
475,9.475,-1.10387074556957
475,9.4825,-1.95776478278441
475,9.49,-2.86512253714375
475,9.4975,2.43341550146968
475,9.505,1.4217939803168
475,9.5125,0.420083455837271
475,9.52,-0.613451535420612
475,9.5275,-1.65416355242469
475,9.535,-2.65902105268184
475,9.5425,2.67329356841588
475,9.55,1.74459197327075
475,9.5575,0.874687586182391
475,9.565,-0.0219612831145335
475,9.5725,-0.941253322160954
475,9.58,-1.89471851798329
475,9.5875,-2.91007086881693
475,9.595,2.43589398228643
475,9.6025,1.49387007001743
475,9.61,0.510804030673822
475,9.6175,-0.424958006054672
475,9.625,-1.38199162589023
475,9.6325,-2.3712461317219
475,9.64,2.87758739599217
475,9.6475,1.87126387231871
475,9.655,0.856719771847082
475,9.6625,-0.187887851231053
475,9.67,-1.12595904741764
475,9.6775,-2.0809528778252
475,9.685,-3.05339277654444
475,9.6925,2.36075267063603
475,9.7,1.44464095542442
475,9.7075,0.520085994203735
475,9.715,-0.35499987039161
475,9.7225,-1.34884276296473
475,9.73,-2.34219481334899
475,9.7375,2.99102887963343
475,9.745,2.00786239780621
475,9.7525,1.00784934479275
475,9.76,0.0109803298963622
475,9.7675,-0.970272116523404
475,9.775,-2.01932558443202
475,9.7825,-3.03870913520078
475,9.79,2.28741352575333
475,9.7975,1.31985199776324
475,9.805,0.466029246307726
475,9.8125,-0.376974589586021
475,9.82,-1.25607106901614
475,9.8275,-2.14647618099943
475,9.835,-3.11651989857883
475,9.8425,2.15737066988759
475,9.85,1.17984794060009
475,9.8575,0.149636178148095
475,9.865,-0.897694545274689
475,9.8725,-1.89093172671208
475,9.88,-2.85941027652731
475,9.8875,2.40620313635558
475,9.895,1.47421999175459
475,9.9025,0.595056924550447
475,9.91,-0.412271860162578
475,9.9175,-1.30278979429738
475,9.925,-2.24201885445337
475,9.9325,3.02945143701622
475,9.94,2.15668545020585
475,9.9475,1.20445662780027
475,9.955,0.280242014838735
475,9.9625,-0.622827969211166
475,9.97,-1.70235578547852
475,9.9775,-2.71599625399556
475,9.985,2.58339270886848
475,9.9925,1.4870723298374
475,10,0.491923531239527
475,10.0075,-0.418167496067287
475,10.015,-1.38288410309209
475,10.0225,-2.33663288294397
475,10.03,3.09796066183315
475,10.0375,2.18074879504127
475,10.045,1.08432094973884
475,10.0525,0.199940414475905
475,10.06,-0.593467802727223
475,10.0675,-1.56563373994905
475,10.075,-2.45369896122181
475,10.0825,2.92071374200847
475,10.09,1.93402808418557
475,10.0975,0.89198315009304
475,10.105,-0.0653715378237137
475,10.1125,-1.00438434614601
475,10.12,-2.09081053647258
475,10.1275,-3.05807703511559
475,10.135,2.31192175393791
475,10.1425,1.34411620509999
475,10.15,0.435503341833612
475,10.1575,-0.541938152699883
475,10.165,-1.25968557258425
475,10.1725,-2.20429905930596
475,10.18,3.06258586635753
475,10.1875,2.27692226332034
475,10.195,1.21152531558408
475,10.2025,0.116315919099543
475,10.21,-0.83956910346256
475,10.2175,-1.84804405968625
475,10.225,-2.93164542095348
475,10.2325,2.36422030811594
475,10.24,1.42616768840329
475,10.2475,0.451762216967259
475,10.255,-0.470015258198785
475,10.2625,-1.39310370061108
475,10.27,-2.3046834111499
475,10.2775,3.0115591423757
475,10.285,2.06720029898889
475,10.2925,1.17695476119617
475,10.3,0.218285116246501
475,10.3075,-0.700943705945453
475,10.315,-1.65594207683236
475,10.3225,-2.63687237056542
475,10.33,2.76233508760698
475,10.3375,1.79670493085813
475,10.345,0.762569075979461
475,10.3525,-0.226188872677721
475,10.36,-1.19795858253814
475,10.3675,-2.1545107279928
475,10.375,-3.13745939416555
475,10.3825,2.2713758209396
475,10.39,1.4390375715985
475,10.3975,0.470498612233895
475,10.405,-0.40775465103296
475,10.4125,-1.33197137117024
475,10.42,-2.28308513190923
475,10.4275,2.98752525121995
475,10.435,1.98257382063286
475,10.4425,1.10707380018384
475,10.45,0.0183579651161972
475,10.4575,-1.06459878251013
475,10.465,-1.90319789279428
475,10.4725,-2.90760616096052
475,10.48,2.30765242337392
475,10.4875,1.44979666623559
475,10.495,0.507684199578417
475,10.5025,-0.556004850809252
475,10.51,-1.45531256388025
475,10.5175,-2.30431083340177
475,10.525,3.00068541967073
475,10.5325,2.02306825690346
475,10.54,1.09324230999781
475,10.5475,0.11017144571762
475,10.555,-0.932760790430594
475,10.5625,-1.95822812608835
475,10.57,-2.91653291549165
475,10.5775,2.40134959705795
475,10.585,1.39147766643017
475,10.5925,0.39676663971192
475,10.6,-0.447290702368427
475,10.6075,-1.42018751629862
475,10.615,-2.38846265981288
475,10.6225,-3.13896723208578
475,10.63,2.12399349916467
475,10.6375,1.15593136749794
475,10.645,0.342125717709841
475,10.6525,-0.568234385321406
475,10.66,-1.56642101509739
475,10.6675,-2.48531524596245
475,10.675,2.89112571047421
475,10.6825,1.79092789165663
475,10.69,0.786291844724694
475,10.6975,-0.156938337366349
475,10.705,-1.25054378597888
475,10.7125,-2.23172715922911
475,10.72,-3.11771684271272
475,10.7275,2.20783571360147
475,10.735,1.33627465012892
475,10.7425,0.37187590781278
475,10.75,-0.577410203953575
475,10.7575,-1.48150567543818
475,10.765,-2.52244856499856
475,10.7725,2.7911082361306
475,10.78,1.85047641022973
475,10.7875,0.801710679972357
475,10.795,-0.243531249067132
475,10.8025,-1.22478792243491
475,10.81,-2.20401735322045
475,10.8175,3.04548266460823
475,10.825,2.13014692471556
475,10.8325,1.29573034916159
475,10.84,0.34209658613565
475,10.8475,-0.621432581480886
475,10.855,-1.46558561555857
475,10.8625,-2.38377538518891
475,10.87,2.90184908733947
475,10.8775,2.10155556141873
475,10.885,1.15768649196539
475,10.8925,0.164885703393537
475,10.9,-0.822702858147444
475,10.9075,-1.84031688281766
475,10.915,-2.8161942567084
475,10.9225,2.45750900671065
475,10.93,1.56609161435303
475,10.9375,0.704389892743974
475,10.945,-0.278301780393499
475,10.9525,-1.24947937025448
475,10.96,-2.21415473336908
475,10.9675,-3.10431459135565
475,10.975,2.34122089963781
475,10.9825,1.43605373318079
475,10.99,0.496785329570986
475,10.9975,-0.46623797263744
475,11.005,-1.47979004253731
475,11.0125,-2.53378649286749
475,11.02,2.69847272361474
475,11.0275,1.64651209035057
475,11.035,0.685219972699486
475,11.0425,-0.301584025544499
475,11.05,-1.30913077259752
475,11.0575,-2.18076765259907
475,11.065,3.12626108085543
475,11.0725,2.14573916449707
475,11.08,1.34864825161624
475,11.0875,0.490526117818949
475,11.095,-0.534057194952157
475,11.1025,-1.45997162443032
475,11.11,-2.36306375686559
475,11.1175,2.89827823078737
475,11.125,1.94927990750966
475,11.1325,1.07098072317746
475,11.14,0.06546443423226
475,11.1475,-1.02055390543794
475,11.155,-2.03111429820934
475,11.1625,-2.98904751601782
475,11.17,2.32811550589735
475,11.1775,1.39781801785591
475,11.185,0.579914771680859
475,11.1925,-0.195280011071676
475,11.2,-1.14864513478834
475,11.2075,-2.14052559081512
475,11.215,-3.02973809941917
475,11.2225,2.26065248761115
475,11.23,1.16395907918224
475,11.2375,0.241717521340388
475,11.245,-0.669832281816311
475,11.2525,-1.77242389895006
475,11.26,-2.70682665949729
475,11.2675,2.66335348627408
475,11.275,1.58400112249861
475,11.2825,0.59689031543179
475,11.29,-0.377662895862796
475,11.2975,-1.35830435104333
475,11.305,-2.24890897712749
475,11.3125,-3.10042325560418
475,11.32,2.31224817071061
475,11.3275,1.34006134503425
475,11.335,0.364257838882661
475,11.3425,-0.633780485615256
475,11.35,-1.66987623610956
475,11.3575,-2.63879205227426
475,11.365,2.65537614982575
475,11.3725,1.64423611117379
475,11.38,0.645734779730199
475,11.3875,-0.358321690095434
475,11.395,-1.28626103571781
475,11.4025,-2.25214641522861
475,11.41,3.07855428483439
475,11.4175,2.20778785004291
475,11.425,1.30554983913537
475,11.4325,0.393705852225839
475,11.44,-0.497168310522136
475,11.4475,-1.40970769606221
475,11.455,-2.43996020586746
475,11.4625,2.83386335403672
475,11.47,1.93015114826007
475,11.4775,0.8976696316784
475,11.485,-0.153516621002444
475,11.4925,-1.09858865326145
475,11.5,-2.0675011443712
475,11.5075,-3.05220778199658
475,11.515,2.26984442443453
475,11.5225,1.34566814366855
475,11.53,0.39734476425393
475,11.5375,-0.625516447234582
475,11.545,-1.5185679475695
475,11.5525,-2.35738998380732
475,11.56,2.9316486496158
475,11.5675,1.9823969223697
475,11.575,1.05696753510026
475,11.5825,0.0528998344180593
475,11.59,-0.9621289227261
475,11.5975,-2.01849429056588
475,11.605,-3.04011299879711
475,11.6125,2.25869713976901
475,11.62,1.25682158192746
475,11.6275,0.385153356408116
475,11.635,-0.542782280832766
475,11.6425,-1.57875032698908
475,11.65,-2.46754410862128
475,11.6575,2.82417350555824
475,11.665,1.84402622702192
475,11.6725,0.966421169971358
475,11.68,-0.0134429929371732
475,11.6875,-0.905847787277598
475,11.695,-1.80124029120138
475,11.7025,-2.73525360408625
475,11.71,2.52445831858055
475,11.7175,1.47810855206501
475,11.725,0.554444161481079
475,11.7325,-0.516152537020942
475,11.74,-1.54898066181748
475,11.7475,-2.39399634777972
475,11.755,2.88841226494212
475,11.7625,1.98033603685555
475,11.77,1.13237433471957
475,11.7775,0.216231046460179
475,11.785,-0.775441826928189
475,11.7925,-1.693980989054
475,11.8,-2.61481490229759
475,11.8075,2.65111765186362
475,11.815,1.72223765671527
475,11.8225,0.73233539913579
475,11.83,-0.218076936020366
475,11.8375,-1.15707200603017
475,11.845,-2.27501955448065
475,11.8525,2.97265835451916
475,11.86,2.03011968889518
475,11.8675,0.959600302306817
475,11.875,-0.0656080823197333
475,11.8825,-0.883809484720504
475,11.89,-1.78022661321088
475,11.8975,-2.71204750028443
475,11.905,2.79190986105933
475,11.9125,1.75242605064479
475,11.92,0.696953638398995
475,11.9275,-0.249629805298692
475,11.935,-1.333008551129
475,11.9425,-2.29604616986629
475,11.95,3.06925745901572
475,11.9575,2.02013764993165
475,11.965,1.13064814131268
475,11.9725,0.217093010342943
475,11.98,-0.801430227855322
475,11.9875,-1.786383664451
475,11.995,-2.7158631869735
475,12.0025,2.61418633969527
475,12.01,1.67469616426549
475,12.0175,0.809445639291378
475,12.025,-0.152812733522984
475,12.0325,-1.06282940641905
475,12.04,-1.97545215260172
475,12.0475,-3.01770335380749
475,12.055,2.28242996306537
475,12.0625,1.28400608128405
475,12.07,0.301333368821718
475,12.0775,-0.662191405519476
475,12.085,-1.64304537758174
475,12.0925,-2.58357887241786
475,12.1,2.69585607496025
475,12.1075,1.7209088028287
475,12.115,0.750523301778533
475,12.1225,-0.281350399224336
475,12.13,-1.23689763331982
475,12.1375,-2.13800771226804
475,12.145,-3.03867948588043
475,12.1525,2.35455915361126
475,12.16,1.42056881745089
475,12.1675,0.430525545192377
475,12.175,-0.579105585016992
475,12.1825,-1.65895182406665
475,12.19,-2.74639856636504
475,12.1975,2.55546933636182
475,12.205,1.51450909985626
475,12.2125,0.530974158814652
475,12.22,-0.290340097238007
475,12.2275,-1.2827341133306
475,12.235,-2.17864636566953
475,12.2425,-3.09849606297404
475,12.25,2.29283961287425
475,12.2575,1.34786930747636
475,12.265,0.26877843515822
475,12.2725,-0.546389319567741
475,12.28,-1.47084003625008
475,12.2875,-2.49703659730454
475,12.295,2.91240017666871
475,12.3025,1.92943049937544
475,12.31,0.864048441222901
475,12.3175,-0.163043406079397
475,12.325,-1.13874604540572
475,12.3325,-2.11194353703868
475,12.34,-2.98313623423131
475,12.3475,2.4302203425732
475,12.355,1.47830836215709
475,12.3625,0.659745873843906
475,12.37,-0.473042388505197
475,12.3775,-1.63985252511906
475,12.385,-2.335093507399
475,12.3925,2.90810889096315
475,12.4,1.98492715178674
475,12.4075,1.41135196803083
475,12.415,0.293327254986342
475,12.4225,-0.717958846931542
475,12.43,-1.71118504835539
475,12.4375,-2.83637701826865
475,12.445,2.3878235056597
475,12.4525,1.32530566003191
475,12.46,0.314254252519484
475,12.4675,-0.627160088971501
475,12.475,-1.41798134272321
475,12.4825,-2.35448554510638
475,12.49,2.9400416515001
475,12.4975,2.17284544719703
475,12.505,1.02050870238613
475,12.5125,-0.0641660628544789
475,12.52,-0.801883039922637
475,12.5275,-1.88768197172637
475,12.535,-2.87153470348429
475,12.5425,2.53313927993417
475,12.55,1.4923043297268
475,12.5575,0.558303084086112
475,12.565,-0.48962115369558
475,12.5725,-1.57494097505874
475,12.58,-2.56785210115121
475,12.5875,2.76259337549384
475,12.595,2.11216481130103
475,12.6025,1.32578104890199
475,12.61,0.550215211725247
475,12.6175,-0.381685698666431
475,12.625,-1.50844972855112
475,12.6325,-2.36057413590823
475,12.64,2.82773100637263
475,12.6475,1.56619639972217
475,12.655,0.896405959716003
475,12.6625,0.0924895957844183
475,12.67,-0.65036721769232
475,12.6775,-1.47368956132567
475,12.685,-2.7869310391162
475,12.6925,2.32025651147195
475,12.7,1.28745141404271
475,12.7075,0.0430556893629187
475,12.715,-1.16537966079421
475,12.7225,-1.82670003000816
475,12.73,-2.49320373726734
475,12.7375,-2.96454855692144
475,12.745,2.61722712878989
475,12.7525,1.29542268855368
475,12.76,0.202102847002281
475,12.7675,-0.879717556245141
475,12.775,-2.08050075424242
475,12.7825,-3.02436826553434
475,12.79,2.1274813679642
475,12.7975,1.09317202999778
475,12.805,0.285077583018437
475,12.8125,-0.979257933723743
475,12.82,-1.92100329136588
475,12.8275,2.99562717849787
475,12.835,0.718983663181877
475,12.8425,-1.63314449158927
475,12.85,-2.53132251486618
475,12.8575,2.15508561013184
475,12.865,0.710489239987066
475,12.8725,-0.484859159622996
475,12.88,-1.84857418267854
475,12.8875,-3.11970089134462
475,12.895,1.93909109050836
475,12.9025,0.283357647374983
475,12.91,-1.89394984215952
475,12.9175,0.776571609388165
475,12.925,0.522866158356866
475,12.9325,-0.961463099153329
475,12.94,-2.54158323011219
475,12.9475,2.69041011029431
475,12.955,1.59063762540034
475,12.9625,0.0530172760365442
475,12.97,-0.718635094638121
475,12.9775,-1.26770780264253
475,12.985,-2.47308025386425
475,12.9925,-2.88519551286417
475,13,2.3904210408639
475,13.0075,1.04140441148355
475,13.015,-0.401110016677443
475,13.0225,-1.56783729521545
475,13.03,-2.6620183739728
475,13.0375,0.56843066327879
475,13.045,-1.86519351127074
475,13.0525,2.77719502043679
475,13.06,1.69371298111531
475,13.0675,0.202374690228777
475,13.075,-1.46928413156009
475,13.0825,-0.799830381349035
475,13.09,-2.44479122065289
475,13.0975,-2.7998763251417
475,13.105,2.50129114647762
475,13.1125,1.03419244709168
475,13.12,-0.102759261019942
475,13.1275,-1.08144163285997
475,13.135,-2.1855878594035
475,13.1425,2.65808225776012
475,13.15,1.23270691099044
475,13.1575,2.27192355518133
475,13.165,0.796589972112347
475,13.1725,0.109606190606062
475,13.18,-1.05786492768423
475,13.1875,-2.40525384232449
475,13.195,2.8683932602411
475,13.2025,1.70409215695136
475,13.21,0.675445508503158
475,13.2175,0.0529767687875553
475,13.225,-1.09244382161252
475,13.2325,-1.97375350721281
475,13.24,-2.74075725715715
475,13.2475,2.32323654281767
475,13.255,1.12319285270252
475,13.2625,0.478514455111287
475,13.27,-0.728223950635199
475,13.2775,-2.09479108534176
475,13.285,-2.44864163519901
475,13.2925,2.79566547317453
475,13.3,2.08626249380309
475,13.3075,1.42275717953008
475,13.315,0.242722665250833
475,13.3225,-0.817262347652743
475,13.33,-1.98988942726524
475,13.3375,-3.05635565608685
475,13.345,2.20718738822642
475,13.3525,1.29162785019067
475,13.36,1.29218258646382
475,13.3675,0.0854355094220191
475,13.375,-1.05099888606901
475,13.3825,-1.99806961754388
475,13.39,3.12249895987616
475,13.3975,1.84237738756839
475,13.405,1.00692017823967
475,13.4125,0.466639459749513
475,13.42,-0.371864182770183
475,13.4275,-1.25951241560186
475,13.435,-2.16478047228807
475,13.4425,3.02045783498645
475,13.45,1.85293943318769
475,13.4575,0.821418434809215
475,13.465,-0.17612666467464
475,13.4725,-1.08829532549506
475,13.48,-1.95343938130405
475,13.4875,-2.78193832161085
475,13.495,2.58999695905472
475,13.5025,1.46123137090808
475,13.51,0.372831521644256
475,13.5175,-0.522293104682534
475,13.525,-1.64485106965664
475,13.5325,-2.74631609132731
475,13.54,2.72992503685487
475,13.5475,1.79682313612679
475,13.555,1.19420270204023
475,13.5625,0.38088358008787
475,13.57,-0.665033359415236
475,13.5775,-1.82484644202202
475,13.585,-2.95962092942282
475,13.5925,2.20408387362838
475,13.6,0.892916143432899
475,13.6075,-0.0691106308553841
475,13.615,-0.621435950907669
475,13.6225,-1.56765542410153
475,13.63,-1.61374741670496
475,13.6375,-2.92121092280093
475,13.645,2.22833006417602
475,13.6525,1.25956885659982
475,13.66,0.214789941214756
475,13.6675,-0.520684076726882
475,13.675,-1.39337528027957
475,13.6825,-2.19608983483396
475,13.69,3.06911676444612
475,13.6975,2.0369783688112
475,13.705,0.844089473919607
475,13.7125,-0.35370789410975
475,13.72,-1.24071114245483
475,13.7275,-2.44698471053094
475,13.735,2.59818840965418
475,13.7425,2.21901767580348
475,13.75,1.32042230378754
475,13.7575,0.563600371912449
475,13.765,-0.0779174067180964
475,13.7725,-1.20802975075961
475,13.78,-2.4196112619133
475,13.7875,2.76589280988378
475,13.795,1.77659026534148
475,13.8025,0.595587898495044
475,13.81,-0.458405545020597
475,13.8175,-1.26637210137977
475,13.825,-2.27636602472569
475,13.8325,-3.10674677080755
475,13.84,2.0711371292888
475,13.8475,0.820833192933576
475,13.855,0.0757895755812715
475,13.8625,-0.9148522130384
475,13.87,-1.8869953945719
475,13.8775,-2.05005837195405
475,13.885,3.04845987951498
475,13.8925,2.0282480216386
475,13.9,1.11038780115904
475,13.9075,-0.00434370571287951
475,13.915,-1.14407630270197
475,13.9225,-2.17064639041684
475,13.93,-3.02315561518141
475,13.9375,2.33906258795966
475,13.945,1.43743615756977
475,13.9525,0.491381596444725
475,13.96,-0.561751655986071
475,13.9675,-1.40759435781603
475,13.975,-2.34382739324405
475,13.9825,2.87935724480957
475,13.99,2.12522741690728
475,13.9975,1.172648358349
475,14.005,0.329994128889408
475,14.0125,-0.574847324883147
475,14.02,-1.72440459383028
475,14.0275,-2.78509582119601
475,14.035,2.40845013279797
475,14.0425,1.28902371172625
475,14.05,0.342594701448016
475,14.0575,-0.664469195643224
475,14.065,-1.68600342082647
475,14.0725,-2.65129060594135
475,14.08,2.62237875423411
475,14.0875,1.72704845607548
475,14.095,0.726263019186635
475,14.1025,-0.266383613793875
475,14.11,-1.14754749056222
475,14.1175,-2.0432024457388
475,14.125,-2.92930973951695
475,14.1325,2.5349844403091
475,14.14,1.63572297843295
475,14.1475,0.560218715440022
475,14.155,-0.41158461947027
475,14.1625,-1.47449495918465
475,14.17,-2.62142995402224
475,14.1775,2.67420436764201
475,14.185,1.63448560621873
475,14.1925,0.685775415801157
475,14.2,-0.0141399894267916
475,14.2075,-0.78977118966217
475,14.215,-1.45633458053337
475,14.2225,-2.35737046727889
475,14.23,2.94407187904199
475,14.2375,1.89544585413826
475,14.245,0.936701774604177
475,14.2525,-0.064737849062469
475,14.26,-1.17173284429222
475,14.2675,-2.10710200071277
475,14.275,3.1195164716496
475,14.2825,2.0038766095966
475,14.29,1.08595758714175
475,14.2975,0.0165351313220335
475,14.305,-0.979782428842825
475,14.3125,-1.612360349614
475,14.32,-2.47084176348187
475,14.3275,3.01176602621172
475,14.335,2.09334833950683
475,14.3425,0.998794483436215
475,14.35,-0.156639197037969
475,14.3575,-1.14021187072771
475,14.365,-2.14018903962726
475,14.3725,2.89669467353195
475,14.38,1.99591391181809
475,14.3875,1.26201434734572
475,14.395,0.199244768109167
475,14.4025,-0.474049754165754
475,14.41,-1.54336977339438
475,14.4175,-2.58140899934758
475,14.425,2.7367329332916
475,14.4325,1.5012652559393
475,14.44,0.941507014832539
475,14.4475,0.183550285523798
475,14.455,-0.876503302324446
475,14.4625,-1.32175435689436
475,14.47,-2.35163837870471
475,14.4775,2.67522070033619
475,14.485,1.58072996558874
475,14.4925,0.623970703696911
475,14.5,-0.443765771405178
475,14.5075,-1.34334700633174
475,14.515,-1.94461247775509
475,14.5225,-2.90682129417049
475,14.53,2.29617121811769
475,14.5375,1.28808043998913
475,14.545,0.283259518369298
475,14.5525,-0.723913772279279
475,14.56,-1.65406817064667
475,14.5675,-2.42929472067797
475,14.575,3.10729025528322
475,14.5825,2.22183758241178
475,14.59,1.14061901154839
475,14.5975,-0.0162336399457669
475,14.605,-1.05663075993915
475,14.6125,-2.14837487082514
475,14.62,2.98050063082284
475,14.6275,2.0081900998105
475,14.635,0.998061773433559
475,14.6425,-0.0701634424976153
475,14.65,-0.603481642465892
475,14.6575,-1.31061709620136
475,14.665,-2.19667566855548
475,14.6725,3.12418994264198
475,14.68,1.97942279578646
475,14.6875,0.980527952759504
475,14.695,0.0534024982272141
475,14.7025,-0.87119592109287
475,14.71,-1.65098424011071
475,14.7175,-2.65421395502794
475,14.725,2.5860148087494
475,14.7325,1.48550573928865
475,14.74,0.344696074783045
475,14.7475,-0.699076442826178
475,14.755,-1.76205112106904
475,14.7625,-2.64911107360541
475,14.77,-2.98825209729559
475,14.7775,2.62743969224357
475,14.785,1.60390344042735
475,14.7925,0.58872380699424
475,14.8,-0.486718908293129
475,14.8075,-1.58870781998542
475,14.815,-2.55163953171253
475,14.8225,2.87278648651943
475,14.83,1.93325078563161
475,14.8375,0.956155752811846
475,14.845,-0.0747502638122509
475,14.8525,-1.17569816581975
475,14.86,-2.26003583721012
475,14.8675,2.89363790378809
475,14.875,1.75052132666002
475,14.8825,0.759196106184285
475,14.89,-0.207954155485471
475,14.8975,-0.934928310870476
475,14.905,-1.41707740306606
475,14.9125,-2.31917938145146
475,14.92,2.94476468318686
475,14.9275,1.97778929467428
475,14.935,0.859502453710395
475,14.9425,-0.344824835694687
475,14.95,-1.26774874764821
475,14.9575,-2.29128759591092
475,14.965,2.87224006611285
475,14.9725,2.21284278043021
475,14.98,1.22218421619816
475,14.9875,0.0290881337890068
475,14.995,-0.872517326697775
475,15.0025,-1.79255148832575
475,15.01,-2.87099758544568
475,15.0175,2.69869554086414
475,15.025,1.99147811694404
475,15.0325,1.41663437707798
475,15.04,0.615955089001332
475,15.0475,-0.467855698549867
475,15.055,-1.53649570704143
475,15.0625,-2.64447680674881
475,15.07,2.46102262210875
475,15.0775,1.61515166675537
475,15.085,0.907579386463705
475,15.0925,-0.103973464271795
475,15.1,-1.09869619682707
475,15.1075,-2.0316553944302
475,15.115,-3.0687022072155
475,15.1225,2.02698498957851
475,15.13,1.00995444437631
475,15.1375,0.0395343326965322
475,15.145,-1.09694975254745
475,15.1525,-1.82663212448251
475,15.16,-2.50049484910229
475,15.1675,2.89146219318443
475,15.175,1.8930649501192
475,15.1825,0.739638100395862
475,15.19,-0.314345089335156
475,15.1975,-1.41175068488178
475,15.205,-2.71618740979521
475,15.2125,2.43725081084836
475,15.22,1.69409236608275
475,15.2275,0.846122025867748
475,15.235,0.712143283010959
475,15.2425,-0.212786460401323
475,15.25,-1.43988378806405
475,15.2575,-2.64935690251445
475,15.265,2.50994509630409
475,15.2725,1.97214155020021
475,15.28,1.34395946284852
475,15.2875,0.777789119373406
475,15.295,-0.210834364561573
475,15.3025,-1.4645901325291
475,15.31,-2.60417714031771
475,15.3175,2.54208066504087
475,15.325,1.31128821114926
475,15.3325,0.22483792841083
475,15.34,-0.36909981057718
475,15.3475,-0.744587997527057
475,15.355,-1.62200269992851
475,15.3625,-2.6678565023836
475,15.37,2.42611641674807
475,15.3775,1.29936675303701
475,15.385,0.235737033316261
475,15.3925,-0.847556622696833
475,15.4,-1.78678270756119
475,15.4075,-2.64501673314551
475,15.415,2.82767728703277
475,15.4225,1.93605642407901
475,15.43,0.946467591866976
475,15.4375,-0.144339663384521
475,15.445,-1.22871566406689
475,15.4525,-2.31489851755571
475,15.46,2.82394629694265
475,15.4675,1.89907892338514
475,15.475,1.25115731393019
475,15.4825,0.326054896798632
475,15.49,-0.446101896954037
475,15.4975,-1.38878841404582
475,15.505,-2.48181961497893
475,15.5125,2.76999126456374
475,15.52,1.83460409222011
475,15.5275,1.02483054948582
475,15.535,0.228297259345242
475,15.5425,-0.432052015409725
475,15.55,-1.35295445208071
475,15.5575,-2.43758161520624
475,15.565,2.68865258129222
475,15.5725,1.65835812244912
475,15.58,0.805378709380624
475,15.5875,-0.198276805155095
475,15.595,-1.01545384645358
475,15.6025,-1.69712373986054
475,15.61,-2.61758231153834
475,15.6175,2.60549036251794
475,15.625,1.50981606071131
475,15.6325,0.384067284978505
475,15.64,-0.775367706953849
475,15.6475,-1.82362309802413
475,15.655,-2.79657868653155
475,15.6625,2.54332025172974
475,15.67,1.5340340969321
475,15.6775,0.565028231678098
475,15.685,-0.257079166638529
475,15.6925,-1.3190862817798
475,15.7,-1.90386425094959
475,15.7075,-2.9102948106791
475,15.715,2.2507071194388
475,15.7225,1.56529436322075
475,15.73,0.473723551142006
475,15.7375,-0.495991678628543
475,15.745,-1.30562343593722
475,15.7525,-2.42534100707077
475,15.76,2.79047772351624
475,15.7675,1.72482386764167
475,15.775,0.563608583622256
475,15.7825,-0.482812775016638
475,15.79,-1.50507735416293
475,15.7975,-2.25368819269246
475,15.805,-2.74058985809123
475,15.8125,2.67861835917537
475,15.82,1.80805628998052
475,15.8275,0.864901754040248
475,15.835,-0.125863259898154
475,15.8425,-1.12091147343981
475,15.85,-2.01496893874448
475,15.8575,-2.93086157380082
475,15.865,2.3406329409918
475,15.8725,1.45298657765416
475,15.88,0.456099511419396
475,15.8875,-0.689976588223284
475,15.895,-1.76666277816218
475,15.9025,-2.84084808223034
475,15.91,2.32011007760321
475,15.9175,1.3152704513638
475,15.925,0.533203662739672
475,15.9325,-0.28213023544169
475,15.94,-1.05505237377089
475,15.9475,-2.00824405963711
475,15.955,-3.02387226845236
475,15.9625,2.27964035915477
475,15.97,1.19395586399873
475,15.9775,0.113605526252901
475,15.985,-0.915380667207401
475,15.9925,-1.94076968340574
475,16,-2.85327926546178
485,4,0.997775392300103
485,4.0075,-0.0144199000393993
485,4.015,-0.936673797597591
485,4.0225,-1.74920206421093
485,4.03,-2.89607562509186
485,4.0375,2.04634197130719
485,4.045,0.975240672684231
485,4.0525,0.129640528363419
485,4.06,-1.25109541729564
485,4.0675,0.0516903576348085
485,4.075,-1.51419424627259
485,4.0825,-2.86898232263671
485,4.09,2.55100361559305
485,4.0975,1.51426827484883
485,4.105,0.425179273776726
485,4.1125,-0.0498612927823676
485,4.12,-1.21389694189811
485,4.1275,-2.43715001304884
485,4.135,2.74584390389091
485,4.1425,1.46228040366295
485,4.15,0.301197655941138
485,4.1575,-0.624609243564526
485,4.165,-1.49797802968471
485,4.1725,-2.1079682636928
485,4.18,-2.16309047498467
485,4.1875,2.85265553790956
485,4.195,1.56230838495335
485,4.2025,0.73705044054007
485,4.21,-0.510819358083471
485,4.2175,-1.76046837464519
485,4.225,-2.47453002531474
485,4.2325,2.60073215701259
485,4.24,1.30567878181574
485,4.2475,0.399145225799612
485,4.255,-0.786041910715542
485,4.2625,-2.24325766691365
485,4.27,-2.93965317510482
485,4.2775,-3.11185147427306
485,4.285,2.40001218138534
485,4.2925,1.92690126536742
485,4.3,0.67232145208306
485,4.3075,-0.0306323445772748
485,4.315,-0.962875183842404
485,4.3225,-2.16122699278764
485,4.33,3.06264686789501
485,4.3375,1.87286407022021
485,4.345,0.682601983544023
485,4.3525,-0.38628975016199
485,4.36,-1.53146563831191
485,4.3675,-2.60410692165332
485,4.375,-2.92147235769852
485,4.3825,2.61080398383155
485,4.39,1.42079871794483
485,4.3975,0.246468840677902
485,4.405,-0.765887459574822
485,4.4125,-1.87673636661763
485,4.42,-2.97028612137945
485,4.4275,-3.10496530256829
485,4.435,3.08746671908553
485,4.4425,1.93432544406262
485,4.45,0.726375504714802
485,4.4575,-0.345546703612616
485,4.465,-1.38424807104297
485,4.4725,-2.42226400920914
485,4.48,2.86905219285125
485,4.4875,1.78554380037863
485,4.495,0.548476817602746
485,4.5025,-0.496526203893547
485,4.51,-1.42177491339179
485,4.5175,-2.08532754049668
485,4.525,-2.84234186095633
485,4.5325,2.52422454076281
485,4.54,1.48505837448021
485,4.5475,0.51895135060768
485,4.555,-0.471008171916798
485,4.5625,-1.65484487269217
485,4.57,-2.62096410894636
485,4.5775,2.76223986624297
485,4.585,1.75119556202467
485,4.5925,0.66008205516103
485,4.6,-0.534030326160002
485,4.6075,-1.53058249247793
485,4.615,-2.00075747205119
485,4.6225,-2.51025258508204
485,4.63,3.13203344290372
485,4.6375,2.14605324786202
485,4.645,0.704638247088303
485,4.6525,-0.386337147276903
485,4.66,-1.18327477898756
485,4.6675,-2.48970643804854
485,4.675,2.66128129780851
485,4.6825,2.36834332220987
485,4.69,1.55767095813001
485,4.6975,0.60180004195567
485,4.705,-0.471462095726247
485,4.7125,-1.71907789342712
485,4.72,-2.91810254949691
485,4.7275,2.33825450561085
485,4.735,1.77893241357023
485,4.7425,0.873346730036768
485,4.75,-0.209299033169793
485,4.7575,-0.988368528744268
485,4.765,-2.11187470584488
485,4.7725,3.0971384207569
485,4.78,2.28927484272992
485,4.7875,1.2166915364425
485,4.795,0.221195471661388
485,4.8025,-0.73778459193961
485,4.81,-1.82216664937027
485,4.8175,-2.94458220213423
485,4.825,2.14646044635191
485,4.8325,0.887833945013768
485,4.84,0.00893512790472976
485,4.8475,-0.139493011932356
485,4.855,-1.41420676330243
485,4.8625,-1.04437982334664
485,4.87,-2.10931778214751
485,4.8775,-3.04528455178677
485,4.885,2.30727740971019
485,4.8925,1.07156226472626
485,4.9,-0.079214990834765
485,4.9075,-1.13263354740324
485,4.915,-2.26258416458892
485,4.9225,2.79450831217329
485,4.93,1.67896006380792
485,4.9375,0.779718427197301
485,4.945,-0.0997587058056844
485,4.9525,-0.631365701695614
485,4.96,-1.64361734957755
485,4.9675,-2.77424793746047
485,4.975,2.543436002412
485,4.9825,1.71830804110973
485,4.99,0.897271544708189
485,4.9975,-0.2038073733062
485,5.005,-1.23533438216905
485,5.0125,-2.2713140320361
485,5.02,2.95133805508647
485,5.0275,1.97307137514771
485,5.035,0.907947787363825
485,5.0425,-0.0588329103982262
485,5.05,-1.05625040237967
485,5.0575,-2.06966466235759
485,5.065,-2.94033704370909
485,5.0725,2.34710126957181
485,5.08,1.32129988199642
485,5.0875,0.356909216386688
485,5.095,-0.53947977061874
485,5.1025,-1.53850496512433
485,5.11,-2.55028570726953
485,5.1175,2.84994019412544
485,5.125,1.87963715771402
485,5.1325,0.933857683729872
485,5.14,0.104718444267067
485,5.1475,-0.92703268600765
485,5.155,-2.12756549193055
485,5.1625,2.95421685049673
485,5.17,1.80134496130868
485,5.1775,0.619426571035079
485,5.185,-0.58751445951749
485,5.1925,-1.63426336918222
485,5.2,-1.77476901777713
485,5.2075,-1.93117565353678
485,5.215,-2.9307935858881
485,5.2225,2.1582070307384
485,5.23,1.11023458090034
485,5.2375,-0.0238454253449075
485,5.245,-1.06163389770251
485,5.2525,-1.96677740806746
485,5.26,-3.02996607560609
485,5.2675,2.17795457556745
485,5.275,1.16658993113584
485,5.2825,0.0916107826913378
485,5.29,-0.928289888400091
485,5.2975,-1.86979093680719
485,5.305,-2.71152682485172
485,5.3125,2.68094307876367
485,5.32,1.59908586409595
485,5.3275,0.6101048670569
485,5.335,-0.412945283999281
485,5.3425,-1.46342854219625
485,5.35,-2.33916644234611
485,5.3575,2.80308469199882
485,5.365,1.75782279027291
485,5.3725,1.0510808501472
485,5.38,-0.017979385291259
485,5.3875,-1.02832342344597
485,5.395,-1.93189656820259
485,5.4025,-2.8771137741949
485,5.41,2.24403688842894
485,5.4175,1.10635088750277
485,5.425,0.103268086025259
485,5.4325,-1.26568085390451
485,5.44,-2.71276792285383
485,5.4475,2.70483939330747
485,5.455,1.60570507842555
485,5.4625,-2.53489123159088
485,5.47,1.86654417376164
485,5.4775,0.289373002071313
485,5.485,-0.127585416869553
485,5.4925,-1.37956976132009
485,5.5,-2.56317756543612
485,5.5075,3.06746128624633
485,5.515,1.98892796915904
485,5.5225,1.42855023853397
485,5.53,0.372746168394019
485,5.5375,-0.664716761604726
485,5.545,-1.55140103862416
485,5.5525,-2.78046822825875
485,5.56,2.28637670678636
485,5.5675,1.97782027228224
485,5.575,0.751372012710568
485,5.5825,-0.613967157607807
485,5.59,-1.37762602445929
485,5.5975,-2.06494979486325
485,5.605,3.10760434953142
485,5.6125,2.01844950437965
485,5.62,1.01737400207693
485,5.6275,0.115507072170563
485,5.635,-0.788591476422578
485,5.6425,-1.88702435658017
485,5.65,-2.51857121361658
485,5.6575,2.53237614589121
485,5.665,1.22897516768602
485,5.6725,0.283078110186275
485,5.68,-1.11320235170843
485,5.6875,-2.83546971019411
485,5.695,1.44312972749978
485,5.7025,-0.723878240747238
485,5.71,-2.39022466693842
485,5.7175,2.26892150008485
485,5.725,0.734811279590546
485,5.7325,-0.41383980396504
485,5.74,-1.42427978936989
485,5.7475,-2.65428129662131
485,5.755,-3.05992243743543
485,5.7625,2.81247313044284
485,5.77,1.50886754370939
485,5.7775,0.110124597648838
485,5.785,-0.829887670586302
485,5.7925,-1.36372933362099
485,5.8,-1.86865252129587
485,5.8075,-2.26638281705349
485,5.815,2.80026816382887
485,5.8225,1.56024207539854
485,5.83,0.358835918636503
485,5.8375,-0.781137724621276
485,5.845,-1.80214016487815
485,5.8525,-2.98380390539675
485,5.86,1.94066247473642
485,5.8675,0.813461909524493
485,5.875,-0.118756226329857
485,5.8825,-1.47688944594737
485,5.89,-2.78624932584649
485,5.8975,3.06902624192351
485,5.905,1.83862398156455
485,5.9125,1.3997948594835
485,5.92,1.44290624416569
485,5.9275,0.152041124141348
485,5.935,-0.869345182964718
485,5.9425,-1.9602080142716
485,5.95,-2.9441429882246
485,5.9575,2.5661987190882
485,5.965,1.72661689609681
485,5.9725,0.633558234032756
485,5.98,-0.62822037691957
485,5.9875,-1.67944393549384
485,5.995,-2.70256720714142
485,6.0025,2.07270097961727
485,6.01,0.403626260830851
485,6.0175,0.615453415651108
485,6.025,-1.29081309796981
485,6.0325,0.769591368373988
485,6.04,-0.968132525470969
485,6.0475,-2.16177941482746
485,6.055,3.06275324213493
485,6.0625,1.76747197922494
485,6.07,1.00525948015476
485,6.0775,0.122354475338772
485,6.085,-1.04027185762546
485,6.0925,-2.09419767198306
485,6.1,-3.06003776276618
485,6.1075,1.87436120243957
485,6.115,0.35053839211377
485,6.1225,-0.684537982065008
485,6.13,-1.82113962853761
485,6.1375,2.71324568874928
485,6.145,0.466696209296674
485,6.1525,-2.62736193193576
485,6.16,1.85218307199936
485,6.1675,0.888041649327233
485,6.175,-0.0885737670648344
485,6.1825,-1.50526207768517
485,6.19,-2.10519814626798
485,6.1975,-3.05214415454581
485,6.205,2.25862715318901
485,6.2125,1.29980114702603
485,6.22,-0.280054858632012
485,6.2275,-1.75604195724473
485,6.235,-2.52649859768166
485,6.2425,2.49218006498803
485,6.25,0.669330974751036
485,6.2575,-1.49090452857657
485,6.265,1.78444610624684
485,6.2725,-2.88179888781015
485,6.28,1.29879187280418
485,6.2875,-0.376944453537534
485,6.295,-1.29348021530508
485,6.3025,-2.49529436019922
485,6.31,2.27681991595101
485,6.3175,0.936166431206949
485,6.325,-0.1259648892
485,6.3325,-1.45193456895919
485,6.34,-2.63012630799875
485,6.3475,2.9694777885365
485,6.355,1.56997066669242
485,6.3625,0.655597610581493
485,6.37,0.325083248903868
485,6.3775,-0.555938145735841
485,6.385,-1.22246406182354
485,6.3925,-1.66707151668398
485,6.4,-2.4631297276491
485,6.4075,2.66025863695775
485,6.415,1.38427359841266
485,6.4225,0.0470338454704362
485,6.43,-1.25217444142358
485,6.4375,-2.43953586892806
485,6.445,2.60055172723121
485,6.4525,1.25946967067806
485,6.46,0.277364821830732
485,6.4675,-0.537947722483127
485,6.475,-1.66396314409273
485,6.4825,-2.77912620294207
485,6.49,-2.3878354678467
485,6.4975,2.76680556094494
485,6.505,0.735972188631235
485,6.5125,2.75537899398563
485,6.52,0.417701990755374
485,6.5275,-1.52523109788816
485,6.535,-0.858192082635354
485,6.5425,-2.79213505562417
485,6.55,1.56409487613618
485,6.5575,1.05877643418885
485,6.565,-0.152755214052069
485,6.5725,-2.3431968272775
485,6.58,0.838225218494697
485,6.5875,1.43139003173867
485,6.595,-1.15098256898499
485,6.6025,3.09091943018274
485,6.61,1.24706515329932
485,6.6175,0.493525295964189
485,6.625,-0.618857398793037
485,6.6325,-2.56824846463756
485,6.64,1.07841266674021
485,6.6475,-2.50141789417427
485,6.655,1.73745420218509
485,6.6625,1.16735293808443
485,6.67,0.111673770733333
485,6.6775,-1.49895706039304
485,6.685,-2.81801274444361
485,6.6925,2.25131731411203
485,6.7,0.523843535419946
485,6.7075,-0.731183533582858
485,6.715,-1.47927677570924
485,6.7225,2.44229333137024
485,6.73,0.165088789147615
485,6.7375,-1.64717611172826
485,6.745,-2.74011823166865
485,6.7525,2.27666636591173
485,6.76,2.01024450317447
485,6.7675,-0.350932586879339
485,6.775,2.5209013324042
485,6.7825,-0.0297905259938501
485,6.79,-2.48989854369078
485,6.7975,-0.458668011595172
485,6.805,-2.97384073277314
485,6.8125,1.14734984565904
485,6.82,2.27087092373648
485,6.8275,0.297831568717598
485,6.835,-1.45157200330487
485,6.8425,-1.01902410762586
485,6.85,-2.59699814710013
485,6.8575,2.01849509082101
485,6.865,1.14790169113614
485,6.8725,0.147575076251379
485,6.88,-1.40388352141873
485,6.8875,-1.97752946182372
485,6.895,-2.66879722294879
485,6.9025,2.38548897248737
485,6.91,1.72222578957979
485,6.9175,0.546070688549892
485,6.925,-0.539754695505159
485,6.9325,-1.37524580257511
485,6.94,-2.68397722754708
485,6.9475,2.31517240525072
485,6.955,2.12234855590673
485,6.9625,1.06723980963325
485,6.97,-0.131084765225376
485,6.9775,-0.56537733414564
485,6.985,-1.79069124326399
485,6.9925,3.10722627993972
485,7,2.31227628073469
485,7.0075,1.27213130019878
485,7.015,-0.153479119592931
485,7.0225,-1.1101599295644
485,7.03,-1.29102223317741
485,7.0375,-2.35567507964785
485,7.045,2.82774253335772
485,7.0525,1.70336342775338
485,7.06,0.855612590852963
485,7.0675,0.159687933656645
485,7.075,-0.549510096463272
485,7.0825,-1.15380827593731
485,7.09,-2.22773746969962
485,7.0975,2.93453772769381
485,7.105,1.82833729422924
485,7.1125,0.686175434214991
485,7.12,-0.443574689150854
485,7.1275,-1.62306150510533
485,7.135,-2.92328449157102
485,7.1425,2.41656897678094
485,7.15,1.81713677517152
485,7.1575,0.518898651417463
485,7.165,0.692209611198148
485,7.1725,-0.385667387832647
485,7.18,-1.83702587875694
485,7.1875,-2.63010923378126
485,7.195,2.78714595659542
485,7.2025,1.49467042409412
485,7.21,0.569331668935961
485,7.2175,-0.421626447818405
485,7.225,-1.67018746388935
485,7.2325,-2.55693046141706
485,7.24,2.7231780006298
485,7.2475,1.57207601826314
485,7.255,0.515558455253091
485,7.2625,-0.639517215208174
485,7.27,-1.76498146029216
485,7.2775,-2.99126556010092
485,7.285,2.57843587579492
485,7.2925,2.25519820847814
485,7.3,1.17289797705173
485,7.3075,1.24652079749769
485,7.315,-0.289976432724409
485,7.3225,-1.46046696730165
485,7.33,-2.06157718697727
485,7.3375,2.76752991784528
485,7.345,1.84427860524782
485,7.3525,1.20028579052969
485,7.36,-0.280756665431714
485,7.3675,-1.14096900935616
485,7.375,-1.89757887843472
485,7.3825,2.87707501114227
485,7.39,1.91433494584629
485,7.3975,1.55439979345806
485,7.405,0.241998355171262
485,7.4125,-0.348206323611532
485,7.42,-0.927819643907747
485,7.4275,-2.33115047994161
485,7.435,3.02586048142985
485,7.4425,2.0711085666892
485,7.45,0.70705424279426
485,7.4575,-0.133346198046743
485,7.465,-1.18658189606043
485,7.4725,-2.50685027862331
485,7.48,3.11853405506636
485,7.4875,1.97969236162688
485,7.495,0.656449328524678
485,7.5025,-0.190789086951227
485,7.51,-1.21614457764309
485,7.5175,-2.3776836058227
485,7.525,2.90432565295359
485,7.5325,2.47141439949805
485,7.54,1.79986387249316
485,7.5475,0.855420119628934
485,7.555,0.0183055461566185
485,7.5625,-1.12303638352373
485,7.57,-2.32634014731769
485,7.5775,2.83399238207734
485,7.585,1.82617453709182
485,7.5925,0.867807139236543
485,7.6,-0.170372311230324
485,7.6075,-1.08128077818213
485,7.615,-2.02976310416844
485,7.6225,-2.9406365908209
485,7.63,2.36685677551322
485,7.6375,1.44357310611144
485,7.645,0.779362710922189
485,7.6525,-0.153169154892229
485,7.66,-0.949558895739016
485,7.6675,-1.79536984210633
485,7.675,-2.79129443525701
485,7.6825,2.40807236339967
485,7.69,1.34758068106967
485,7.6975,0.306754998723079
485,7.705,-0.824643423871041
485,7.7125,-1.88639927519641
485,7.72,-2.85795589210031
485,7.7275,2.33271896875725
485,7.735,1.40940859148403
485,7.7425,0.543448951029312
485,7.75,-0.588852116833853
485,7.7575,-1.49038790534436
485,7.765,-2.39248033802658
485,7.7725,2.6940196855328
485,7.78,1.63392634127204
485,7.7875,0.984013935293975
485,7.795,-0.0329176170539611
485,7.8025,-1.07348094489576
485,7.81,-1.72441712148112
485,7.8175,-2.84318701614364
485,7.825,2.25310331125556
485,7.8325,1.20386870281559
485,7.84,0.205839531226677
485,7.8475,-0.970000718600689
485,7.855,-2.15114780150499
485,7.8625,-2.9092670264383
485,7.87,2.21295810049853
485,7.8775,1.26529130811718
485,7.885,0.950815903260327
485,7.8925,-0.319550881237747
485,7.9,-0.764843419504469
485,7.9075,-1.94289880941107
485,7.915,3.10951832212942
485,7.9225,2.53570641254844
485,7.93,1.17709687353355
485,7.9375,0.117677809550399
485,7.945,-0.360912000903597
485,7.9525,-1.75453060256176
485,7.96,-2.98094178144211
485,7.9675,2.72588102606373
485,7.975,1.33344742550331
485,7.9825,-0.411989781750887
485,7.99,0.502054665059766
485,7.9975,-1.31641886245551
485,8.005,-2.85919112183961
485,8.0125,-2.30231466019646
485,8.02,2.21295899306
485,8.0275,1.02225366209931
485,8.035,0.326880548194625
485,8.0425,-0.93887365059311
485,8.05,-1.63667193283646
485,8.0575,-2.59891624963264
485,8.065,2.74335101796178
485,8.0725,1.58150540068122
485,8.08,0.233445987118496
485,8.0875,-0.835009165154822
485,8.095,-2.20609694259189
485,8.1025,2.62728979099867
485,8.11,1.84107705821479
485,8.1175,0.2780352922747
485,8.125,-2.03809364515498
485,8.1325,0.00437261541492328
485,8.14,-3.0096413481604
485,8.1475,-0.236379281659249
485,8.155,-2.15424505913081
485,8.1625,2.89083499145676
485,8.17,2.21503064220689
485,8.1775,1.1269247937541
485,8.185,-0.382742133206923
485,8.1925,-1.32226134757821
485,8.2,-2.57633286046622
485,8.2075,1.77393878730767
485,8.215,-0.105601918035594
485,8.2225,-0.206948856903332
485,8.23,-2.38002096077246
485,8.2375,1.68605766631684
485,8.245,0.850434245766575
485,8.2525,0.0284863878919341
485,8.26,-1.72455783968322
485,8.2675,3.11503161237251
485,8.275,1.8915063781797
485,8.2825,0.759954462901274
485,8.29,-0.185912720506584
485,8.2975,-1.14745525588717
485,8.305,-1.78835234430672
485,8.3125,-2.87357459597181
485,8.32,2.18938442319463
485,8.3275,0.690959495506532
485,8.335,-1.14517301323106
485,8.3425,-2.94456394668642
485,8.35,1.78984413550059
485,8.3575,0.284915209128095
485,8.365,-1.32394668033968
485,8.3725,-2.79472965440374
485,8.38,2.13100584722433
485,8.3875,0.925513674642994
485,8.395,-0.209666349857184
485,8.4025,-1.77639813890662
485,8.41,2.27519019103616
485,8.4175,-0.759341666241698
485,8.425,-2.36938034123807
485,8.4325,2.76883276291544
485,8.44,1.95515606239065
485,8.4475,0.601479292817094
485,8.455,-0.347927224992665
485,8.4625,-1.10685206275119
485,8.47,-2.44018378466597
485,8.4775,2.81507865960379
485,8.485,1.87160982894777
485,8.4925,0.486818911768267
485,8.5,-0.810549081964292
485,8.5075,-1.66494819021604
485,8.515,-2.91783536138008
485,8.5225,1.77319573568919
485,8.53,0.420909487407329
485,8.5375,1.35550448890614
485,8.545,0.681443650967189
485,8.5525,0.160941021474299
485,8.56,-1.33274895399602
485,8.5675,-2.62895228931849
485,8.575,2.81675392087032
485,8.5825,1.81191180173048
485,8.59,0.853983895316538
485,8.5975,-0.238950654940335
485,8.605,-1.21078842606593
485,8.6125,-2.35094599063748
485,8.62,2.76096953902115
485,8.6275,1.7309821267352
485,8.635,0.398953486014706
485,8.6425,-0.451294598200173
485,8.65,-1.24242950125099
485,8.6575,-2.67630599168034
485,8.665,-2.13847056918022
485,8.6725,2.63191261214048
485,8.68,1.5465027740831
485,8.6875,1.1716690183048
485,8.695,-0.191160873611627
485,8.7025,-1.357102469107
485,8.71,-2.21518414403014
485,8.7175,2.93990954253327
485,8.725,1.70291518399237
485,8.7325,0.790527046384385
485,8.74,-0.152085712296014
485,8.7475,-1.40461392781395
485,8.755,-2.20830084365411
485,8.7625,3.05199390174463
485,8.77,1.77680276028839
485,8.7775,1.15281857483241
485,8.785,0.103121811324099
485,8.7925,-0.932988329540714
485,8.8,-1.00022807089532
485,8.8075,-2.15756882197728
485,8.815,3.10821172174881
485,8.8225,2.16770961404499
485,8.83,0.937928906276797
485,8.8375,-0.270374237915712
485,8.845,-1.3018226984641
485,8.8525,-2.30021397416628
485,8.86,2.93630888144182
485,8.8675,1.99193039999097
485,8.875,1.09951025131382
485,8.8825,0.101714189392099
485,8.89,-0.85328905656359
485,8.8975,-1.84727372459698
485,8.905,-2.54325077337599
485,8.9125,2.98063875732236
485,8.92,1.99886491172282
485,8.9275,1.1654769569815
485,8.935,0.159905630415805
485,8.9425,-1.012423595871
485,8.95,-2.12015831858955
485,8.9575,-3.10447348789796
485,8.965,2.06020713108931
485,8.9725,0.953922053981708
485,8.98,0.0883276810185351
485,8.9875,-0.825769838009132
485,8.995,-1.83602039297347
485,9.0025,-2.81378470829136
485,9.01,2.58746838410408
485,9.0175,1.62848337807763
485,9.025,0.62222571459131
485,9.0325,-0.131377345235507
485,9.04,-0.948785597033714
485,9.0475,-1.9199863763132
485,9.055,-2.86886108059935
485,9.0625,2.53523850770174
485,9.07,1.39212486249328
485,9.0775,0.26380269202931
485,9.085,-0.683512128174056
485,9.0925,-1.79955482695959
485,9.1,-2.89256180142177
485,9.1075,2.45604918074135
485,9.115,1.4470401726942
485,9.1225,0.531319202305746
485,9.13,-0.26842467937765
485,9.1375,-1.16857843886996
485,9.145,-1.96452368035024
485,9.1525,-2.89192919635336
485,9.16,2.35548297338202
485,9.1675,1.43510176964218
485,9.175,0.449966577042254
485,9.1825,-0.595322021155823
485,9.19,-1.60551021956589
485,9.1975,-2.65199135213848
485,9.205,2.51747537890999
485,9.2125,1.50472234022113
485,9.22,0.508588330520168
485,9.2275,-0.602231023066519
485,9.235,-1.52217403953055
485,9.2425,-2.30999336969428
485,9.25,3.04393162549719
485,9.2575,2.29735835967498
485,9.265,1.38826828216543
485,9.2725,0.348026909828828
485,9.28,-0.665919244119473
485,9.2875,-1.60733524874041
485,9.295,-2.45578355418057
485,9.3025,2.7322308674604
485,9.31,1.8170590888949
485,9.3175,0.881805082753355
485,9.325,-0.264151707121754
485,9.3325,-1.24777532443968
485,9.34,-2.24689736952767
485,9.3475,2.99563561631842
485,9.355,1.97935463472765
485,9.3625,0.993946256548849
485,9.37,0.178176259769874
485,9.3775,-0.743427702995688
485,9.385,-1.69671126966344
485,9.3925,-2.52480791359264
485,9.4,2.84444559370577
485,9.4075,1.77916817507373
485,9.415,0.771700516140519
485,9.4225,-0.178248257500614
485,9.43,-1.28136934344406
485,9.4375,-2.39036633733374
485,9.445,3.02830533290726
485,9.4525,1.99491741365265
485,9.46,0.885532055823305
485,9.4675,0.00726757694435808
485,9.475,-0.939731500065325
485,9.4825,-1.9630754997672
485,9.49,-2.86161292576928
485,9.4975,2.6331697322382
485,9.505,1.73539346951538
485,9.5125,0.831296137136747
485,9.52,-0.0986349657900195
485,9.5275,-1.11180638324116
485,9.535,-2.12350964693998
485,9.5425,3.09686612097945
485,9.55,2.052856381963
485,9.5575,1.06102984945202
485,9.565,0.00337973415809195
485,9.5725,-0.953313021329869
485,9.58,-1.86662840794423
485,9.5875,-2.88341995715774
485,9.595,2.45423129286852
485,9.6025,1.58463162219149
485,9.61,0.665259839686774
485,9.6175,-0.269032168494552
485,9.625,-1.20784052501579
485,9.6325,-2.16306937689713
485,9.64,3.13937612391069
485,9.6475,2.13593206328017
485,9.655,1.19074347587527
485,9.6625,0.151313969899562
485,9.67,-0.895667346616483
485,9.6775,-1.87158617322286
485,9.685,-2.90125497095671
485,9.6925,2.3733801078187
485,9.7,1.38719418557597
485,9.7075,0.41191252383124
485,9.715,-0.569515047260081
485,9.7225,-1.55611060645818
485,9.73,-2.35419848613162
485,9.7375,3.05294108400461
485,9.745,2.10700057932784
485,9.7525,1.37261984273347
485,9.76,0.311861934148253
485,9.7675,-0.789970824119026
485,9.775,-1.72589967462676
485,9.7825,-2.84653085377688
485,9.79,2.28843211102453
485,9.7975,1.30729884917603
485,9.805,0.346072193674186
485,9.8125,-0.715325164420019
485,9.82,-1.60376435491958
485,9.8275,-2.43052903515996
485,9.835,2.97851583637619
485,9.8425,2.18732043401299
485,9.85,1.1886519640559
485,9.8575,0.329032756909845
485,9.865,-0.67425433203263
485,9.8725,-1.83848934980601
485,9.88,-2.61936609654327
485,9.8875,2.65343001149981
485,9.895,1.48875726789344
485,9.9025,0.699342162634963
485,9.91,-0.283878774274717
485,9.9175,-1.370529301303
485,9.925,-2.3283651318651
485,9.9325,2.99457857868492
485,9.94,1.98198593455534
485,9.9475,0.971600955333461
485,9.955,0.172092485767895
485,9.9625,-0.648573756346058
485,9.97,-1.52665585612103
485,9.9775,-2.55924674827097
485,9.985,2.74148235141912
485,9.9925,1.75359335931667
485,10,0.628046737864657
485,10.0075,-0.392296414616105
485,10.015,-1.37869225870303
485,10.0225,-2.41023289456289
485,10.03,2.86637530456781
485,10.0375,1.8326480518927
485,10.045,0.876827377529392
485,10.0525,-0.0908431061074551
485,10.06,-1.11671002326125
485,10.0675,-1.90870439019979
485,10.075,-2.75604763027624
485,10.0825,2.72969420960268
485,10.09,1.94840828534349
485,10.0975,1.12268900895296
485,10.105,0.207584770258633
485,10.1125,-0.91788851263421
485,10.12,-1.95231284010086
485,10.1275,-2.97044655135526
485,10.135,2.22611691693051
485,10.1425,1.17197560841654
485,10.15,0.260335213042514
485,10.1575,-0.628855174717624
485,10.165,-1.60116803205275
485,10.1725,-2.50163486079487
485,10.18,2.84450567568789
485,10.1875,1.89650294354227
485,10.195,0.925184273175065
485,10.2025,0.0309540109142343
485,10.21,-0.816764894861069
485,10.2175,-1.84479507286718
485,10.225,-2.83861084433117
485,10.2325,2.47899431513545
485,10.24,1.4156129391248
485,10.2475,0.34483896765202
485,10.255,-0.727377062183494
485,10.2625,-1.73454422411828
485,10.27,-2.75262424339235
485,10.2775,2.54287305868502
485,10.285,1.65899549820808
485,10.2925,0.753420166603317
485,10.3,-0.143402422949705
485,10.3075,-1.20382038358242
485,10.315,-2.13288531709446
485,10.3225,-2.92789471451494
485,10.33,2.33118293263403
485,10.3375,1.45665735017434
485,10.345,0.61925766253199
485,10.3525,-0.417726816230078
485,10.36,-1.43186280120715
485,10.3675,-2.38610083076507
485,10.375,2.90601065963514
485,10.3825,1.83927577387853
485,10.39,0.875901878050454
485,10.3975,-0.0219390715655392
485,10.405,-1.05599288043289
485,10.4125,-1.8667379343545
485,10.42,-2.72331789982099
485,10.4275,2.61070610795025
485,10.435,1.69202189663243
485,10.4425,0.698709871961073
485,10.45,-0.228572764001956
485,10.4575,-1.20896313317709
485,10.465,-2.21215263582947
485,10.4725,-3.14022901022482
485,10.48,2.11566041017963
485,10.4875,1.0047060194185
485,10.495,-0.0597308885191185
485,10.5025,-1.02911792875396
485,10.51,-2.06863735934294
485,10.5175,3.13517222792075
485,10.525,2.34233836061033
485,10.5325,1.47217046482899
485,10.54,0.460090660001973
485,10.5475,-0.282224834641121
485,10.555,-1.25654650093321
485,10.5625,-2.32872738322515
485,10.57,3.01397649873299
485,10.5775,1.98312395635633
485,10.585,0.950120901111309
485,10.5925,-0.0502528247129969
485,10.6,-1.05277012791721
485,10.6075,-2.00895760989217
485,10.615,-2.98109863791146
485,10.6225,2.28677343091771
485,10.63,1.30897020765988
485,10.6375,0.475697831877068
485,10.645,-0.454207635545332
485,10.6525,-1.42047348463537
485,10.66,-2.12711227953698
485,10.6675,-3.09634596275969
485,10.675,2.15300251714725
485,10.6825,1.30196770915915
485,10.69,0.267055864649894
485,10.6975,-0.807324095398101
485,10.705,-1.77637210461858
485,10.7125,-2.79233129158514
485,10.72,2.47628804859613
485,10.7275,1.46682397736591
485,10.735,0.421676765588097
485,10.7425,-0.452824646274294
485,10.75,-1.4079069444362
485,10.7575,-2.46221676417809
485,10.765,2.92603397226095
485,10.7725,1.95433476460761
485,10.78,1.01440561159445
485,10.7875,0.203484118219452
485,10.795,-0.659374776529002
485,10.8025,-1.60578925243727
485,10.81,-2.61182749594669
485,10.8175,2.61774311801113
485,10.825,1.57074616558478
485,10.8325,0.496842651536913
485,10.84,-0.616421643840274
485,10.8475,-1.61794117380605
485,10.855,-2.56242084573726
485,10.8625,2.82637185148765
485,10.87,2.00181122236784
485,10.8775,1.11543511727478
485,10.885,0.121517226670398
485,10.8925,-0.888025158221534
485,10.9,-1.81987171089416
485,10.9075,-2.78472063662225
485,10.915,2.71021671512966
485,10.9225,1.84253792644573
485,10.93,0.808774843655526
485,10.9375,-0.0938537832705799
485,10.945,-1.18512761804222
485,10.9525,-2.30293110730446
485,10.96,3.06571224199684
485,10.9675,2.07552162945295
485,10.975,0.999930262179652
485,10.9825,0.0833020715193068
485,10.99,-0.77751114355156
485,10.9975,-1.6793645797111
485,11.005,-2.39766463312585
485,11.0125,3.01689502911865
485,11.02,2.1100982350989
485,11.0275,1.12189511636281
485,11.035,0.0322482703625353
485,11.0425,-1.04976709243397
485,11.05,-2.01151705815613
485,11.0575,-3.03396855384233
485,11.065,2.16424408083748
485,11.0725,1.22603093975541
485,11.08,0.214565151316495
485,11.0875,-0.91793372423349
485,11.095,-1.87318935184798
485,11.1025,-2.80276547972317
485,11.11,2.45716548157523
485,11.1175,1.82996443673914
485,11.125,0.953576079236422
485,11.1325,0.0128432083400897
485,11.14,-0.821381922707953
485,11.1475,-1.89476429847634
485,11.155,-2.87185804178661
485,11.1625,2.48728446726298
485,11.17,1.39783024577305
485,11.1775,0.366316413558877
485,11.185,-0.497741877019584
485,11.1925,-1.46334388686778
485,11.2,-2.5451976332473
485,11.2075,2.89078636784277
485,11.215,1.94015116706992
485,11.2225,0.876629159313138
485,11.23,0.165209074970334
485,11.2375,-0.819076838123448
485,11.245,-1.80766028716194
485,11.2525,-2.63397377991042
485,11.26,2.56242536219258
485,11.2675,1.57266319754488
485,11.275,0.650930729678065
485,11.2825,-0.43871756596341
485,11.29,-1.48645817306355
485,11.2975,-2.32930567479323
485,11.305,2.94192814030202
485,11.3125,1.8024148816598
485,11.32,0.913399837680038
485,11.3275,-0.102314781099585
485,11.335,-1.19678328821785
485,11.3425,-2.00767084525347
485,11.35,-2.90085088557061
485,11.3575,2.5573738108207
485,11.365,1.71189113729661
485,11.3725,0.705318047752199
485,11.38,-0.332496537294085
485,11.3875,-1.28829779633158
485,11.395,-2.35596949105072
485,11.4025,2.82225726354567
485,11.41,1.90876721930975
485,11.4175,0.852661851917834
485,11.425,-0.179938054691129
485,11.4325,-0.947070614297752
485,11.44,-1.9182896624789
485,11.4475,-2.82022651049752
485,11.455,2.58234968231146
485,11.4625,1.58298051505387
485,11.47,0.705352240607549
485,11.4775,-0.258580615306246
485,11.485,-1.17453164145192
485,11.4925,-2.08156248541023
485,11.5,-3.08885778874061
485,11.5075,2.17846130469429
485,11.515,1.14120651895321
485,11.5225,0.140894313054321
485,11.53,-0.899085831999255
485,11.5375,-1.89411258675643
485,11.545,-2.85926011222555
485,11.5525,2.47237777594493
485,11.56,1.59100719030244
485,11.5675,0.546975821398385
485,11.575,-0.277090157947787
485,11.5825,-1.20640039717708
485,11.59,-2.36352569087983
485,11.5975,3.00406870232282
485,11.605,2.10482502674349
485,11.6125,1.12809292365625
485,11.62,0.187900648631456
485,11.6275,-0.756784704569794
485,11.635,-1.84468561106481
485,11.6425,-2.84534495009629
485,11.65,2.45804405799004
485,11.6575,1.26961958401935
485,11.665,0.285933395864546
485,11.6725,-0.682569934056444
485,11.68,-1.79952628742358
485,11.6875,-2.44562106358257
485,11.695,3.03709446769013
485,11.7025,2.06495518911309
485,11.71,1.14942101508158
485,11.7175,0.242129227568095
485,11.725,-0.862597758618898
485,11.7325,-1.89655956153547
485,11.74,-2.67845425202229
485,11.7475,2.44714934912623
485,11.755,1.57251328249831
485,11.7625,0.728802788051323
485,11.77,-0.508329351077629
485,11.7775,-1.38126172558335
485,11.785,-2.33463709497303
485,11.7925,2.81686648280899
485,11.8,1.98466618201884
485,11.8075,1.18734663180955
485,11.815,0.189323204805379
485,11.8225,-0.620417344586819
485,11.83,-1.50200614010512
485,11.8375,-2.71925547398939
485,11.845,2.62021914081597
485,11.8525,1.75469891806126
485,11.86,0.530309785484598
485,11.8675,-0.382922047012319
485,11.875,-1.25603267289082
485,11.8825,-2.39580510190091
485,11.89,3.13906015654827
485,11.8975,2.1418165960472
485,11.905,0.991867792953381
485,11.9125,0.161304538792655
485,11.92,-0.855397837205995
485,11.9275,-1.98199818275024
485,11.935,-2.69240762464224
485,11.9425,2.70153155963059
485,11.95,1.59753219341804
485,11.9575,0.764298294863433
485,11.965,-0.153214496612884
485,11.9725,-1.32831717831878
485,11.98,-2.25226153099868
485,11.9875,3.13907058824685
485,11.995,2.01880163511589
485,12.0025,1.14282711918791
485,12.01,0.246626173563443
485,12.0175,-0.858474086551867
485,12.025,-1.87287173874846
485,12.0325,-2.92184655054324
485,12.04,2.19762350135015
485,12.0475,1.23994515567887
485,12.055,0.528822188152754
485,12.0625,-0.246265973576453
485,12.07,-1.05446280570153
485,12.0775,-1.87116905735383
485,12.085,-2.77479326511786
485,12.0925,2.46997190898823
485,12.1,1.3977066185481
485,12.1075,0.331579286803728
485,12.115,-0.702529128525786
485,12.1225,-1.71370003122777
485,12.13,-2.62644701040544
485,12.1375,2.73986271854123
485,12.145,1.68825024276768
485,12.1525,0.706389511937176
485,12.16,-0.230495491870266
485,12.1675,-1.22763852483316
485,12.175,-2.21281923244975
485,12.1825,3.1132737600182
485,12.19,2.19833546305009
485,12.1975,1.29075305941825
485,12.205,0.267391879391286
485,12.2125,-0.660209434063806
485,12.22,-1.61986635852503
485,12.2275,-2.75550970952664
485,12.235,2.43649018019168
485,12.2425,1.50765310050737
485,12.25,0.378709503731047
485,12.2575,-0.78109295851079
485,12.265,-1.36242043827679
485,12.2725,-2.32653318192062
485,12.28,2.94525398540861
485,12.2875,2.12406937725466
485,12.295,0.997355207029115
485,12.3025,-0.11330194173034
485,12.31,-0.902033363391435
485,12.3175,-1.67627298908772
485,12.325,-2.26522550863972
485,12.3325,-3.08852693342549
485,12.34,1.91717787201809
485,12.3475,1.03952408791953
485,12.355,0.00899206870278132
485,12.3625,-1.25216881554011
485,12.37,-2.1180099038302
485,12.3775,-3.05393157601782
485,12.385,2.08751854526349
485,12.3925,1.13961940863067
485,12.4,0.522976930640941
485,12.4075,-0.545961501754092
485,12.415,-1.51456436378333
485,12.4225,-2.28670713866327
485,12.43,2.78772142125768
485,12.4375,1.78237044750948
485,12.445,0.905573091226582
485,12.4525,-0.2215853637741
485,12.46,-1.08058240393677
485,12.4675,-2.06706202960035
485,12.475,-3.13132045221974
485,12.4825,2.16076734712918
485,12.49,1.11474352969749
485,12.4975,0.179752059713457
485,12.505,-0.961824347083469
485,12.5125,-1.56945455139271
485,12.52,-2.40393276160186
485,12.5275,2.79961526473522
485,12.535,2.20806873665925
485,12.5425,0.949765955338073
485,12.55,-0.166453176846106
485,12.5575,-1.07190185677399
485,12.565,-2.17599398365905
485,12.5725,-3.10293260152454
485,12.58,2.43819951135701
485,12.5875,1.48591016617486
485,12.595,0.364540324724468
485,12.6025,-0.505430072700767
485,12.61,-1.49536672352524
485,12.6175,-2.77506640751084
485,12.625,2.64259886838403
485,12.6325,1.97950645218271
485,12.64,1.23015696518275
485,12.6475,0.671131063730756
485,12.655,-0.513555883914676
485,12.6625,-1.46628988257377
485,12.67,-2.57019999377463
485,12.6775,2.46612324004674
485,12.685,1.46942115744065
485,12.6925,0.542408920513155
485,12.7,-0.272353034350969
485,12.7075,-1.12554457389547
485,12.715,-2.00541251053841
485,12.7225,-3.11870676644347
485,12.73,2.08521317341195
485,12.7375,1.02211213821427
485,12.745,0.0127180903268687
485,12.7525,-0.796972912823046
485,12.76,-2.05483967762777
485,12.7675,-2.08845020407781
485,12.775,3.08188300042603
485,12.7825,2.2644974369336
485,12.79,1.34366948492026
485,12.7975,-0.0599449052901695
485,12.805,-1.17916962323841
485,12.8125,-2.2051602983321
485,12.82,2.72299155329239
485,12.8275,2.02479782763961
485,12.835,1.86981177397207
485,12.8425,1.19745707309284
485,12.85,-0.00719110778592717
485,12.8575,-0.772032918033834
485,12.865,-1.52996837493108
485,12.8725,-2.21487241729123
485,12.88,-2.68019384049245
485,12.8875,2.21608575808397
485,12.895,1.1939935649785
485,12.9025,0.13338223663381
485,12.91,-1.08601759823241
485,12.9175,-2.17078503016293
485,12.925,3.01963385552724
485,12.9325,2.01563339780981
485,12.94,0.942608736146914
485,12.9475,-0.0920404018067117
485,12.955,-1.07128607971297
485,12.9625,-1.85458787130251
485,12.97,-2.36909898138543
485,12.9775,2.59696670243699
485,12.985,1.71572142395646
485,12.9925,1.21338046449272
485,13,-0.0987972007147057
485,13.0075,-0.962054465997368
485,13.015,-1.5774304548713
485,13.0225,-2.6849407176314
485,13.03,2.43393838136742
485,13.0375,1.47951444836826
485,13.045,0.394403933187865
485,13.0525,-0.798060220949226
485,13.06,-1.67878990633801
485,13.0675,-2.77778169429229
485,13.075,2.85432889966849
485,13.0825,2.05534286062667
485,13.09,0.774903749581009
485,13.0975,0.496841764749351
485,13.105,-0.752442220713647
485,13.1125,-2.18395681477325
485,13.12,3.09739472803842
485,13.1275,2.27988121927647
485,13.135,1.01797253732859
485,13.1425,0.309372193879085
485,13.15,0.118994771218541
485,13.1575,-1.29564355527967
485,13.165,-2.21207702787879
485,13.1725,2.99785335359653
485,13.18,1.63353440837228
485,13.1875,0.668235532491464
485,13.195,-0.507782942694618
485,13.2025,-1.81716286900563
485,13.21,-0.98719739698047
485,13.2175,-2.21484738036711
485,13.225,-2.81998989502433
485,13.2325,2.2679890532563
485,13.24,0.918893793901255
485,13.2475,-0.122128835208654
485,13.255,-1.16292876643877
485,13.2625,-2.39560335092507
485,13.27,3.12172524098043
485,13.2775,2.31290241612044
485,13.285,1.09372156283657
485,13.2925,0.0187941776015213
485,13.3,-1.04593128136451
485,13.3075,-2.22860772663005
485,13.315,2.82289427495453
485,13.3225,1.7851646296699
485,13.33,1.78443255070827
485,13.3375,0.824206365806219
485,13.345,-0.0860687079114028
485,13.3525,-0.841410408147385
485,13.36,-2.02304734385172
485,13.3675,2.99655174571687
485,13.375,1.89478864910624
485,13.3825,0.928052273063584
485,13.39,-0.304327414387291
485,13.3975,-1.69040241468328
485,13.405,-2.44107210973283
485,13.4125,-3.0321918313208
485,13.42,1.95177873989182
485,13.4275,2.31684903123699
485,13.435,1.06987692148533
485,13.4425,0.204504737452772
485,13.45,-0.556368410196089
485,13.4575,-1.56904331670437
485,13.465,-2.57750285786332
485,13.4725,2.6191067116779
485,13.48,1.55483258491663
485,13.4875,0.5318558126019
485,13.495,-0.456191011967794
485,13.5025,-1.64672283600045
485,13.51,-2.63694907344004
485,13.5175,2.95137081619234
485,13.525,1.82259280098503
485,13.5325,1.07363181879929
485,13.54,0.135793635641816
485,13.5475,-1.19022543078242
485,13.555,-2.28629900420999
485,13.5625,3.09922596222505
485,13.57,1.77143913442528
485,13.5775,0.657180813096451
485,13.585,0.59878371423625
485,13.5925,-0.635892808338662
485,13.6,-1.22764801630395
485,13.6075,-2.09079879935285
485,13.615,2.83598183984402
485,13.6225,1.73163940535589
485,13.63,1.06490107828609
485,13.6375,-0.0700626343343765
485,13.645,-1.37587591114654
485,13.6525,-2.39631589081537
485,13.66,2.82639923821386
485,13.6675,1.63651722729817
485,13.675,1.99803800163606
485,13.6825,0.889638812695932
485,13.69,0.45480576099739
485,13.6975,-0.877784435446313
485,13.705,-2.02029497793671
485,13.7125,-2.48008512385156
485,13.72,2.57115629096096
485,13.7275,1.25491818547537
485,13.735,0.31774068658628
485,13.7425,-0.644288208986084
485,13.75,-2.03535804734711
485,13.7575,-2.94849273329049
485,13.765,2.84759603611428
485,13.7725,1.61342129110637
485,13.78,1.27953169811188
485,13.7875,0.321510317555049
485,13.795,-0.753212055122825
485,13.8025,-1.7511425630204
485,13.81,-2.91318797025396
485,13.8175,2.30257005813528
485,13.825,1.27114591785968
485,13.8325,0.339909029199165
485,13.84,-0.684543411300252
485,13.8475,-1.73363169311655
485,13.855,-2.54304006782491
485,13.8625,2.62053168487927
485,13.87,1.59631051019734
485,13.8775,0.638505236769853
485,13.885,-0.631705902475417
485,13.8925,-1.83073983159702
485,13.9,-2.85450759340473
485,13.9075,2.22531484846108
485,13.915,1.62790194738115
485,13.9225,1.79764111013582
485,13.93,0.600445134346991
485,13.9375,-0.167649034256665
485,13.945,-1.23953999111493
485,13.9525,-2.57572154718688
485,13.96,2.76403050611208
485,13.9675,1.94379036852322
485,13.975,0.894084522944592
485,13.9825,0.101694871882347
485,13.99,-1.06292467878376
485,13.9975,-2.24369284982767
485,14.005,3.03845417130662
485,14.0125,1.89973088695943
485,14.02,1.09550521794235
485,14.0275,0.380972931793317
485,14.035,-0.442945218446489
485,14.0425,-1.09102601818372
485,14.05,-2.11549009746865
485,14.0575,3.01874659586725
485,14.065,1.9046641058809
485,14.0725,0.783101494677133
485,14.08,-0.38688696916271
485,14.0875,-1.36381284112204
485,14.095,-2.35200917121706
485,14.1025,2.88899749643224
485,14.11,2.13449319797159
485,14.1175,1.07677598868853
485,14.125,0.0650252275295116
485,14.1325,-0.786038542576352
485,14.14,-1.92795817280848
485,14.1475,-2.91241443284768
485,14.155,2.60307230783141
485,14.1625,1.77659903810501
485,14.17,0.96708566729679
485,14.1775,0.105833695662262
485,14.185,-0.965741644006475
485,14.1925,-2.1487315475319
485,14.2,3.1273050406997
485,14.2075,2.00720689410565
485,14.215,0.847505808200691
485,14.2225,-0.0099032846542983
485,14.23,-1.07296749335661
485,14.2375,-2.12464387215313
485,14.245,-2.81823953619784
485,14.2525,2.51037930653745
485,14.26,1.54243106376495
485,14.2675,0.958660095131869
485,14.275,-0.114839367087813
485,14.2825,-0.944184097241351
485,14.29,-1.5430169009788
485,14.2975,-2.82781371613935
485,14.305,2.51156814559105
485,14.3125,1.58752612173243
485,14.32,0.332350052762635
485,14.3275,-0.651459393732324
485,14.335,-1.63890234918661
485,14.3425,-2.81294877120505
485,14.35,2.42639863838466
485,14.3575,1.55389692389442
485,14.365,0.801921171437361
485,14.3725,-0.0492164646654164
485,14.38,-0.841055587945418
485,14.3875,-1.92571956215583
485,14.395,-3.06920242000073
485,14.4025,2.27834177720852
485,14.41,1.24969522047758
485,14.4175,0.341988866395765
485,14.425,-0.560269070325003
485,14.4325,-1.62802473904547
485,14.44,-2.60522032557403
485,14.4475,2.54346367908317
485,14.455,1.40543080083733
485,14.4625,0.32234349720723
485,14.47,-0.801391015485471
485,14.4775,-1.62376117861203
485,14.485,-2.44604438095352
485,14.4925,-3.10391794072131
485,14.5,2.57038543638296
485,14.5075,1.4993567930195
485,14.515,0.816696347147152
485,14.5225,-0.191000001496066
485,14.53,-1.25427447583105
485,14.5375,-2.13398395060176
485,14.545,-2.77327577994755
485,14.5525,2.39198122893821
485,14.56,1.49429385452371
485,14.5675,0.521518464753037
485,14.575,-0.830555742975701
485,14.5825,-1.93052328369456
485,14.59,-2.72905883726424
485,14.5975,2.42037957556306
485,14.605,1.43320249299741
485,14.6125,1.08225169564104
485,14.62,0.234238818861305
485,14.6275,-0.740819606030413
485,14.635,-1.80426969322837
485,14.6425,-2.9030767238211
485,14.65,2.29121071513325
485,14.6575,1.10498123587008
485,14.665,0.219413838468756
485,14.6725,-0.553371156740494
485,14.68,-1.75731551367835
485,14.6875,-2.79767113691476
485,14.695,2.55765913097074
485,14.7025,1.29056856246083
485,14.71,-0.0200001161967113
485,14.7175,-0.657843652591447
485,14.725,-0.257610924528297
485,14.7325,-1.13090974793917
485,14.74,-2.03579878554584
485,14.7475,3.11395659271995
485,14.755,1.73107528252372
485,14.7625,0.494966564951058
485,14.77,-0.524853504590548
485,14.7775,-1.78018478124068
485,14.785,-3.11555124408992
485,14.7925,2.2144510812079
485,14.8,1.48795375944392
485,14.8075,0.66596592434916
485,14.815,0.475596728773205
485,14.8225,-0.606573385162668
485,14.83,-1.80562158289639
485,14.8375,-2.69161100251905
485,14.845,2.96553898938525
485,14.8525,2.67792089533588
485,14.86,1.93988835381713
485,14.8675,0.715378815353274
485,14.875,-0.466367406504844
485,14.8825,-1.72112656063071
485,14.89,-3.01359944743785
485,14.8975,2.04944089590791
485,14.905,0.803446866327722
485,14.9125,-0.363194390417592
485,14.92,-1.10963216577167
485,14.9275,-1.74595109061895
485,14.935,-2.50020673197605
485,14.9425,2.87445725382118
485,14.95,1.82517886387636
485,14.9575,0.628099686452557
485,14.965,-0.515737395716726
485,14.9725,-1.20160201727039
485,14.98,-1.86177799776198
485,14.9875,-2.78601358653432
485,14.995,2.76582809457299
485,15.0025,1.57220702668959
485,15.01,0.263185833149563
485,15.0175,-0.737958486477201
485,15.025,-1.96808811350681
485,15.0325,2.84314772865869
485,15.04,1.62730298782419
485,15.0475,0.214198553890323
485,15.055,-2.97266075644173
485,15.0625,1.50695728432927
485,15.07,0.172888164282733
485,15.0775,-0.845686606701151
485,15.085,-2.08252694927942
485,15.0925,3.00454615551291
485,15.1,2.12473387422244
485,15.1075,1.10217596407781
485,15.115,-0.0393658551335485
485,15.1225,-0.938545621731773
485,15.13,-1.99215834459106
485,15.1375,-3.14107353280381
485,15.145,2.16296748107453
485,15.1525,1.07769212741153
485,15.16,0.128104647001963
485,15.1675,-0.624081879677348
485,15.175,-1.0314781886114
485,15.1825,-1.85398620675507
485,15.19,-2.98282178677391
485,15.1975,2.1711716955234
485,15.205,1.15056882265944
485,15.2125,-0.0144459969338563
485,15.22,-1.27516659804105
485,15.2275,-2.175080244812
485,15.235,3.08203958438536
485,15.2425,1.7946814387754
485,15.25,0.893250712250125
485,15.2575,0.170712275465528
485,15.265,-0.922088020543528
485,15.2725,-1.87472028182753
485,15.28,-2.66517749217972
485,15.2875,2.56045795822519
485,15.295,1.90467946299424
485,15.3025,2.23404408418204
485,15.31,1.03102117722721
485,15.3175,-0.157425136294375
485,15.325,-1.2579023531417
485,15.3325,-2.37468232380761
485,15.34,2.71777651991769
485,15.3475,1.48479021993711
485,15.355,0.48439340325844
485,15.3625,-0.211268226951931
485,15.37,-1.21866418396316
485,15.3775,-2.05067001062699
485,15.385,-2.95694624995678
485,15.3925,2.06363423314098
485,15.4,0.924709009138943
485,15.4075,0.0619265502694063
485,15.415,-0.946345436902696
485,15.4225,-1.67316134344397
485,15.43,-2.29577144711994
485,15.4375,2.97107264577583
485,15.445,1.90215515029492
485,15.4525,0.724003506825183
485,15.46,-0.439720298175636
485,15.4675,-1.48742786324417
485,15.475,-2.47836487651303
485,15.4825,2.80284338480198
485,15.49,1.89070205543436
485,15.4975,1.07093612434344
485,15.505,0.170811664546269
485,15.5125,-0.859987770968392
485,15.52,-1.87501641430601
485,15.5275,-2.86350528686515
485,15.535,2.45609109675244
485,15.5425,1.7189983536452
485,15.55,0.890826709206192
485,15.5575,0.243056026284625
485,15.565,-0.825749717709928
485,15.5725,-1.92670169517443
485,15.58,-2.97658796588772
485,15.5875,2.14207608069973
485,15.595,1.01028304089209
485,15.6025,0.00595746733250293
485,15.61,-0.867077713657634
485,15.6175,-1.81339794462917
485,15.625,-2.45501665674957
485,15.6325,-3.1021438796181
485,15.64,2.16352879586515
485,15.6475,1.16736927451442
485,15.655,0.0645000091534336
485,15.6625,-0.978085503247039
485,15.67,-1.96732497424178
485,15.6775,-3.05918354004869
485,15.685,2.25856946880612
485,15.6925,1.27020751080179
485,15.7,0.134136947559383
485,15.7075,-0.947083444188209
485,15.715,-1.9498914405461
485,15.7225,-2.99843345694761
485,15.73,2.25463907337525
485,15.7375,1.45658364567047
485,15.745,0.665451672424143
485,15.7525,-0.210925865118086
485,15.76,-1.03779298277137
485,15.7675,-1.95461299976244
485,15.775,-3.03658430868436
485,15.7825,2.17532866207061
485,15.79,1.16366313793793
485,15.7975,0.0593229762652714
485,15.805,-1.02722183839903
485,15.8125,-1.9217062188088
485,15.82,-2.78603290640493
485,15.8275,2.4608225752815
485,15.835,1.46999371987784
485,15.8425,0.481553215805901
485,15.85,-0.605257276669332
485,15.8575,-1.5554874455434
485,15.865,-2.37114600222983
485,15.8725,-3.0605271718775
485,15.88,2.4399269820508
485,15.8875,1.51137206596161
485,15.895,0.557529730435059
485,15.9025,-0.580251690787569
485,15.91,-1.74251016935361
485,15.9175,-2.76198899704098
485,15.925,2.49726350302743
485,15.9325,1.50936554712958
485,15.94,0.647022736101924
485,15.9475,-0.253145609817243
485,15.955,-1.17414754647891
485,15.9625,-2.15232412654003
485,15.97,3.10604144501735
485,15.9775,2.08922176677263
485,15.985,1.04954688192447
485,15.9925,0.0251527358282489
485,16,-0.890426556653883
495,4,-2.12229209929198
495,4.0075,-3.07854803417251
495,4.015,2.29439814482566
495,4.0225,1.42226465939577
495,4.03,0.468772567661977
495,4.0375,-0.569145550046516
495,4.045,-1.73621214381557
495,4.0525,-2.82567813678443
495,4.06,2.49796144436563
495,4.0675,1.37057562168662
495,4.075,0.712037170588097
495,4.0825,0.0346857276091465
495,4.09,-1.15489373308899
495,4.0975,-2.03128894983918
495,4.105,-2.99612858082661
495,4.1125,2.14093458578205
495,4.12,1.38185765068097
495,4.1275,0.456521405630474
495,4.135,-0.616491544727689
495,4.1425,-1.66447956332836
495,4.15,-2.72832939200375
495,4.1575,2.49018011507596
495,4.165,1.39460203289119
495,4.1725,0.369001345490819
495,4.18,-0.618495219887776
495,4.1875,-1.43203038144874
495,4.195,-2.23652564126202
495,4.2025,-3.11806542735314
495,4.21,2.29430561021171
495,4.2175,1.39643580538345
495,4.225,0.502840456868344
495,4.2325,-0.298344509833376
495,4.24,-1.4243349560281
495,4.2475,-2.59146524539667
495,4.255,2.64671706031922
495,4.2625,1.4620761146587
495,4.27,0.30384737652514
495,4.2775,-0.557451716336389
495,4.285,-1.44037472346269
495,4.2925,-2.49064293311476
495,4.3,2.92671716563258
495,4.3075,1.98004522580664
495,4.315,0.891662027062197
495,4.3225,0.0891232989345063
495,4.33,-0.725580036936694
495,4.3375,-1.8130049594066
495,4.345,-2.76934162783226
495,4.3525,2.5979723828821
495,4.36,1.50623173950916
495,4.3675,0.509839280398039
495,4.375,-0.40599883238803
495,4.3825,-1.29907257296888
495,4.39,-2.21432769579541
495,4.3975,3.08168778265144
495,4.405,2.06653923320109
495,4.4125,1.01059221678576
495,4.42,0.0087707168945197
495,4.4275,-0.933888247625136
495,4.435,-1.80144251013368
495,4.4425,-2.64511228124421
495,4.45,2.70342327664566
495,4.4575,1.74870781659562
495,4.465,0.637671739126121
495,4.4725,-0.459024497474575
495,4.48,-1.516861000734
495,4.4875,-2.60556944754364
495,4.495,2.66462706080006
495,4.5025,1.66183226872382
495,4.51,0.74168934011012
495,4.5175,-0.131744482197883
495,4.525,-1.054119754363
495,4.5325,-1.98440694684
495,4.54,-2.87309053036992
495,4.5475,2.35130361279099
495,4.555,1.27380285074585
495,4.5625,0.327895721234348
495,4.57,-0.777979410825267
495,4.5775,-1.7685564979032
495,4.585,-2.33511017221824
495,4.5925,3.09204985503498
495,4.6,2.06494414391921
495,4.6075,1.12175576820021
495,4.615,0.00674749006221609
495,4.6225,-1.15397177008859
495,4.63,-2.11875258038787
495,4.6375,3.1370043393314
495,4.645,2.33379387404041
495,4.6525,1.60123958828605
495,4.66,0.6788097092796
495,4.6675,-0.283738267888608
495,4.675,-1.43611819836635
495,4.6825,-2.50449631747645
495,4.69,2.81304164518305
495,4.6975,1.91499239878778
495,4.705,1.04550848102412
495,4.7125,0.0312850590297819
495,4.72,-0.948162267917677
495,4.7275,-2.00876807228021
495,4.735,-3.0451445257355
495,4.7425,2.39778285294989
495,4.75,1.33506133619164
495,4.7575,0.352698518333224
495,4.765,-0.547099686989292
495,4.7725,-1.3962558994561
495,4.78,-2.15731408696614
495,4.7875,-2.7835246741434
495,4.795,2.52020599729692
495,4.8025,1.48715462487196
495,4.81,0.655808204026552
495,4.8175,-0.526695554773579
495,4.825,-1.7148700390242
495,4.8325,-2.64698144873061
495,4.84,2.65365630044296
495,4.8475,1.60152001030998
495,4.855,0.703836069008658
495,4.8625,-0.332851907432885
495,4.87,-1.46937428454403
495,4.8775,-2.44938217611356
495,4.885,2.77523956506129
495,4.8925,1.77070008619895
495,4.9,0.779656675945861
495,4.9075,-0.320479232489734
495,4.915,-0.958617181980281
495,4.9225,-1.72442597309736
495,4.93,-2.68315613738034
495,4.9375,2.73658123760783
495,4.945,1.88503015279887
495,4.9525,0.826910393547093
495,4.96,-0.153240862585109
495,4.9675,-1.1539970827836
495,4.975,-2.43153693654744
495,4.9825,2.73386616909158
495,4.99,1.94914179894802
495,4.9975,1.00186449742764
495,5.005,0.140237990991976
495,5.0125,-0.596367948357778
495,5.02,-1.49540205522229
495,5.0275,-2.47048677387601
495,5.035,2.85519757098451
495,5.0425,1.87686213533979
495,5.05,0.799743386410055
495,5.0575,-0.263750995859014
495,5.065,-1.27394294687843
495,5.0725,-2.35882114335424
495,5.08,2.86484677943867
495,5.0875,1.8025344069935
495,5.095,0.774505750905473
495,5.1025,-0.158020133497855
495,5.11,-1.1788001132509
495,5.1175,-2.16656221011589
495,5.125,3.04565708127539
495,5.1325,1.9848532028548
495,5.14,1.42327319444958
495,5.1475,0.792750426945935
495,5.155,-0.0943318759986163
495,5.1625,-1.13469893642906
495,5.17,-2.26758481564497
495,5.1775,2.81448390203969
495,5.185,1.74364522130076
495,5.1925,0.799423405000949
495,5.2,-0.162468322601966
495,5.2075,-1.09310473605151
495,5.215,-1.99389966725459
495,5.2225,-2.92679903874625
495,5.23,2.22991173579353
495,5.2375,1.05129388642221
495,5.245,0.283971826874048
495,5.2525,-0.400202637252431
495,5.26,-1.28372934987242
495,5.2675,-2.0151797756338
495,5.275,-2.89956508677842
495,5.2825,2.25708396338227
495,5.29,1.13871996828503
495,5.2975,0.231766560438183
495,5.305,-0.766609237596437
495,5.3125,-1.9281905947536
495,5.32,-2.83801743157987
495,5.3275,2.48916109564368
495,5.335,1.39425823566274
495,5.3425,0.661825531025433
495,5.35,-0.322230419763558
495,5.3575,-1.21210359653478
495,5.365,-2.08444165439
495,5.3725,3.08242260919835
495,5.38,2.28212349097154
495,5.3875,1.10122558081184
495,5.395,0.144040627301717
495,5.4025,-0.549315068871399
495,5.41,-1.62447542170247
495,5.4175,-2.67280619480909
495,5.425,2.40142175034951
495,5.4325,1.36450237170437
495,5.44,0.248930642700152
495,5.4475,-1.01362230894073
495,5.455,-1.5658490775162
495,5.4625,-2.32277309660416
495,5.47,2.982823909087
495,5.4775,2.03796337201704
495,5.485,1.04906754407607
495,5.4925,0.053779530010987
495,5.5,-0.648873269271864
495,5.5075,-1.63202337597473
495,5.515,-2.38432298350259
495,5.5225,3.0295980244293
495,5.53,2.36661025232837
495,5.5375,1.47219313849387
495,5.545,0.304470569645658
495,5.5525,-0.696021302660906
495,5.56,-1.80235130572701
495,5.5675,-2.97650909344952
495,5.575,2.18518839936338
495,5.5825,1.15713183515972
495,5.59,0.249864912682792
495,5.5975,-0.660035515322204
495,5.605,-1.62329429192466
495,5.6125,-2.42099818458549
495,5.62,2.80172151661155
495,5.6275,1.68789244992565
495,5.635,0.882645965960559
495,5.6425,-0.105436489030866
495,5.65,-1.22690851174448
495,5.6575,-2.14450765431124
495,5.665,-2.93876912063891
495,5.6725,2.29656469865987
495,5.68,1.21466245004608
495,5.6875,0.275947364606682
495,5.695,-0.568465150148808
495,5.7025,-1.49945880020339
495,5.71,-2.57450146487836
495,5.7175,2.8477883636523
495,5.725,1.88247998927287
495,5.7325,0.817056824155555
495,5.74,0.0509513374168926
495,5.7475,-0.764427611015542
495,5.755,-1.89918115388549
495,5.7625,-2.9906702258836
495,5.77,2.35174471507888
495,5.7775,1.26377332663468
495,5.785,0.211091415700766
495,5.7925,-0.670353301737483
495,5.8,-1.58162005553227
495,5.8075,-2.46754700324591
495,5.815,2.72729836049396
495,5.8225,1.74775899986101
495,5.83,0.857957544643521
495,5.8375,-0.104498860135283
495,5.845,-0.816544006058495
495,5.8525,-1.64796466279942
495,5.86,-2.54819063227699
495,5.8675,2.65871094113397
495,5.875,1.52304512031401
495,5.8825,0.48965622705831
495,5.89,-0.550494855253672
495,5.8975,-1.71001448784428
495,5.905,-2.76379448496425
495,5.9125,2.68929330483515
495,5.92,1.74351858857221
495,5.9275,0.710579550694864
495,5.935,-0.322958046684945
495,5.9425,-1.26765480921112
495,5.95,-2.3093441564951
495,5.9575,2.9277023861223
495,5.965,2.15990523702578
495,5.9725,1.16384142620145
495,5.98,0.252762674245641
495,5.9875,-0.670231486148753
495,5.995,-1.83614688905848
495,6.0025,-2.89743956835585
495,6.01,2.42640937020177
495,6.0175,1.2145543817971
495,6.025,0.0941358806362687
495,6.0325,-0.41333711966178
495,6.04,-1.56445401129594
495,6.0475,-2.57931218390185
495,6.055,3.05264976877136
495,6.0625,1.73195408782786
495,6.07,0.501800365002722
495,6.0775,-0.15492058377145
495,6.085,-0.851699736886805
495,6.0925,-1.54914630886082
495,6.1,-2.44878322386743
495,6.1075,2.82443864437372
495,6.115,1.80457036433127
495,6.1225,0.627451404168004
495,6.13,-0.589595509508704
495,6.1375,-1.41503902567181
495,6.145,-2.42667184048767
495,6.1525,2.65870010463327
495,6.16,1.72463337204026
495,6.1675,0.728816610029528
495,6.175,-0.490719060626867
495,6.1825,-1.69707040570073
495,6.19,-2.17919205319446
495,6.1975,-2.94932472998059
495,6.205,2.40688196131631
495,6.2125,1.65637728622528
495,6.22,0.606820325231046
495,6.2275,-0.510630045061093
495,6.235,-1.61319935755033
495,6.2425,-2.61704140995814
495,6.25,2.66053951192561
495,6.2575,1.62801120155543
495,6.265,0.491979350072373
495,6.2725,-0.684069521363962
495,6.28,-1.6845174172951
495,6.2875,-2.81144923400295
495,6.295,2.40756234585001
495,6.3025,2.25368611841156
495,6.31,1.18496461747028
495,6.3175,0.0262250418662008
495,6.325,-0.959736035137535
495,6.3325,-2.09783390747354
495,6.34,3.05326229195617
495,6.3475,-3.00406778844289
495,6.355,2.36292344007469
495,6.3625,1.32146938855582
495,6.37,0.119253587033998
495,6.3775,-1.06177822699629
495,6.385,-2.21297647551466
495,6.3925,2.83093151084176
495,6.4,1.65435341316793
495,6.4075,0.574209305518227
495,6.415,-0.208484571963132
495,6.4225,-0.79144614990225
495,6.43,-1.66329676031568
495,6.4375,-2.58711757156624
495,6.445,2.90989470684191
495,6.4525,1.94610695960881
495,6.46,0.921282746955625
495,6.4675,-0.112436021499582
495,6.475,-1.11129156823942
495,6.4825,-2.20335108661257
495,6.49,3.01907361348372
495,6.4975,2.06754559651326
495,6.505,0.79032146688059
495,6.5125,-0.3236991216949
495,6.52,-1.18931013281626
495,6.5275,-2.45793081659635
495,6.535,2.90688427732306
495,6.5425,2.07271206315349
495,6.55,0.720622657949856
495,6.5575,0.815889962781659
495,6.565,-0.351125883716952
495,6.5725,-1.77867369935133
495,6.58,-2.76813746276709
495,6.5875,2.52804326571797
495,6.595,1.1425866633064
495,6.6025,1.33356880526002
495,6.61,0.299066671535922
495,6.6175,-0.793909523609596
495,6.625,-1.65576757748997
495,6.6325,-3.11940897458798
495,6.64,1.62078441882016
495,6.6475,0.730578916157458
495,6.655,-0.437157206552446
495,6.6625,-2.06007377323821
495,6.67,2.82891674568131
495,6.6775,1.54286677240487
495,6.685,-0.56153805608453
495,6.6925,-2.73327753354699
495,6.7,1.89691383573303
495,6.7075,0.224299152881526
495,6.715,-1.17137968277245
495,6.7225,-1.86207667913508
495,6.73,3.04733693575073
495,6.7375,2.02291128945205
495,6.745,1.47728390676025
495,6.7525,-0.156030195282107
495,6.76,-1.51508784643187
495,6.7675,-2.10190087141778
495,6.775,2.50685999956724
495,6.7825,0.543133780971281
495,6.79,-1.12262767292445
495,6.7975,-1.86680604256328
495,6.805,2.58844522616375
495,6.8125,0.509980297931645
495,6.82,-1.26293654601822
495,6.8275,-1.71189197690491
495,6.835,2.83193313864817
495,6.8425,0.76583682458019
495,6.85,2.06573757836958
495,6.8575,-0.102401826803778
495,6.865,-1.69212361394095
495,6.8725,-2.01338989702263
495,6.88,2.48194908948727
495,6.8875,0.557152386752664
495,6.895,-0.933184164001198
495,6.9025,-1.70591079648806
495,6.91,2.91921783313987
495,6.9175,1.22775511835169
495,6.925,0.0118086376217629
495,6.9325,-1.28248951529456
495,6.94,-2.71984522408932
495,6.9475,2.46479071455134
495,6.955,1.25636668074369
495,6.9625,0.0280489465424366
495,6.97,-0.29118604436678
495,6.9775,-1.46481836713131
495,6.985,-3.08777741639999
495,6.9925,2.8754395680192
495,7,2.40161648547147
495,7.0075,1.11744615793334
495,7.015,1.22407357940257
495,7.0225,-0.0128646304307849
495,7.03,-1.50369831122548
495,7.0375,-2.84142636760811
495,7.045,2.26862606254392
495,7.0525,1.0325582140495
495,7.06,-0.113004155071218
495,7.0675,-1.29596014982208
495,7.075,-2.58115678781948
495,7.0825,2.70039176775789
495,7.09,1.55409449761086
495,7.0975,-0.00544173556193143
495,7.105,-1.37411847981962
495,7.1125,-1.25124181107653
495,7.12,-2.78515979075241
495,7.1275,-1.8630239016596
495,7.135,2.68996176381324
495,7.1425,-2.43518179495248
495,7.15,2.07299890303096
495,7.1575,0.35111852310937
495,7.165,0.735562901897099
495,7.1725,-0.954686684439298
495,7.18,-2.8297429344878
495,7.1875,-2.28668975565885
495,7.195,2.53445249921281
495,7.2025,0.699541511359723
495,7.21,-0.839431471978352
495,7.2175,-0.515617435418234
495,7.225,-2.21224281474095
495,7.2325,-1.85713380771004
495,7.24,-3.05792806866415
495,7.2475,1.949812069086
495,7.255,0.791354060148241
495,7.2625,-0.341584353834056
495,7.27,-1.10110854353454
495,7.2775,-2.27520191971859
495,7.285,2.95770699568477
495,7.2925,1.78951227081807
495,7.3,0.755838006439453
495,7.3075,-0.228938210733695
495,7.315,-1.6801482016006
495,7.3225,-2.94355736857065
495,7.33,2.60903147670198
495,7.3375,1.32997321905669
495,7.345,-0.458183569559435
495,7.3525,1.41839093848669
495,7.36,-0.630973617017119
495,7.3675,-1.97877232762373
495,7.375,-2.03124443381377
495,7.3825,2.54584509110599
495,7.39,1.02482919561649
495,7.3975,1.06196446299682
495,7.405,-0.426990368553507
495,7.4125,-1.17652123193225
495,7.42,-1.66869541241017
495,7.4275,2.9771396911878
495,7.435,2.7822555304976
495,7.4425,1.58735392582892
495,7.45,0.0646431872374447
495,7.4575,-0.0236931760306285
495,7.465,-1.2765767238198
495,7.4725,-2.38155418658585
495,7.48,-2.63189745752599
495,7.4875,2.3032430802785
495,7.495,1.15593275563328
495,7.5025,0.31412908385137
495,7.51,-0.835388234138516
495,7.5175,-2.07675815639831
495,7.525,-3.09376972092253
495,7.5325,2.39079248415992
495,7.54,1.15131198337624
495,7.5475,-0.0791135322077729
495,7.555,-0.998732645443395
495,7.5625,-2.08722076396065
495,7.57,3.03256019318725
495,7.5775,2.34483911817506
495,7.585,1.75642430853905
495,7.5925,0.616950453837006
495,7.6,-0.291890134181045
495,7.6075,-1.35033718337548
495,7.615,-2.28778915930592
495,7.6225,2.98044192607015
495,7.63,1.7318018259051
495,7.6375,1.0021819063126
495,7.645,-0.0514807038547646
495,7.6525,-1.1166464953198
495,7.66,-1.8216477668309
495,7.6675,-2.99310209378292
495,7.675,2.35773922963909
495,7.6825,1.3957573917211
495,7.69,0.265872035263314
495,7.6975,-0.332660432784914
495,7.705,-1.35757153743487
495,7.7125,-2.31206278237069
495,7.72,-2.60760367633875
495,7.7275,2.5815383682517
495,7.735,1.42031776029374
495,7.7425,0.505841474221416
495,7.75,-0.564803761831963
495,7.7575,-1.75750068112757
495,7.765,-2.83193010208318
495,7.7725,2.3636612353864
495,7.78,1.42580792648156
495,7.7875,0.606894394460539
495,7.795,-0.387620946846552
495,7.8025,-1.35699038774397
495,7.81,-2.29150599727558
495,7.8175,3.00476161648022
495,7.825,1.94588287331282
495,7.8325,1.231073387438
495,7.84,0.378308359875468
495,7.8475,-0.923127228553274
495,7.855,-1.83703779212943
495,7.8625,-2.77813675748188
495,7.87,2.19615866254219
495,7.8775,1.15763008118591
495,7.885,0.171266645010036
495,7.8925,-1.06874741260826
495,7.9,-2.05958576777534
495,7.9075,-2.96625402787969
495,7.915,2.0236397452614
495,7.9225,1.37325691391032
495,7.93,0.474002780723924
495,7.9375,-0.965351215418032
495,7.945,-1.33773365354984
495,7.9525,-2.48103483989225
495,7.96,2.36196161178672
495,7.9675,2.06827935169437
495,7.975,0.961782687619257
495,7.9825,-0.209095969971958
495,7.99,-0.549018669054407
495,7.9975,-1.90259751740965
495,8.005,3.06739815076076
495,8.0125,2.32375595064072
495,8.02,1.03694422374756
495,8.0275,-0.307018561385713
495,8.035,-0.76362884820747
495,8.0425,-1.81746603802147
495,8.05,-3.09452552821779
495,8.0575,2.47359217625141
495,8.065,1.76320372452941
495,8.0725,0.567184496019239
495,8.08,-0.0990200234090306
495,8.0875,-0.685617324112627
495,8.095,-1.9321283905667
495,8.1025,-2.94441924937695
495,8.11,2.49644343531939
495,8.1175,1.28459316778228
495,8.125,0.185801288636516
495,8.1325,-0.794505896153718
495,8.14,-1.94096837289902
495,8.1475,-2.97591832363554
495,8.155,2.1844243903005
495,8.1625,0.932919338535859
495,8.17,-0.0148229213058581
495,8.1775,-0.828741096958702
495,8.185,-2.06478628905938
495,8.1925,-2.93907528908533
495,8.2,2.60711497345006
495,8.2075,1.27337777773489
495,8.215,0.412865064754762
495,8.2225,-0.33164735330908
495,8.23,-1.5857149787503
495,8.2375,-2.5451619130306
495,8.245,3.07885485252647
495,8.2525,1.95613599832558
495,8.26,0.91812843109861
495,8.2675,-0.104713800166256
495,8.275,-1.40463011022061
495,8.2825,-2.68360882304189
495,8.29,2.46543709033304
495,8.2975,1.2463145407148
495,8.305,0.0555879296135062
495,8.3125,2.37149583893774
495,8.32,0.763298065897137
495,8.3275,-0.584978252790645
495,8.335,-1.7633360910645
495,8.3425,-2.91705370172803
495,8.35,2.16662385670267
495,8.3575,0.894444185462573
495,8.365,-0.214973733574361
495,8.3725,-0.903593072824367
495,8.38,-2.10709201070791
495,8.3875,3.04111629188705
495,8.395,2.0691976718528
495,8.4025,0.65788819778
495,8.41,-0.622268258379947
495,8.4175,-1.42527599523533
495,8.425,-2.71013431100333
495,8.4325,-2.90752006149064
495,8.44,2.74875671183711
495,8.4475,1.67981844128157
495,8.455,1.44225090203968
495,8.4625,0.0149136898123471
495,8.47,-1.45871222622561
495,8.4775,-1.57753269033885
495,8.485,-2.92260309045953
495,8.4925,1.86305797849805
495,8.5,1.33620053665415
495,8.5075,0.0289062021347376
495,8.515,-1.56815136642769
495,8.5225,-2.80516413334017
495,8.53,2.58646365637919
495,8.5375,1.03245786723443
495,8.545,-0.868867039014827
495,8.5525,0.896829333771953
495,8.56,-1.88815679183626
495,8.5675,1.18934535136441
495,8.575,-1.70479958857881
495,8.5825,2.89930857773613
495,8.59,2.17310963012248
495,8.5975,0.843838090951582
495,8.605,-0.462767446617424
495,8.6125,-1.41821035267572
495,8.62,-2.62164720953944
495,8.6275,2.15627423651596
495,8.635,1.06538488453771
495,8.6425,0.359551283657888
495,8.65,-1.27537453300562
495,8.6575,-2.78544508881487
495,8.665,-2.66277217457904
495,8.6725,1.85091427464526
495,8.68,-0.205060338761332
495,8.6875,-2.60959143952542
495,8.695,0.837070016864554
495,8.7025,2.05085129246831
495,8.71,-0.330689608353195
495,8.7175,-2.36767467032388
495,8.725,2.31866331282322
495,8.7325,1.69870198262668
495,8.74,0.178147721249789
495,8.7475,-1.46601872612974
495,8.755,-2.60233844007311
495,8.7625,2.67315504751205
495,8.77,1.06854997662219
495,8.7775,1.51235800502711
495,8.785,0.0774336549224791
495,8.7925,-1.67822838064643
495,8.8,-2.31571077583134
495,8.8075,2.76491347084021
495,8.815,0.675791315819537
495,8.8225,-1.77784612756032
495,8.83,2.26594695229077
495,8.8375,1.62496334748125
495,8.845,0.0585397049732415
495,8.8525,-1.60370209393321
495,8.86,-3.07059297500504
495,8.8675,1.92481670691883
495,8.875,0.670610334249548
495,8.8825,-0.565354249727856
495,8.89,-1.7108707801396
495,8.8975,-2.9085423138255
495,8.905,2.1882703823706
495,8.9125,1.10592980488013
495,8.92,-0.222169726027414
495,8.9275,-1.56890397218473
495,8.935,-2.14991225854645
495,8.9425,-2.56427943776587
495,8.95,-2.50157143223212
495,8.9575,3.06882955250074
495,8.965,1.77274643245622
495,8.9725,0.714345117962369
495,8.98,-0.234068698580752
495,8.9875,-1.48417648451773
495,8.995,-2.51875039939038
495,9.0025,2.62530615721677
495,9.01,1.30249721420789
495,9.0175,0.282416258721178
495,9.025,-0.814917986066415
495,9.0325,-2.10719854412872
495,9.04,-2.98298334771687
495,9.0475,2.28925010755718
495,9.055,0.990833932400601
495,9.0625,0.68251892734193
495,9.07,-0.366371247043782
495,9.0775,-2.37372206463679
495,9.085,-0.310008464729238
495,9.0925,-2.20433326419381
495,9.1,-2.8744620968453
495,9.1075,2.52509171691845
495,9.115,0.876842523776314
495,9.1225,-0.397778099137087
495,9.13,-1.16834704898515
495,9.1375,-2.62184137710009
495,9.145,2.27476947394462
495,9.1525,1.49731122008209
495,9.16,0.480931454674615
495,9.1675,-0.664460055781238
495,9.175,-1.41657080905753
495,9.1825,-2.02132117804061
495,9.19,3.08478282394501
495,9.1975,2.32634998582801
495,9.205,1.62185105847079
495,9.2125,0.486032044986828
495,9.22,-0.160623320836819
495,9.2275,-1.29222280024194
495,9.235,-2.58004088424797
495,9.2425,2.80725551547401
495,9.25,1.80621640434236
495,9.2575,0.351357447069577
495,9.265,-0.456433483576329
495,9.2725,-1.17664258634898
495,9.28,-2.69211453900087
495,9.2875,2.68566644955137
495,9.295,2.06792640497434
495,9.3025,0.544706416357625
495,9.31,-0.693282121889133
495,9.3175,-0.463822139952932
495,9.325,-2.03330339853655
495,9.3325,-1.63656680296578
495,9.34,-2.98392274197055
495,9.3475,1.96046796979197
495,9.355,1.13224229374402
495,9.3625,-0.0639592827759907
495,9.37,-1.40088864242587
495,9.3775,-2.38784511869455
495,9.385,2.77921853767841
495,9.3925,1.31439867684868
495,9.4,0.423244349941087
495,9.4075,-0.312881881705197
495,9.415,-1.84431366364474
495,9.4225,-1.47157802278621
495,9.43,-2.70286355413031
495,9.4375,2.39226173368292
495,9.445,2.30588366774491
495,9.4525,0.955230996260709
495,9.46,-0.378615225719949
495,9.4675,-1.09781113229441
495,9.475,-2.1504492543753
495,9.4825,2.92588613334369
495,9.49,1.92490665062219
495,9.4975,0.942151117230654
495,9.505,-0.209136376274346
495,9.5125,-1.32414073723094
495,9.52,-2.3385980391343
495,9.5275,2.79279088204049
495,9.535,1.73499179071437
495,9.5425,0.82340127824664
495,9.55,0.481073451324318
495,9.5575,-0.274991083216038
495,9.565,-1.28420487550761
495,9.5725,-2.12601043995429
495,9.58,-3.10272484561448
495,9.5875,2.09672925403476
495,9.595,1.1626041481288
495,9.6025,0.11157656914606
495,9.61,-1.0638046646958
495,9.6175,-2.04019977016125
495,9.625,3.13038390249553
495,9.6325,1.93880198636365
495,9.64,0.879162178624965
495,9.6475,-0.280122393514057
495,9.655,-1.48221510912779
495,9.6625,-2.54102025377576
495,9.67,2.84138034899605
495,9.6775,-2.97618896950176
495,9.685,2.48120158906478
495,9.6925,1.18824347757903
495,9.7,0.18022276917359
495,9.7075,-0.863092739544097
495,9.715,-2.09835938947621
495,9.7225,3.07536480977937
495,9.73,2.18049299824854
495,9.7375,1.01895746768307
495,9.745,-0.19480508469454
495,9.7525,-1.0429013882563
495,9.76,-2.19010026721685
495,9.7675,2.88789780195331
495,9.775,2.08219498814887
495,9.7825,1.06810705976412
495,9.79,0.297749868044203
495,9.7975,0.00918335358768281
495,9.805,-1.04414138028647
495,9.8125,-2.02191464679375
495,9.82,-2.94905468440922
495,9.8275,1.975141573696
495,9.835,0.900259622680434
495,9.8425,0.0745835256303849
495,9.85,-1.30068049243742
495,9.8575,-2.44931337972752
495,9.865,3.06127815425635
495,9.8725,1.78338805103518
495,9.88,0.47717827994635
495,9.8875,-0.0118469658292403
495,9.895,-1.12592207700444
495,9.9025,-2.66622297588254
495,9.91,-1.79261889296454
495,9.9175,3.03480978631026
495,9.925,2.58760242268613
495,9.9325,1.5445555223851
495,9.94,0.179619017940587
495,9.9475,-0.858800254406198
495,9.955,-1.88162198757999
495,9.9625,-3.12318166258026
495,9.97,2.04099934287731
495,9.9775,1.06733175963107
495,9.985,-0.0654729314348535
495,9.9925,-1.12416842475926
495,10,-1.71053977197672
495,10.0075,-2.54128254407127
495,10.015,2.77044051132418
495,10.0225,2.12708130326883
495,10.03,0.996788402642451
495,10.0375,0.00684735658857083
495,10.045,-0.729584427921253
495,10.0525,-1.81436494348068
495,10.06,-2.92913727895774
495,10.0675,2.37885018892235
495,10.075,1.36158051454953
495,10.0825,0.177355683506526
495,10.09,-0.921379196907788
495,10.0975,-2.03613059876245
495,10.105,3.04956365682431
495,10.1125,2.01511284107252
495,10.12,0.971781629480503
495,10.1275,0.022712539182679
495,10.135,-0.496691526288249
495,10.1425,-1.59699113501491
495,10.15,-2.36423262962225
495,10.1575,-2.87157902354812
495,10.165,2.19350145653081
495,10.1725,1.24481607696756
495,10.18,0.353607917213711
495,10.1875,-0.813029078749439
495,10.195,-1.99389234575338
495,10.2025,-3.05214642573345
495,10.21,2.05725039298228
495,10.2175,0.806864205660637
495,10.225,-0.307921683709995
495,10.2325,-1.2287847882283
495,10.24,-0.830995203979136
495,10.2475,-1.76125695189369
495,10.255,-2.45626148330355
495,10.2625,2.62881039380155
495,10.27,1.46635196856193
495,10.2775,0.480259598259649
495,10.285,-0.598818688066458
495,10.2925,-1.5034421429629
495,10.3,-2.43063039991938
495,10.3075,2.89338002893673
495,10.315,1.78538530717582
495,10.3225,0.71303184626878
495,10.33,-0.312745948113367
495,10.3375,-1.52817583709599
495,10.345,-2.53508447931245
495,10.3525,2.78703344073087
495,10.36,1.59565523843228
495,10.3675,0.580328554661956
495,10.375,-0.0352824014390882
495,10.3825,-0.969416265041772
495,10.39,-1.74436793287064
495,10.3975,-2.67066879506682
495,10.405,2.42013342709622
495,10.4125,1.37502747506338
495,10.42,0.375183679802565
495,10.4275,-0.86048253239913
495,10.435,-1.94063879641143
495,10.4425,-2.66953255973902
495,10.45,2.34750430343112
495,10.4575,1.40482398676103
495,10.465,0.690384371907165
495,10.4725,-0.730938154849495
495,10.48,-1.26870054266837
495,10.4875,-1.76951499717912
495,10.495,-2.7801757907122
495,10.5025,3.04597849618874
495,10.51,1.95556406953022
495,10.5175,0.722788676721134
495,10.525,-0.195283736257376
495,10.5325,-1.28938022918355
495,10.54,-2.5828796264379
495,10.5475,2.79420869891829
495,10.555,1.88653459178795
495,10.5625,0.790614351215852
495,10.57,0.211018705661269
495,10.5775,-0.909088375355597
495,10.585,-2.08308417059698
495,10.5925,-3.03252372889849
495,10.6,2.10895752436302
495,10.6075,1.0090565318893
495,10.615,0.205708419572654
495,10.6225,-0.382971302521577
495,10.63,-1.35298472403838
495,10.6375,-2.33396300195147
495,10.645,3.03618251522262
495,10.6525,1.80393429718062
495,10.66,0.811082650750243
495,10.6675,-0.0482445023939239
495,10.675,-1.27451414443696
495,10.6825,-2.39755328172923
495,10.69,2.98699311977498
495,10.6975,1.85362798560251
495,10.705,0.678589309569335
495,10.7125,-0.0380194926931915
495,10.72,-1.04727303294638
495,10.7275,-2.06683290071549
495,10.735,-2.5632762916174
495,10.7425,2.84824133066117
495,10.75,2.20351381074765
495,10.7575,1.10465155447921
495,10.765,0.0433957285663194
495,10.7725,-0.812839835939047
495,10.78,-1.95902946263431
495,10.7875,3.11017476776178
495,10.795,2.13763834223781
495,10.8025,1.16186849988905
495,10.81,0.048858608953681
495,10.8175,-0.754831654882434
495,10.825,-1.45370583999997
495,10.8325,-2.36196178993381
495,10.84,2.99703635493573
495,10.8475,1.8374370127446
495,10.855,0.743841659514659
495,10.8625,-0.0889917101744386
495,10.87,-1.12031460705186
495,10.8775,-1.89527941682599
495,10.885,-2.8359957856381
495,10.8925,2.32332145090531
495,10.9,1.28872600706847
495,10.9075,0.347122642189613
495,10.915,-0.728422005654965
495,10.9225,-1.88434925186346
495,10.93,-2.92063224346356
495,10.9375,2.17912912004472
495,10.945,1.11369867752016
495,10.9525,0.17381973292498
495,10.96,-1.02279080732387
495,10.9675,-1.25297892448039
495,10.975,-2.23782258470278
495,10.9825,2.83413525531955
495,10.99,2.30420770151117
495,10.9975,1.12028078700745
495,11.005,-0.130247065132379
495,11.0125,-0.462503261174865
495,11.02,-1.49710423938042
495,11.0275,-2.78347991469273
495,11.035,2.4050293924881
495,11.0425,1.16058886891293
495,11.05,-0.286071045475469
495,11.0575,-1.51690168067468
495,11.065,-2.46548288941239
495,11.0725,2.08047435669385
495,11.08,-0.371252210201191
495,11.0875,-2.85700114497452
495,11.095,2.86666317083081
495,11.1025,1.30470155360832
495,11.11,-0.151778519196217
495,11.1175,-1.17508345500417
495,11.125,-2.29869801512026
495,11.1325,2.93394241616996
495,11.14,1.61620564715467
495,11.1475,0.504806587487811
495,11.155,-0.415382301804016
495,11.1625,-1.82552313802186
495,11.17,-2.69699059346325
495,11.1775,2.65545129440462
495,11.185,1.18076116378268
495,11.1925,1.85044955237449
495,11.2,0.5701959061419
495,11.2075,-0.99351030030492
495,11.215,-1.16289464964645
495,11.2225,-2.3397839541891
495,11.23,2.2853883302732
495,11.2375,2.23620926686482
495,11.245,0.919899835788983
495,11.2525,-0.674944234423207
495,11.26,-1.3336756131365
495,11.2675,-2.54744380894898
495,11.275,2.18070705021901
495,11.2825,1.04280535714507
495,11.29,-0.168118835832659
495,11.2975,-1.83309114308155
495,11.305,2.82924581355603
495,11.3125,1.70640983988484
495,11.32,0.40454241362576
495,11.3275,-1.28251903065976
495,11.335,-2.83007349183218
495,11.3425,2.30920627189869
495,11.35,1.074723478051
495,11.3575,-0.374341086087249
495,11.365,-1.67305977828564
495,11.3725,-2.79059332233523
495,11.38,2.17041239229395
495,11.3875,0.947590704630363
495,11.395,1.64690908318216
495,11.4025,0.385162346046559
495,11.41,-0.741785229597093
495,11.4175,-1.78143236046567
495,11.425,-2.98752191032311
495,11.4325,2.33301683407225
495,11.44,1.71256941895361
495,11.4475,0.5002689298121
495,11.455,-0.711363377319559
495,11.4625,-1.6095289742272
495,11.47,-2.89220276401015
495,11.4775,2.05647011884538
495,11.485,0.887042154608185
495,11.4925,-0.252931083664055
495,11.5,-1.21034619521873
495,11.5075,-2.72478345502287
495,11.515,2.01097913575527
495,11.5225,1.50280925911264
495,11.53,-0.203211798276592
495,11.5375,-1.93214891098929
495,11.545,-2.73760411289967
495,11.5525,1.8128494516339
495,11.56,0.346475103880726
495,11.5675,-0.967173876098341
495,11.575,-2.37895999136232
495,11.5825,2.63983760531794
495,11.59,1.26613042103206
495,11.5975,-0.0858858853497857
495,11.605,-1.11761468608924
495,11.6125,-2.45667932974822
495,11.62,2.36419071622013
495,11.6275,1.52956276315914
495,11.635,0.633919860970583
495,11.6425,0.888909011449827
495,11.65,0.399052244251958
495,11.6575,-0.83185628863375
495,11.665,-2.05298876592999
495,11.6725,-3.02690609280241
495,11.68,2.00537310075835
495,11.6875,0.602772954233625
495,11.695,-0.120702571487371
495,11.7025,-1.14125426283289
495,11.71,-2.53001703467667
495,11.7175,-3.09427884506521
495,11.725,2.15056177956322
495,11.7325,0.751031788721757
495,11.74,-0.0636921487590915
495,11.7475,-0.766606141920696
495,11.755,-2.18122014669056
495,11.7625,2.94057160798676
495,11.77,2.61214528615255
495,11.7775,1.05827146253814
495,11.785,-0.237949311550514
495,11.7925,-0.299552046941079
495,11.8,-1.89333300338077
495,11.8075,-2.7713398108498
495,11.815,-2.88370593637483
495,11.8225,2.00953245518503
495,11.83,1.27757308271985
495,11.8375,0.18615488589139
495,11.845,-1.33105886379363
495,11.8525,-2.17687457376447
495,11.86,-3.11596812983999
495,11.8675,1.43675070613027
495,11.875,-0.36313333544195
495,11.8825,0.685437970627845
495,11.89,-1.35752325358577
495,11.8975,0.565851598503562
495,11.905,-1.66589113457995
495,11.9125,3.01545410522005
495,11.92,2.71061053360862
495,11.9275,1.71086342234719
495,11.935,0.279956354303067
495,11.9425,-0.733882305481473
495,11.95,-1.26736384753853
495,11.9575,-2.65697620946309
495,11.965,2.47437122432594
495,11.9725,1.60214601373444
495,11.98,0.218470587602103
495,11.9875,-0.985246554759627
495,11.995,-1.90728029289038
495,12.0025,3.12865226622528
495,12.01,2.46600615306035
495,12.0175,1.83372575386258
495,12.025,0.837321351479166
495,12.0325,-0.177281244177231
495,12.04,-0.976699305455479
495,12.0475,-2.14243005862066
495,12.055,2.78753410328499
495,12.0625,1.98583389654961
495,12.07,0.782645205660239
495,12.0775,-0.634488940640682
495,12.085,-0.407559002706241
495,12.0925,-1.79573921070036
495,12.1,-2.82483243750544
495,12.1075,2.71976357607707
495,12.115,1.3592675678083
495,12.1225,0.148730685472153
495,12.13,-0.953795242052531
495,12.1375,-1.95772408651171
495,12.145,-0.992237389295793
495,12.1525,-1.43183206289825
495,12.16,-2.87612330210712
495,12.1675,2.06998385732724
495,12.175,0.968621845112796
495,12.1825,-0.224349833314764
495,12.19,-1.46259793797181
495,12.1975,-2.551795701013
495,12.205,2.84886878165643
495,12.2125,1.84504242571811
495,12.22,0.803995894981756
495,12.2275,-0.0057325207373956
495,12.235,-1.13624475816509
495,12.2425,-2.17996865973777
495,12.25,-3.05707552451045
495,12.2575,2.24570727326841
495,12.265,1.58584100286296
495,12.2725,0.954471292031488
495,12.28,-0.211055056378505
495,12.2875,-1.27940726748258
495,12.295,-2.15889484538829
495,12.3025,2.7880612668758
495,12.31,1.65152970834649
495,12.3175,0.904289977890764
495,12.325,-0.432868598645311
495,12.3325,-1.61158381787508
495,12.34,-1.94827352964336
495,12.3475,-2.93265144030447
495,12.355,2.4727428171552
495,12.3625,2.08833422598233
495,12.37,0.68511546909585
495,12.3775,-0.79958163628682
495,12.385,-1.20255607776864
495,12.3925,-2.3715830105265
495,12.4,2.48087411795739
495,12.4075,2.33500817420784
495,12.415,0.926724244250422
495,12.4225,-0.386087629163976
495,12.43,-0.967078799864945
495,12.4375,-2.18290633003723
495,12.445,3.0441608732609
495,12.4525,2.781955253209
495,12.46,1.65616098320085
495,12.4675,0.513880216020688
495,12.475,-0.0247202456437019
495,12.4825,-1.33589265823575
495,12.49,-2.52131859353362
495,12.4975,-2.88862588082535
495,12.505,2.05148026463398
495,12.5125,0.729215207848462
495,12.52,0.133037991510854
495,12.5275,-1.05372160788634
495,12.535,-2.43104299034776
495,12.5425,3.05350250961397
495,12.55,2.05296990863286
495,12.5575,0.776038804283435
495,12.565,-0.261724513866272
495,12.5725,-1.24736561012428
495,12.58,-2.34014448361434
495,12.5875,3.03847691717362
495,12.595,2.40015487603353
495,12.6025,1.47517416194721
495,12.61,0.756107443322533
495,12.6175,-0.521266299659103
495,12.625,-1.98825918499074
495,12.6325,-2.30880234434162
495,12.64,2.82370784075825
495,12.6475,1.29778702931805
495,12.655,0.856920313191383
495,12.6625,0.205619687460363
495,12.67,-1.16700175674424
495,12.6775,-2.01148616848468
495,12.685,-2.75373593556818
495,12.6925,2.18907623044567
495,12.7,1.05627907315427
495,12.7075,0.273128128740622
495,12.715,-0.663856887829562
495,12.7225,-1.52481932376749
495,12.73,-2.27084542694124
495,12.7375,3.02871374105048
495,12.745,1.90796189424209
495,12.7525,0.678214098054199
495,12.76,-0.653427177039234
495,12.7675,-1.90468848727141
495,12.775,-2.59444106414814
495,12.7825,3.12708933009813
495,12.79,2.59105069110318
495,12.7975,1.58919472941027
495,12.805,0.264377167311669
495,12.8125,-0.91298993819673
495,12.82,-2.10411389864446
495,12.8275,2.94133547864854
495,12.835,1.82900112364251
495,12.8425,0.836305150882666
495,12.85,0.139894438874104
495,12.8575,0.0152297207150287
495,12.865,-0.710324028118161
495,12.8725,-1.96589306841696
495,12.88,3.08726707173425
495,12.8875,2.12264450002272
495,12.895,1.06527043131212
495,12.9025,-0.239848372593128
495,12.91,-1.36836663821919
495,12.9175,-2.05207446799437
495,12.925,3.07230660045192
495,12.9325,1.77479731557192
495,12.94,1.1617005085174
495,12.9475,-0.0100696737719743
495,12.955,-1.27551390238628
495,12.9625,-1.44648687429593
495,12.97,-2.48657878503357
495,12.9775,2.77079604037244
495,12.985,1.73416479342054
495,12.9925,0.533178023269953
495,13,-0.642762482148321
495,13.0075,-1.41647606201424
495,13.015,-2.68094227569419
495,13.0225,2.35907451493296
495,13.03,1.78658327311024
495,13.0375,0.43278721159356
495,13.045,-0.801100556392611
495,13.0525,-0.817909914420667
495,13.06,-2.04608087806852
495,13.0675,3.08191048278435
495,13.075,2.18104169785346
495,13.0825,0.958177424437889
495,13.09,-0.582985956239045
495,13.0975,-0.564463165001088
495,13.105,-1.53924918698783
495,13.1125,-2.37233133665602
495,13.12,-2.43063136269794
495,13.1275,2.27058074853705
495,13.135,0.988556112720473
495,13.1425,0.30798110908305
495,13.15,-0.621121149846303
495,13.1575,-2.2638967636756
495,13.165,-2.38986049740883
495,13.1725,2.98259540353204
495,13.18,1.35821267003896
495,13.1875,0.580438155013329
495,13.195,-0.540366721542145
495,13.2025,-1.86078935514742
495,13.21,-2.59703374213019
495,13.2175,2.4830042240484
495,13.225,1.86526323911838
495,13.2325,1.49139680908705
495,13.24,0.0591909896692209
495,13.2475,-1.10126999810338
495,13.255,-1.76291398365287
495,13.2625,-3.05549990862737
495,13.27,1.67686637979058
495,13.2775,0.886590735645904
495,13.285,0.101939633455683
495,13.2925,-1.59790666740202
495,13.3,-2.87257790490356
495,13.3075,-2.98889309346758
495,13.315,2.7213388462953
495,13.3225,2.14251390230786
495,13.33,0.53724307011045
495,13.3375,-0.652104450354174
495,13.345,-1.71731520658364
495,13.3525,2.93012891969588
495,13.36,1.01995927741646
495,13.3675,-1.92757813561415
495,13.375,2.56971139476465
495,13.3825,0.986310318350325
495,13.39,0.111252711654969
495,13.3975,-1.14104453223008
495,13.405,-2.7551224725453
495,13.4125,-2.80626213174519
495,13.42,2.70806871339176
495,13.4275,1.37901463777259
495,13.435,-0.0482095764783818
495,13.4425,-1.08094321866754
495,13.45,-1.5618065322895
495,13.4575,-2.8412336288408
495,13.465,2.33887243910634
495,13.4725,2.19701940483961
495,13.48,0.906257210476517
495,13.4875,-0.127449902143274
495,13.495,-1.04488017036426
495,13.5025,-2.50359479440269
495,13.51,2.58217661828022
495,13.5175,1.43658578689574
495,13.525,-0.0504262609686365
495,13.5325,-0.906704463856249
495,13.54,-1.79564771312686
495,13.5475,2.82305354749392
495,13.555,1.61459101694681
495,13.5625,2.2275040426294
495,13.57,0.644290704091083
495,13.5775,-0.0842735415070078
495,13.585,-0.616451343096131
495,13.5925,-2.23079020144221
495,13.6,2.28172789897935
495,13.6075,-2.67222243252429
495,13.615,2.19208670280445
495,13.6225,1.55636492538362
495,13.63,0.16547834405064
495,13.6375,-1.31697100534217
495,13.645,-2.34873981409881
495,13.6525,2.61868861318876
495,13.66,0.992784689298215
495,13.6675,-0.226972445017864
495,13.675,-0.505418035490705
495,13.6825,-1.62142098514851
495,13.69,-1.17620748572454
495,13.6975,-2.10173919996622
495,13.705,2.42186807222286
495,13.7125,0.651100802399934
495,13.72,1.57183631502553
495,13.7275,-0.346862612155337
495,13.735,-0.119062868571912
495,13.7425,-1.43466719079466
495,13.75,-2.967200588715
495,13.7575,2.35040694701688
495,13.765,1.09966452568078
495,13.7725,-0.326330113999476
495,13.78,-1.66952300678159
495,13.7875,-2.78775253702682
495,13.795,2.16848151070307
495,13.8025,0.306586011968459
495,13.81,-2.90517361405321
495,13.8175,0.202663588912596
495,13.825,1.27332780117799
495,13.8325,-0.69912921790161
495,13.84,-2.58930005799252
495,13.8475,2.69718288099868
495,13.855,1.9278257331229
495,13.8625,0.320759863198262
495,13.87,-0.944294456037405
495,13.8775,-1.28485178452554
495,13.885,-2.56675957819799
495,13.8925,2.46790190090771
495,13.9,1.45514478378745
495,13.9075,0.211940548185389
495,13.915,-1.11284947812467
495,13.9225,-2.30623591166399
495,13.93,2.72487708521083
495,13.9375,1.19775495001476
495,13.945,-0.490322444573372
495,13.9525,-2.43735875091235
495,13.96,2.16853201221009
495,13.9675,0.230317212992424
495,13.975,-1.70649530247357
495,13.9825,-3.13624243007227
495,13.99,-3.01509015315067
495,13.9975,1.59727466492936
495,14.005,0.483808863848341
495,14.0125,-0.113834499378555
495,14.02,-1.63721645711565
495,14.0275,3.05310581263419
495,14.035,1.84552243827925
495,14.0425,0.760271188454084
495,14.05,-0.934035707921238
495,14.0575,-3.00218030779502
495,14.065,1.35779609385473
495,14.0725,-0.266928289111735
495,14.08,-1.81082095159735
495,14.0875,2.97984555438102
495,14.095,1.73176044140416
495,14.1025,0.503538207335155
495,14.11,-0.884355003724238
495,14.1175,-2.03810476179966
495,14.125,3.13728479008706
495,14.1325,1.84387050397113
495,14.14,0.989656339935968
495,14.1475,-0.210760358307577
495,14.155,-1.53436584297999
495,14.1625,-2.45808787985079
495,14.17,2.39717715229893
495,14.1775,0.830270075207523
495,14.185,-0.285842285444378
495,14.1925,-1.78123084862045
495,14.2,2.13048942595278
495,14.2075,-0.0647335865142067
495,14.215,-1.71190194266429
495,14.2225,2.99629634072819
495,14.23,1.62966506086504
495,14.2375,0.375605979224871
495,14.245,-1.04452657566797
495,14.2525,-2.15846723229635
495,14.26,-2.93692531164464
495,14.2675,1.92735204444873
495,14.275,1.09283837384233
495,14.2825,0.36994001565892
495,14.29,-1.10453945868048
495,14.2975,-2.40561656246577
495,14.305,2.96185761822882
495,14.3125,1.51622146179302
495,14.32,-0.231061110061756
495,14.3275,-1.68285268405882
495,14.335,-2.69170177463287
495,14.3425,1.80213375572419
495,14.35,-0.107326928054949
495,14.3575,-1.57353375424138
495,14.365,-2.57423716297962
495,14.3725,2.04360176955844
495,14.38,0.368575675252902
495,14.3875,-0.234075243561405
495,14.395,-1.67321345376825
495,14.4025,2.42441740952898
495,14.41,-1.93083825610582
495,14.4175,2.16092876007118
495,14.425,0.473137495757113
495,14.4325,0.295803575197862
495,14.44,-1.6013296564303
495,14.4475,2.35540887373142
495,14.455,-0.152379270658838
495,14.4625,-2.08816274128627
495,14.47,2.67671955668152
495,14.4775,1.37746240294452
495,14.485,-0.0189450435903732
495,14.4925,-1.69961021145296
495,14.5,2.97240158957278
495,14.5075,1.70506629885568
495,14.515,0.157620205738333
495,14.5225,-1.6334485346325
495,14.53,3.11614411910666
495,14.5375,2.18768827533829
495,14.545,-0.277958638144959
495,14.5525,2.97993423585539
495,14.56,0.7463319672062
495,14.5675,-1.06282416756025
495,14.575,-2.0183257864639
495,14.5825,2.92703043881213
495,14.59,1.24497521954445
495,14.5975,-0.437135587226098
495,14.605,-1.93564075912277
495,14.6125,3.06678257180559
495,14.62,1.17167987420666
495,14.6275,-1.07244934917016
495,14.635,-3.00785710925981
495,14.6425,1.91559299983764
495,14.65,0.458120767002056
495,14.6575,-1.02902444867242
495,14.665,-2.33871054943728
495,14.6725,2.66006240934998
495,14.68,1.47723432491171
495,14.6875,0.545468596014969
495,14.695,-0.315731840193537
495,14.7025,-1.09885511787581
495,14.71,-2.28715501450642
495,14.7175,2.79812686114028
495,14.725,1.55324722958136
495,14.7325,0.0422352272704953
495,14.74,-1.55019710223987
495,14.7475,-3.04238559302702
495,14.755,1.68679320670017
495,14.7625,-0.301223342499067
495,14.77,-2.26521041696795
495,14.7775,2.42350652483719
495,14.785,1.0751479419613
495,14.7925,-0.345281291948417
495,14.8,-1.80800009269792
495,14.8075,3.10266971080543
495,14.815,1.76572132577085
495,14.8225,2.621478626781
495,14.83,1.3291863917839
495,14.8375,0.0661482568497925
495,14.845,-0.61669645005455
495,14.8525,-2.24680176093371
495,14.86,2.17833631485086
495,14.8675,-2.03753283998704
495,14.875,-2.82045220484646
495,14.8825,2.76028632076295
495,14.89,1.26097947485509
495,14.8975,-0.263835514086548
495,14.905,-1.44899064760299
495,14.9125,-2.67892686841472
495,14.92,2.12668734829374
495,14.9275,0.879842653024925
495,14.935,0.0167243548996033
495,14.9425,-1.16964972838769
495,14.95,-1.93076302177613
495,14.9575,-2.56335020120597
495,14.965,2.56556937320656
495,14.9725,1.40287204425238
495,14.98,0.239626390689487
495,14.9875,-1.02154045420971
495,14.995,-2.46092025634205
495,15.0025,2.5522332601982
495,15.01,2.26924743171233
495,15.0175,1.61989363267876
495,15.025,1.07503067573228
495,15.0325,-0.229185969747495
495,15.04,-1.61686645399985
495,15.0475,-2.79967832992738
495,15.055,2.34420477712421
495,15.0625,1.00433173957665
495,15.07,-0.332282247973731
495,15.0775,-1.47064363050231
495,15.085,-2.91941637547232
495,15.0925,0.957240259911604
495,15.1,-1.69106589538413
495,15.1075,2.26992342565313
495,15.115,-2.69753803128088
495,15.1225,1.81942123006984
495,15.13,0.706902523083004
495,15.1375,-0.081035602902926
495,15.145,-1.56898371455776
495,15.1525,-3.0050841373708
495,15.16,2.31554657993836
495,15.1675,1.10382086815193
495,15.175,-0.333150722342384
495,15.1825,-1.50990030021121
495,15.19,-2.69073736765088
495,15.1975,2.17376514694898
495,15.205,-2.62617875420667
495,15.2125,2.36400299652851
495,15.22,1.18885484436162
495,15.2275,0.0791925119760956
495,15.235,-1.15634419872642
495,15.2425,-2.52842348733577
495,15.25,2.71266111008526
495,15.2575,1.80245957345238
495,15.265,0.625327338035302
495,15.2725,0.273970626829463
495,15.28,-0.79995315095433
495,15.2875,-2.130412625225
495,15.295,3.03789233745149
495,15.3025,1.85724317397655
495,15.31,0.548966701216962
495,15.3175,-0.712165934907344
495,15.325,-1.864044861399
495,15.3325,-2.58929148530506
495,15.34,3.01927503906897
495,15.3475,2.08637867489574
495,15.355,1.08573047280313
495,15.3625,-0.214326919460859
495,15.37,-0.643050467056378
495,15.3775,-1.78741792112867
495,15.385,2.40654745362898
495,15.3925,-1.91078096373055
495,15.4,3.03194823725772
495,15.4075,1.9909097013541
495,15.415,0.783869125835159
495,15.4225,-0.416169818016324
495,15.43,-1.77384211107157
495,15.4375,-2.98987912184922
495,15.445,2.50970587283244
495,15.4525,1.1295027230003
495,15.46,-0.0946016104660877
495,15.4675,0.767513226349928
495,15.475,-0.357161854649747
495,15.4825,-1.60425434191525
495,15.49,-2.85500434534684
495,15.4975,2.30098270309509
495,15.505,1.0933310943987
495,15.5125,0.0121185411743369
495,15.52,-0.849624558422358
495,15.5275,-1.58122083042347
495,15.535,-2.42504299431157
495,15.5425,2.72334500461044
495,15.55,1.70250647086989
495,15.5575,0.513674024274029
495,15.565,-0.790614967396376
495,15.5725,-1.92407834413479
495,15.58,-2.83495254259027
495,15.5875,2.76583795433023
495,15.595,2.42811805373013
495,15.6025,1.5572305459203
495,15.61,0.289439215575179
495,15.6175,-0.963988975631165
495,15.625,-2.02541408469283
495,15.6325,-3.10297521425971
495,15.64,1.97340534262904
495,15.6475,1.8905317119927
495,15.655,0.685094282531925
495,15.6625,-0.468193631512716
495,15.67,-1.23999473013742
495,15.6775,-2.74988267649039
495,15.685,1.99001075209519
495,15.6925,1.14489130120375
495,15.7,1.79401739575053
495,15.7075,1.6196898627176
495,15.715,0.254345526148013
495,15.7225,-1.19456488287016
495,15.73,-2.37907678551854
495,15.7375,2.90663708150936
495,15.745,1.61387072928371
495,15.7525,0.378702905684125
495,15.76,-0.471678031497276
495,15.7675,-1.53686804714763
495,15.775,-2.56727192463853
495,15.7825,2.98824965987986
495,15.79,2.1639496729637
495,15.7975,0.848650354258123
495,15.805,-0.341867966592327
495,15.8125,-1.21415600164852
495,15.82,-2.45111039439427
495,15.8275,-2.83913192806445
495,15.835,2.98661697536917
495,15.8425,2.09187067574189
495,15.85,0.952488951642898
495,15.8575,-0.220932848380224
495,15.865,-1.38380367192934
495,15.8725,-2.56450749490757
495,15.88,2.55726238744449
495,15.8875,1.32431355516901
495,15.895,0.239441692083575
495,15.9025,-0.686924362100195
495,15.91,-1.8451781748032
495,15.9175,-2.01322900712255
495,15.925,-2.81515450527431
495,15.9325,2.2859602397606
495,15.94,1.04829117939573
495,15.9475,-0.0874079379376254
495,15.955,-1.14006738278744
495,15.9625,-1.1789533495263
495,15.97,-1.43466453086489
495,15.9775,-2.66047867587949
495,15.985,2.3844142058148
495,15.9925,1.11271320323407
495,16,-0.143407669325001
505,4,1.76863033586681
505,4.0075,0.443432785803773
505,4.015,-0.825345452003673
505,4.0225,-1.7040922628853
505,4.03,-2.73752103810072
505,4.0375,2.68267261373063
505,4.045,1.85148612859877
505,4.0525,0.598002832725742
505,4.06,-0.43617413042579
505,4.0675,-1.4496451688624
505,4.075,-2.60923429168831
505,4.0825,-2.88868902655203
505,4.09,2.56257199324989
505,4.0975,1.3142166428162
505,4.105,0.377996381318556
505,4.1125,-0.869419607709379
505,4.12,-2.26084022645804
505,4.1275,-2.60996336700925
505,4.135,2.75153928674365
505,4.1425,2.00895626225544
505,4.15,1.16829524565918
505,4.1575,0.0321365877642939
505,4.165,-1.08061720751367
505,4.1725,-2.17489219043929
505,4.18,3.0550497561324
505,4.1875,1.91775230189095
505,4.195,0.828089966580693
505,4.2025,-0.0481740827246565
505,4.21,-1.17661555243081
505,4.2175,-2.39942386735409
505,4.225,-3.11048281304513
505,4.2325,2.75721257804786
505,4.24,2.20882489034342
505,4.2475,1.21898733470694
505,4.255,-0.033554725640947
505,4.2625,-1.32832999661135
505,4.27,-2.458257817445
505,4.2775,2.69176074086473
505,4.285,1.58243509533768
505,4.2925,0.613382611326944
505,4.3,-0.435457568681822
505,4.3075,-1.48352058908312
505,4.315,-2.54654085954581
505,4.3225,2.78089447137289
505,4.33,1.89188850770948
505,4.3375,1.15497721388858
505,4.345,0.144901041900786
505,4.3525,-0.332885610754163
505,4.36,-1.42572318056226
505,4.3675,-2.61804102604973
505,4.375,2.73627978344388
505,4.3825,1.62456848899331
505,4.39,0.606228029344112
505,4.3975,-0.149055094094877
505,4.405,-1.06179272247953
505,4.4125,-2.17445686979867
505,4.42,3.09971836615905
505,4.4275,2.09108835333879
505,4.435,1.03874919798226
505,4.4425,0.0438906457768793
505,4.45,-0.900209340645331
505,4.4575,-1.73931525781525
505,4.465,-2.57909420552782
505,4.4725,2.83480031794047
505,4.48,1.91180462165065
505,4.4875,0.952826212791653
505,4.495,-0.149678839509223
505,4.5025,-1.17674116273602
505,4.51,-2.24866083645334
505,4.5175,2.78318328103671
505,4.525,1.67480634105701
505,4.5325,0.618405869209609
505,4.54,-0.509808497862512
505,4.5475,-1.10074868765927
505,4.555,-1.6991907573378
505,4.5625,-2.63967766488656
505,4.57,2.59472863583861
505,4.5775,1.5949384120214
505,4.585,0.639028011522022
505,4.5925,-0.335532525556796
505,4.6,-1.42480939081912
505,4.6075,-2.50089663645607
505,4.615,2.66743513846588
505,4.6225,1.51585943595746
505,4.63,0.588218962194961
505,4.6375,-0.460948086973453
505,4.645,-1.5022079108181
505,4.6525,-2.27363887251635
505,4.66,-2.96586921667036
505,4.6675,2.49232318793575
505,4.675,1.43416250569466
505,4.6825,0.50636355900571
505,4.69,-0.490224061263655
505,4.6975,-1.26128297427784
505,4.705,-2.04958045250184
505,4.7125,-3.11948696468817
505,4.72,1.9822622801874
505,4.7275,0.899917470285715
505,4.735,-0.0236010114838808
505,4.7425,-1.05735661877988
505,4.75,-2.05718084639959
505,4.7575,-3.01126097444392
505,4.765,2.18817713592468
505,4.7725,1.00414763153375
505,4.78,-0.0794755031915868
505,4.7875,-0.932881085446994
505,4.795,-1.90305817667681
505,4.8025,-2.91724469309277
505,4.81,2.6874737981546
505,4.8175,1.78219005764467
505,4.825,0.581877287506314
505,4.8325,-0.655947731001735
505,4.84,-0.486275160557795
505,4.8475,-1.62093683109891
505,4.855,-2.72330189146633
505,4.8625,2.62600039228658
505,4.87,1.2597889132825
505,4.8775,-0.00890191657449944
505,4.885,-0.90547831819543
505,4.8925,-1.82728510951466
505,4.9,-2.83333362957883
505,4.9075,2.5954708363743
505,4.915,1.71363204096977
505,4.9225,0.877264855565844
505,4.93,-0.318761397951633
505,4.9375,-1.46083228165182
505,4.945,-2.07076220880941
505,4.9525,-3.0436980094345
505,4.96,2.72956332535405
505,4.9675,1.74584097338321
505,4.975,0.511882693484233
505,4.9825,-0.566402335242684
505,4.99,-1.29693859196438
505,4.9975,-2.44644082683382
505,5.005,2.66047766485538
505,5.0125,1.58266824403804
505,5.02,0.420528911452092
505,5.0275,-0.728369932306073
505,5.035,-1.61798243343889
505,5.0425,-1.6857966323219
505,5.05,-2.22021902733451
505,5.0575,-2.97950174729335
505,5.065,2.03010860242562
505,5.0725,0.797777477326087
505,5.08,-0.321044088895579
505,5.0875,-1.4001221528488
505,5.095,-2.4485825671653
505,5.1025,2.80091532030689
505,5.11,1.85616355625409
505,5.1175,0.789163764901355
505,5.125,-0.40742787910815
505,5.1325,-1.52630484621577
505,5.14,-2.37639229127787
505,5.1475,3.07680225106683
505,5.155,2.11654167146325
505,5.1625,1.38740825363446
505,5.17,0.590430895662374
505,5.1775,-0.56083686671077
505,5.185,-1.7163984164994
505,5.1925,-2.71225126780265
505,5.2,2.55518223873138
505,5.2075,1.39456710869549
505,5.215,0.379744708906553
505,5.2225,-0.588405798304475
505,5.23,-1.58433485220664
505,5.2375,-2.5988953100752
505,5.245,2.80707052265183
505,5.2525,1.95708605264267
505,5.26,0.81384383450023
505,5.2675,-0.238604459280018
505,5.275,-1.13777778748008
505,5.2825,-2.1647110239569
505,5.29,-3.11404897777789
505,5.2975,2.54032650815527
505,5.305,1.61474952579851
505,5.3125,0.48800190051468
505,5.32,-0.575502352660126
505,5.3275,-1.63022625623194
505,5.335,-2.58073805331396
505,5.3425,2.77310465411402
505,5.35,1.76812756570025
505,5.3575,0.733969112347955
505,5.365,-0.394876220026867
505,5.3725,-1.43957078808592
505,5.38,-2.57332136879337
505,5.3875,2.49898766884105
505,5.395,1.7260921107703
505,5.4025,1.28643820836647
505,5.41,0.464897659756759
505,5.4175,-0.552479701507524
505,5.425,-1.41490097459989
505,5.4325,-2.67175016521618
505,5.44,2.41618365345081
505,5.4475,1.44373934666791
505,5.455,0.271412517337766
505,5.4625,-1.00635489687139
505,5.47,-2.03053859630859
505,5.4775,-2.83200123845888
505,5.485,2.3853515747741
505,5.4925,1.43396801007328
505,5.5,0.489811127416498
505,5.5075,-0.667808111106997
505,5.515,-1.86623030504973
505,5.5225,-2.95515918636372
505,5.53,2.27313050826618
505,5.5375,1.13875845268242
505,5.545,-0.00588891462426157
505,5.5525,0.348745005294783
505,5.56,-0.665623345177595
505,5.5675,-1.23989156078696
505,5.575,-2.50300655126488
505,5.5825,2.2774841462212
505,5.59,0.979848962288785
505,5.5975,0.481339134153278
505,5.605,-0.221604376469415
505,5.6125,-1.51817041861774
505,5.62,-2.28377798575068
505,5.6275,-2.73629361120099
505,5.635,2.51173670951477
505,5.6425,1.41311916790311
505,5.65,0.752131305531798
505,5.6575,-0.491592766032975
505,5.665,-1.78310705329071
505,5.6725,-2.57765444919288
505,5.68,2.7265660999995
505,5.6875,1.45622414743864
505,5.695,0.32660600259145
505,5.7025,-0.367461098537893
505,5.71,-1.60620267867014
505,5.7175,-3.0352334886558
505,5.725,1.98408747994577
505,5.7325,1.10922017550601
505,5.74,0.249057550029507
505,5.7475,-0.0153147888624459
505,5.755,-0.78794286262257
505,5.7625,-2.12103060962047
505,5.77,2.73453367784691
505,5.7775,1.40284156696099
505,5.785,0.243586925490265
505,5.7925,1.5725068643646
505,5.8,0.455224390366274
505,5.8075,-0.757775249999072
505,5.815,-1.73146489860953
505,5.8225,3.07302458131776
505,5.83,1.32564473164088
505,5.8375,0.33601422759924
505,5.845,0.782521565697437
505,5.8525,-0.170403407949434
505,5.86,-1.22847966099095
505,5.8675,-2.30808719063315
505,5.875,2.62209158918357
505,5.8825,0.993757329136081
505,5.89,-0.481939457208635
505,5.8975,-1.96784452774045
505,5.905,1.58948788584776
505,5.9125,-0.502889906305041
505,5.92,-1.76425975627893
505,5.9275,-2.89903914150393
505,5.935,1.87224720182786
505,5.9425,0.497270002351705
505,5.95,-0.638977298650633
505,5.9575,-1.77754931535557
505,5.965,3.0875913113568
505,5.9725,2.79317603540541
505,5.98,2.62059151162493
505,5.9875,1.21074138364468
505,5.995,-0.068063702825472
505,6.0025,-1.34999498362709
505,6.01,-2.73598912922095
505,6.0175,2.04717433909472
505,6.025,-1.20461001898585
505,6.0325,2.90138573730884
505,6.04,1.45613188247441
505,6.0475,-0.0107576055164179
505,6.055,-1.62318135350902
505,6.0625,-2.75238590087281
505,6.07,2.46139645815631
505,6.0775,0.886278070729654
505,6.085,-0.438800304265401
505,6.0925,-2.38519542697275
505,6.1,1.78888180394689
505,6.1075,0.835306537376845
505,6.115,-0.822861434184658
505,6.1225,-2.3921210513998
505,6.13,2.96718468328979
505,6.1375,1.79191223659367
505,6.145,0.752422637774103
505,6.1525,-0.452278736510868
505,6.16,-1.8967534038633
505,6.1675,-3.12769470589331
505,6.175,2.91459051714119
505,6.1825,1.47540130679296
505,6.19,-0.132393600369663
505,6.1975,-0.693409908755922
505,6.205,-1.79534701741412
505,6.2125,2.64135830006137
505,6.22,-0.881923141194069
505,6.2275,-2.97856805924932
505,6.235,1.6924519056814
505,6.2425,0.221140225848762
505,6.25,-0.89422657675472
505,6.2575,-2.20007334219263
505,6.265,2.63848991367643
505,6.2725,1.32613137536149
505,6.28,2.17688480070875
505,6.2875,0.921918060659054
505,6.295,-0.510797874218436
505,6.3025,-1.81169606766802
505,6.31,-3.09137643158674
505,6.3175,1.65312605907688
505,6.325,0.00139595518597241
505,6.3325,-1.62074696850863
505,6.34,1.55547151263345
505,6.3475,-0.57271218765765
505,6.355,-1.81993968159341
505,6.3625,-3.0622342795796
505,6.37,1.90781646349775
505,6.3775,0.745145982126152
505,6.385,-0.418663416167747
505,6.3925,-1.48825193403637
505,6.4,-2.54165509102507
505,6.4075,2.82604297146786
505,6.415,1.54758371681053
505,6.4225,-0.124492873289751
505,6.43,-1.82707880592744
505,6.4375,2.96586299499602
505,6.445,1.37722698936866
505,6.4525,-0.306229902957667
505,6.46,-1.88628791711672
505,6.4675,3.12345328140417
505,6.475,2.0072861692542
505,6.4825,0.692574016202813
505,6.49,-0.675051324458801
505,6.4975,-1.96567429772177
505,6.505,-2.99620487552253
505,6.5125,2.05353555790876
505,6.52,0.578594720552213
505,6.5275,-0.623283542512472
505,6.535,-1.28159395278049
505,6.5425,-2.08413195229923
505,6.55,-2.09391783875722
505,6.5575,2.58920755676022
505,6.565,1.27089324819964
505,6.5725,0.579065586690416
505,6.58,-0.663835021139458
505,6.5875,-1.76467857139247
505,6.595,-1.4730730665565
505,6.6025,3.10072022523826
505,6.61,1.74149888496074
505,6.6175,0.898261868491766
505,6.625,-0.767873524025198
505,6.6325,-2.63931639613236
505,6.64,2.3272527962228
505,6.6475,1.08666853345012
505,6.655,-0.798204752648385
505,6.6625,-2.66540735179826
505,6.67,2.15810264704937
505,6.6775,0.939469574596769
505,6.685,-0.655226221490182
505,6.6925,-2.37937544652075
505,6.7,-0.622304258084489
505,6.7075,-2.36153273247965
505,6.715,2.52083156267995
505,6.7225,1.4326708493124
505,6.73,0.227185425044836
505,6.7375,-1.31923461941252
505,6.745,-2.72080273966402
505,6.7525,2.51128504605757
505,6.76,1.02119373696338
505,6.7675,-0.802508909141665
505,6.775,2.33449125636314
505,6.7825,0.396498391192752
505,6.79,-0.76641856325505
505,6.7975,-2.18914729417078
505,6.805,2.51407757059554
505,6.8125,1.64538663629483
505,6.82,0.73124231365468
505,6.8275,-0.845062026111091
505,6.835,-2.07045336695846
505,6.8425,-2.53925685854052
505,6.85,2.10077167670362
505,6.8575,0.371999968643523
505,6.865,-0.299049267306545
505,6.8725,-1.24089695798163
505,6.88,-0.453864832950153
505,6.8875,-1.95895230393483
505,6.895,2.94839290119338
505,6.9025,1.90537448307014
505,6.91,0.604180220399334
505,6.9175,-0.731617434362546
505,6.925,-1.54690328322146
505,6.9325,-2.27043898490486
505,6.94,2.74475231376674
505,6.9475,-1.14391642085739
505,6.955,3.01550984982611
505,6.9625,1.50630876797996
505,6.97,0.278774824949679
505,6.9775,-0.949372290978496
505,6.985,-2.20052159564288
505,6.9925,2.8520642680417
505,7,1.45396111673321
505,7.0075,0.201123156210996
505,7.015,-0.906642908428755
505,7.0225,-2.18123397241197
505,7.03,2.71159025535463
505,7.0375,0.81835820349871
505,7.045,-1.69616833611058
505,7.0525,2.67733261707675
505,7.06,1.47907111819895
505,7.0675,0.224794691207681
505,7.075,-0.833088334985253
505,7.0825,-2.03609108454573
505,7.09,-2.88219333500223
505,7.0975,2.48527437779313
505,7.105,0.957271594550871
505,7.1125,-0.60874991612352
505,7.12,-1.73852407363293
505,7.1275,-2.67118251353614
505,7.135,1.91311204883062
505,7.1425,0.224553294606799
505,7.15,-0.178926869882426
505,7.1575,-2.06420218245827
505,7.165,1.80417426900176
505,7.1725,3.1257501988534
505,7.18,0.553764746192701
505,7.1875,-1.75830812239913
505,7.195,2.45726218111565
505,7.2025,-2.66337679131088
505,7.21,1.64607380700623
505,7.2175,-0.213596636413205
505,7.225,-1.42292461463018
505,7.2325,-2.19876491092175
505,7.24,2.15117925863668
505,7.2475,0.174860267529752
505,7.255,-1.58231178476451
505,7.2625,-2.75655308478365
505,7.27,2.05634433700035
505,7.2775,0.522748110072083
505,7.285,-0.834873665767346
505,7.2925,-1.99521057530717
505,7.3,2.82099656461627
505,7.3075,1.24179155165009
505,7.315,0.430694544741976
505,7.3225,-0.848070076729869
505,7.33,-2.53601129223164
505,7.3375,3.03656541824712
505,7.345,2.29136862829542
505,7.3525,0.596932114505692
505,7.36,-1.36379960436648
505,7.3675,1.28179534752362
505,7.375,-1.96722145066955
505,7.3825,1.57896586904348
505,7.39,-1.59610931700503
505,7.3975,1.93867071117841
505,7.405,-1.70642484940121
505,7.4125,0.535757922188532
505,7.42,-1.32955299579741
505,7.4275,-2.34191195503265
505,7.435,2.4984106486878
505,7.4425,0.541703256403731
505,7.45,-1.4500179166588
505,7.4575,-1.14073058410697
505,7.465,-2.96713106233413
505,7.4725,1.19016994333759
505,7.48,-0.895804049562015
505,7.4875,0.0139605168787238
505,7.495,-1.97528612118517
505,7.5025,2.45312077930956
505,7.51,1.57611415691962
505,7.5175,0.816978577009437
505,7.525,-0.86669183416294
505,7.5325,-2.37112511821816
505,7.54,-3.00869708717677
505,7.5475,2.00308529547845
505,7.555,0.478590947414883
505,7.5625,-0.790697835212897
505,7.57,-1.8012541914313
505,7.5775,-3.07276410986341
505,7.585,1.38301916991921
505,7.5925,-2.35498678944702
505,7.6,2.07893173322148
505,7.6075,0.738578936027114
505,7.615,-0.255116540350668
505,7.6225,-1.41071618407762
505,7.63,-2.66211560620103
505,7.6375,2.39651299072031
505,7.645,1.20462680057345
505,7.6525,0.00227860013693091
505,7.66,-1.32090756951965
505,7.6675,-2.64032738037283
505,7.675,2.5094121198366
505,7.6825,1.50456867101248
505,7.69,0.206242677472485
505,7.6975,-2.75504667688684
505,7.705,1.28559789446092
505,7.7125,-0.149969120086562
505,7.72,-1.29570876149882
505,7.7275,-2.18082782799207
505,7.735,3.11631589943139
505,7.7425,1.82354704878452
505,7.75,1.32014694809428
505,7.7575,0.269477740020587
505,7.765,-1.05401300911569
505,7.7725,-1.99905889844454
505,7.78,-3.10295950919793
505,7.7875,1.86709233551524
505,7.795,0.756787619646774
505,7.8025,-0.315118270124657
505,7.81,-1.52798595516642
505,7.8175,-2.72242867768888
505,7.825,2.55650399192729
505,7.8325,1.58714056851205
505,7.84,0.2392423243152
505,7.8475,-0.505585793659764
505,7.855,-1.18760882820786
505,7.8625,-2.42911187083234
505,7.87,-2.69210371119913
505,7.8775,2.40499452949378
505,7.885,1.31243220425265
505,7.8925,0.222276855962477
505,7.9,-0.979987551608528
505,7.9075,-2.10306228522731
505,7.915,-3.12339282112561
505,7.9225,1.86455739742583
505,7.93,0.34969076770714
505,7.9375,-0.285759820086661
505,7.945,-1.22127621245612
505,7.9525,2.9824552043131
505,7.96,-0.411817778939425
505,7.9675,2.90749694139604
505,7.975,0.315810471414552
505,7.9825,2.38042159937604
505,7.99,0.00126047690961466
505,7.9975,-2.29854416572308
505,8.005,-0.25281714139309
505,8.0125,-2.28349794850856
505,8.02,2.83309709539376
505,8.0275,2.06993833737012
505,8.035,0.633046683424598
505,8.0425,-0.471247481358888
505,8.05,-1.54027125089163
505,8.0575,-2.78341315231626
505,8.065,2.16504698986768
505,8.0725,0.875374202059416
505,8.08,0.224070471481976
505,8.0875,-1.5099785038344
505,8.095,0.793213144422005
505,8.1025,-1.43582013477674
505,8.11,-2.91914208196601
505,8.1175,2.58881979971467
505,8.125,1.44139656188421
505,8.1325,0.0674310388588836
505,8.14,-0.843835348325793
505,8.1475,-1.66654139120357
505,8.155,-3.03393384880823
505,8.1625,2.17712083459977
505,8.17,1.00200040754106
505,8.1775,-0.531438561723295
505,8.185,-1.8750967440707
505,8.1925,-2.58878005244261
505,8.2,1.80513875744376
505,8.2075,-0.819559902262593
505,8.215,2.92332859946827
505,8.2225,1.23223276272774
505,8.23,1.38608758412015
505,8.2375,-0.481546884882738
505,8.245,-2.35770939991577
505,8.2525,-2.18110988703289
505,8.26,3.02146197791742
505,8.2675,1.30905888267443
505,8.275,0.507523320252033
505,8.2825,-0.524079043566954
505,8.29,-2.05381324138874
505,8.2975,2.9709961922812
505,8.305,1.38220488614031
505,8.3125,-0.212347986220805
505,8.32,-1.41696470136875
505,8.3275,-3.03223203959564
505,8.335,1.63853500377492
505,8.3425,0.275729635136359
505,8.35,-1.11774197656238
505,8.3575,-2.61659061538857
505,8.365,2.27823026478014
505,8.3725,1.11326530098716
505,8.38,-0.127620828107237
505,8.3875,-1.55291506409322
505,8.395,-2.68011854005701
505,8.4025,2.93532426382482
505,8.41,1.4188945477689
505,8.4175,-0.148279031588167
505,8.425,-0.559133948870001
505,8.4325,-2.70272781394915
505,8.44,1.24849845655525
505,8.4475,-0.511830646607306
505,8.455,-1.97988237945068
505,8.4625,2.98614364464748
505,8.47,1.57216986124729
505,8.4775,0.0200598020137339
505,8.485,-1.20837507751594
505,8.4925,-2.36204946828406
505,8.5,2.19989666373949
505,8.5075,0.37559955085569
505,8.515,0.0649802477547604
505,8.5225,-1.52699812217877
505,8.53,2.62423381465322
505,8.5375,0.502957608196452
505,8.545,1.43455469606764
505,8.5525,-0.783267629752415
505,8.56,-2.77137507974708
505,8.5675,-2.29617288754749
505,8.575,2.30928273730624
505,8.5825,0.637179850721253
505,8.59,-0.63486134494329
505,8.5975,-1.91221775517161
505,8.605,2.9560122536106
505,8.6125,1.73230513127763
505,8.62,0.752718705566076
505,8.6275,-0.930199797537858
505,8.635,1.65512918789923
505,8.6425,-0.751571133194474
505,8.65,-2.6996190353395
505,8.6575,-2.52376289308953
505,8.665,2.23664151678316
505,8.6725,0.444142479668191
505,8.68,0.677557388742378
505,8.6875,-0.740104525676564
505,8.695,-2.21861610513038
505,8.7025,2.79611138402003
505,8.71,1.71853308228463
505,8.7175,0.562044524535712
505,8.725,-0.996115924881898
505,8.7325,-2.50017690283981
505,8.74,2.7990137628361
505,8.7475,1.57170059843944
505,8.755,-0.0938233440256957
505,8.7625,-2.02067951905138
505,8.77,2.25919722032274
505,8.7775,1.53034278859942
505,8.785,0.0720089971930039
505,8.7925,-1.5269475730319
505,8.8,-2.82094341351962
505,8.8075,2.28810553341603
505,8.815,1.33653163177826
505,8.8225,0.158844771969708
505,8.83,-1.23184786575579
505,8.8375,-2.2861791914466
505,8.845,-3.12809590677429
505,8.8525,1.90477645156753
505,8.86,0.641407918672891
505,8.8675,0.787907518407038
505,8.875,-0.300079639912752
505,8.8825,-0.866874764339038
505,8.89,-1.20828599433953
505,8.8975,-2.45059104956482
505,8.905,2.69134329635608
505,8.9125,1.58242593836893
505,8.92,0.382234180872006
505,8.9275,-0.771329339580366
505,8.935,-1.89076333414856
505,8.9425,-3.04383274828571
505,8.95,2.05617535468549
505,8.9575,1.01099990899578
505,8.965,-0.0588314348860385
505,8.9725,-1.34551819228141
505,8.98,-2.59636934420126
505,8.9875,2.55665747157657
505,8.995,1.00807076777616
505,9.0025,-1.81268783839096
505,9.01,2.2422266503387
505,9.0175,0.852515557824415
505,9.025,-0.426080178125774
505,9.0325,-1.61357664150789
505,9.04,-2.73303669910154
505,9.0475,2.26471122339694
505,9.055,1.04453473070228
505,9.0625,0.182311919115376
505,9.07,-1.02087027222297
505,9.0775,-2.11429454512204
505,9.085,-2.91228900021288
505,9.0925,2.07811856835565
505,9.1,1.10288694058822
505,9.1075,0.449321679063718
505,9.115,-0.682341786819685
505,9.1225,-0.398919382260028
505,9.13,-1.68965321393952
505,9.1375,-2.54571617820108
505,9.145,2.82857079353166
505,9.1525,1.70309684869181
505,9.16,0.70380778577265
505,9.1675,-0.287874675270509
505,9.175,-1.3551939643668
505,9.1825,-2.52950565610046
505,9.19,2.67364562919465
505,9.1975,1.47747393670794
505,9.205,0.285481300068775
505,9.2125,-0.682334369043775
505,9.22,-1.8733096706257
505,9.2275,-2.74868039194826
505,9.235,-3.08896869412189
505,9.2425,2.79896741528826
505,9.25,1.83015309486534
505,9.2575,0.673034274980846
505,9.265,-0.242358238279218
505,9.2725,-1.50879277100528
505,9.28,-2.75912746014793
505,9.2875,2.50592403232994
505,9.295,1.2913933871194
505,9.3025,0.0507857581253123
505,9.31,-1.01573047827633
505,9.3175,-1.7257497466227
505,9.325,-2.4729632754862
505,9.3325,2.95268179858159
505,9.34,2.17007424270084
505,9.3475,1.13003026843922
505,9.355,-0.0122309999919665
505,9.3625,-1.03613328481557
505,9.37,-1.67257056951234
505,9.3775,-2.69361169237452
505,9.385,2.58838986197333
505,9.3925,1.80997011013065
505,9.4,0.696931441316
505,9.4075,-0.568679202886781
505,9.415,-1.52038557533353
505,9.4225,-2.52008888254658
505,9.43,2.44566045097896
505,9.4375,1.43466058284503
505,9.445,0.561453458264943
505,9.4525,-0.420052576040752
505,9.46,-1.32894789918514
505,9.4675,-2.03825472673262
505,9.475,-2.79665528124875
505,9.4825,2.54588885241012
505,9.49,1.99302391727012
505,9.4975,0.944858975956708
505,9.505,-0.205228754121783
505,9.5125,-1.17204359207296
505,9.52,-2.30929014233596
505,9.5275,2.72220961390852
505,9.535,1.55799008290844
505,9.5425,0.432119796027432
505,9.55,-0.649320600193811
505,9.5575,-1.68748212654
505,9.565,-2.53785231989309
505,9.5725,-3.04057442378126
505,9.58,2.23798791240918
505,9.5875,1.42723176573235
505,9.595,0.572763000935999
505,9.6025,-0.580025524208228
505,9.61,-1.64715650365749
505,9.6175,-2.64523638454187
505,9.625,2.60754779303441
505,9.6325,1.59640535025841
505,9.64,0.655950500473364
505,9.6475,-0.25077971463469
505,9.655,-1.25755534158012
505,9.6625,-2.3829589622853
505,9.67,2.8160627147488
505,9.6775,1.72396981720972
505,9.685,0.448284610970718
505,9.6925,-0.728207715123036
505,9.7,-1.62540922785729
505,9.7075,-2.30667531533979
505,9.715,-2.48484419605478
505,9.7225,3.10043381868159
505,9.73,2.00775415926452
505,9.7375,0.834357205936508
505,9.745,-0.212007428035053
505,9.7525,-1.29249355094567
505,9.76,-2.42392071394714
505,9.7675,2.72005656637875
505,9.775,1.7389868036656
505,9.7825,0.737466004428555
505,9.79,-0.486329482449976
505,9.7975,-1.39756919697366
505,9.805,-2.21443905028739
505,9.8125,3.09118148977276
505,9.82,2.35634866908801
505,9.8275,1.41465362748883
505,9.835,0.4548258840358
505,9.8425,-0.564735739591349
505,9.85,-1.62122235293158
505,9.8575,-2.52573489039982
505,9.865,2.66196333935751
505,9.8725,1.47320453825763
505,9.88,0.588259277624873
505,9.8875,-0.410672756669292
505,9.895,-1.6291541242104
505,9.9025,-2.60184789945524
505,9.91,2.74484892202764
505,9.9175,1.59480667645357
505,9.925,0.673513819975992
505,9.9325,-0.206576931635184
505,9.94,-1.24880712505024
505,9.9475,-1.92779618458089
505,9.955,-2.69446687159781
505,9.9625,2.59537176999722
505,9.97,1.89525794744932
505,9.9775,0.734385080114773
505,9.985,-0.326832862864649
505,9.9925,-1.21222529945741
505,10,-2.44462672384238
505,10.0075,2.77320811744382
505,10.015,1.71697957980075
505,10.0225,0.551544259352387
505,10.03,-0.435209393606641
505,10.0375,-1.49156341381189
505,10.045,-2.36667524469502
505,10.0525,3.10450668006663
505,10.06,2.42376204886281
505,10.0675,1.52725601493039
505,10.075,0.658762756539956
505,10.0825,-0.370784351916086
505,10.09,-1.56649591398331
505,10.0975,-2.59094381920379
505,10.105,2.63986802060368
505,10.1125,1.53220962171302
505,10.12,0.488400915132246
505,10.1275,-0.519050031843603
505,10.135,-1.56918488615595
505,10.1425,-2.6551042223012
505,10.15,2.7174419124873
505,10.1575,1.77065090472658
505,10.165,0.64543531146006
505,10.1725,-0.310190590553247
505,10.18,-1.16813547083354
505,10.1875,-2.1861476846163
505,10.195,-2.92381529714937
505,10.2025,2.65212832967269
505,10.21,1.56990298670748
505,10.2175,0.598861369241048
505,10.225,-0.340315582498755
505,10.2325,-1.49196265221434
505,10.24,-2.61225315406237
505,10.2475,2.71281189976892
505,10.255,1.79176194140566
505,10.2625,0.795132323065587
505,10.27,-0.174044946473486
505,10.2775,-1.07091192367032
505,10.285,-2.10619370147396
505,10.2925,3.10212740088822
505,10.3,2.29565021897051
505,10.3075,1.42517649968774
505,10.315,0.378954704662171
505,10.3225,-0.482097437305639
505,10.33,-1.37883657197848
505,10.3375,-2.48006053608232
505,10.345,2.77671365770166
505,10.3525,1.76684431756387
505,10.36,0.613190064847334
505,10.3675,-0.5010493062714
505,10.375,-1.52725792564161
505,10.3825,-2.52172542904307
505,10.39,2.82587020059032
505,10.3975,1.95488917055493
505,10.405,1.23352317582547
505,10.4125,0.273812403130475
505,10.42,-0.745973323386847
505,10.4275,-1.73499898022684
505,10.435,-2.65427583275748
505,10.4425,2.55933466020746
505,10.45,1.54275986796837
505,10.4575,0.642721225664342
505,10.465,-0.496455027496545
505,10.4725,-1.62949207892806
505,10.48,-2.62196784485155
505,10.4875,2.63441926733192
505,10.495,1.54421067860032
505,10.5025,0.618392297893864
505,10.51,-0.233280183557145
505,10.5175,-1.13667229686325
505,10.525,-2.12384104253208
505,10.5325,-3.13218650202126
505,10.54,2.26144389938823
505,10.5475,1.13066074883417
505,10.555,0.0999219872802174
505,10.5625,-0.41320104443938
505,10.57,-1.20765641842246
505,10.5775,-2.10875727697052
505,10.585,-3.0143107756957
505,10.5925,2.24591539432613
505,10.6,1.0814640450791
505,10.6075,-0.123910787224471
505,10.615,-1.17278400152183
505,10.6225,-2.329262838263
505,10.63,2.71588782297993
505,10.6375,1.92158654177002
505,10.645,1.44998928604121
505,10.6525,0.686335813537272
505,10.66,-0.127112993456087
505,10.6675,-1.18722079395033
505,10.675,-2.40282069875191
505,10.6825,2.78819631536056
505,10.69,1.67672100827832
505,10.6975,0.586833401348028
505,10.705,-0.44896825448608
505,10.7125,-1.42573550387598
505,10.72,-2.40223912897913
505,10.7275,2.84506416670441
505,10.735,2.0213169164867
505,10.7425,0.95342147943904
505,10.75,-0.0453750074826633
505,10.7575,-1.0278453797105
505,10.765,-2.11118309908831
505,10.7725,-3.03232848308868
505,10.78,2.16636532581173
505,10.7875,1.21923707301314
505,10.795,0.493603873245842
505,10.8025,-0.426935169320201
505,10.81,-1.12519183827448
505,10.8175,-1.93429221761102
505,10.825,-3.08810933740094
505,10.8325,2.15578212128711
505,10.84,1.12405227905903
505,10.8475,-0.11387979497813
505,10.855,-1.2672635448906
505,10.8625,-2.23623373531781
505,10.87,3.04685631796585
505,10.8775,2.1232513245986
505,10.885,1.57762797659507
505,10.8925,0.986518308161686
505,10.9,0.0420386655424555
505,10.9075,-0.839914177147799
505,10.915,-1.9727042329691
505,10.9225,3.12108371935206
505,10.93,2.0312878175021
505,10.9375,0.943870223160568
505,10.945,-0.097184945333072
505,10.9525,-1.13438425711371
505,10.96,-2.14556599592494
505,10.9675,-3.05203547199701
505,10.975,2.2193043186837
505,10.9825,1.06084355483353
505,10.99,0.203679315937587
505,10.9975,-0.814175995949985
505,11.005,-1.88558468344555
505,11.0125,-2.44326764071124
505,11.02,2.78213467329506
505,11.0275,1.64768117163735
505,11.035,0.729109091105676
505,11.0425,-0.275501623753875
505,11.05,-1.40500424197447
505,11.0575,-2.23223194785031
505,11.065,2.98851104964474
505,11.0725,1.89027554495723
505,11.08,1.18665230240459
505,11.0875,-0.0772831324683842
505,11.095,-1.18275847982033
505,11.1025,-2.00006774270249
505,11.11,3.0214093336041
505,11.1175,2.23295739365735
505,11.125,2.12839070777432
505,11.1325,1.43480434812399
505,11.14,0.840392728891974
505,11.1475,-0.292829926127066
505,11.155,-1.44102970244434
505,11.1625,-2.55275222772976
505,11.17,2.48161439181002
505,11.1775,1.27936585425529
505,11.185,0.182649576050617
505,11.1925,-0.978754368847205
505,11.2,-2.12662880075872
505,11.2075,-3.12426739010735
505,11.215,2.09219070928972
505,11.2225,1.71279752914555
505,11.23,1.07573676612698
505,11.2375,0.260111091076041
505,11.245,-0.820311922990813
505,11.2525,-2.17037807890953
505,11.26,2.99008357142846
505,11.2675,1.98657271903627
505,11.275,0.595326607958507
505,11.2825,-0.351803306238112
505,11.29,-0.448021820667769
505,11.2975,-1.64976943020045
505,11.305,-2.56131193543361
505,11.3125,2.51240653755985
505,11.32,1.43833696273641
505,11.3275,0.494186263397331
505,11.335,-0.847670998904858
505,11.3425,-2.47075155003823
505,11.35,0.676486407018437
505,11.3575,-1.09574132564359
505,11.365,-1.94488198813366
505,11.3725,2.86035242683619
505,11.38,1.40989934568576
505,11.3875,0.42421760132084
505,11.395,-0.752366005536992
505,11.4025,-2.15406243634149
505,11.41,2.91115089229802
505,11.4175,1.89252817505377
505,11.425,0.967909553786787
505,11.4325,-0.0627359877244724
505,11.44,-0.831305700139818
505,11.4475,-1.37851949018657
505,11.455,-2.41698040731001
505,11.4625,2.87730733343691
505,11.47,1.89984381062887
505,11.4775,0.882138903151602
505,11.485,-0.300923530861716
505,11.4925,-1.35368008418469
505,11.5,-2.07090210617922
505,11.5075,3.12913058798715
505,11.515,2.06451213739891
505,11.5225,1.23342704862383
505,11.53,0.0750064082687448
505,11.5375,-1.1350610245021
505,11.545,-2.08362261634385
505,11.5525,-3.11101815938959
505,11.56,2.0862527829665
505,11.5675,1.17658364277557
505,11.575,0.417468341243041
505,11.5825,-0.337609171998363
505,11.59,-1.23578579029957
505,11.5975,-2.12263934610953
505,11.605,-3.09159842570274
505,11.6125,2.08400784306928
505,11.62,1.08473651646387
505,11.6275,0.110726461960484
505,11.635,-0.990219992965932
505,11.6425,-1.96729303502523
505,11.65,-2.9022958274426
505,11.6575,2.33249093296928
505,11.665,1.21801360431614
505,11.6725,0.239128158651448
505,11.68,-0.608661790805908
505,11.6875,-1.6292060518348
505,11.695,-2.37926437574005
505,11.7025,-3.10447219732878
505,11.71,2.05618342890782
505,11.7175,1.04965774164524
505,11.725,0.122101072237367
505,11.7325,-1.05261492338939
505,11.74,-2.11176890030123
505,11.7475,-3.07147309753628
505,11.755,2.09736744462324
505,11.7625,1.09466154633472
505,11.77,0.106515634264769
505,11.7775,-0.978563668183316
505,11.785,-2.02130109398231
505,11.7925,-2.98355511006698
505,11.8,2.33465100552171
505,11.8075,1.30659762969662
505,11.815,0.633140240852264
505,11.8225,-0.396870880834282
505,11.83,-1.412998658356
505,11.8375,-2.25676113672269
505,11.845,2.86183164608436
505,11.8525,1.84786856734041
505,11.86,0.905792615886592
505,11.8675,-0.178894966126686
505,11.875,-1.11852568300061
505,11.8825,-2.1059453621559
505,11.89,3.07874813650278
505,11.8975,2.076135266661
505,11.905,1.15773140044629
505,11.9125,0.0819483364700497
505,11.92,-0.935314470118075
505,11.9275,-1.71133305078838
505,11.935,-2.76644362898663
505,11.9425,2.60916263007143
505,11.95,1.81292050068656
505,11.9575,0.853693813754876
505,11.965,-0.154613848178956
505,11.9725,-1.11523062972717
505,11.98,-2.06051974974846
505,11.9875,3.08958677598485
505,11.995,2.02754873293098
505,12.0025,0.984682602790216
505,12.01,-0.0464014390582695
505,12.0175,-1.03482095501499
505,12.025,-2.0213122274991
505,12.0325,-2.85648513382744
505,12.04,2.50581695446121
505,12.0475,1.49608116429269
505,12.055,0.537237771428347
505,12.0625,-0.354497455033544
505,12.07,-1.34967218692332
505,12.0775,-2.38392465329262
505,12.085,2.93907828160326
505,12.0925,1.87038638046867
505,12.1,0.760629163460538
505,12.1075,-0.229228826676577
505,12.115,-1.30194386356045
505,12.1225,-2.37996480911564
505,12.13,3.0717190361081
505,12.1375,2.09836783739028
505,12.145,1.08459563155828
505,12.1525,0.215094340291735
505,12.16,-0.805737363711037
505,12.1675,-1.90702106620254
505,12.175,-2.93453005546444
505,12.1825,2.44035848924479
505,12.19,1.42654659572328
505,12.1975,0.339382814756812
505,12.205,-0.305608837269044
505,12.2125,-1.12380702463348
505,12.22,-2.21297889604147
505,12.2275,-3.11716866890306
505,12.235,2.17945969973726
505,12.2425,0.940933939046087
505,12.25,-0.191821088621762
505,12.2575,-1.11154227157192
505,12.265,-2.16195912462719
505,12.2725,-3.14089591975565
505,12.28,2.30975498173088
505,12.2875,1.59721923498676
505,12.295,0.641494745073479
505,12.3025,-0.358617763989954
505,12.31,-1.30544103210758
505,12.3175,-2.40663896270204
505,12.325,2.80181787428157
505,12.3325,1.74442587314614
505,12.34,0.812341170802612
505,12.3475,-0.105808129739357
505,12.355,-1.12424037457227
505,12.3625,-2.12909727244676
505,12.37,-3.05276130463851
505,12.3775,2.18855510206557
505,12.385,1.0750058487171
505,12.3925,0.220236737433776
505,12.4,-0.85247512456939
505,12.4075,-2.01660726935763
505,12.415,-2.95637866970061
505,12.4225,2.27952016104457
505,12.43,1.22332649332313
505,12.4375,0.443007984785155
505,12.445,-0.493488251724731
505,12.4525,-1.51694196850083
505,12.46,-2.17121766525784
505,12.4675,3.05254686381488
505,12.475,2.0310638429643
505,12.4825,1.18495604318631
505,12.49,0.0142310886030025
505,12.4975,-1.11931581151897
505,12.505,-2.13908931449294
505,12.5125,3.05025872789238
505,12.52,1.99860953906268
505,12.5275,1.21729645238328
505,12.535,0.41991554849917
505,12.5425,-0.321436851517959
505,12.55,-1.15213444280551
505,12.5575,-2.3800909659925
505,12.565,2.80890543072632
505,12.5725,1.95424826000783
505,12.58,0.902495859924335
505,12.5875,-0.138544482342027
505,12.595,-0.942588146738281
505,12.6025,-2.01271059656459
505,12.61,3.08110115780779
505,12.6175,2.21164819181388
505,12.625,1.15444671379661
505,12.6325,-0.0327634514938626
505,12.64,-1.00651796982702
505,12.6475,-2.05069252623576
505,12.655,-3.06080285579174
505,12.6625,2.42035831811015
505,12.67,1.48550418910778
505,12.6775,0.410949690453685
505,12.685,-0.474953624677185
505,12.6925,-1.43138445971277
505,12.7,-2.6061737822154
505,12.7075,2.78149545238847
505,12.715,1.69227835542063
505,12.7225,0.650158845970708
505,12.73,-0.11053058391822
505,12.7375,-1.14851422933066
505,12.745,-2.13794401413719
505,12.7525,2.99388178561302
505,12.76,1.90836577768282
505,12.7675,0.98074154198674
505,12.775,-0.0380254319685038
505,12.7825,-0.941177557011179
505,12.79,-1.82949460108344
505,12.7975,-2.56842475558852
505,12.805,2.88374090414568
505,12.8125,1.70280189009036
505,12.82,0.620935005172783
505,12.8275,-0.424416797436378
505,12.835,-1.49995462014622
505,12.8425,-2.47369343253894
505,12.85,2.79433457474892
505,12.8575,1.97728894433715
505,12.865,0.893168996709493
505,12.8725,-0.212181147832942
505,12.88,-1.16478360849969
505,12.8875,-2.27747455648029
505,12.895,2.90321264091377
505,12.9025,1.83572119153057
505,12.91,1.23638289268911
505,12.9175,0.658905181866163
505,12.925,-0.312793591154394
505,12.9325,-1.4991580764625
505,12.94,-2.53996207758535
505,12.9475,2.8547318986503
505,12.955,1.51788804192066
505,12.9625,0.334447291644274
505,12.97,-0.216725935695995
505,12.9775,-1.42139167823434
505,12.985,-2.44072830043409
505,12.9925,-2.88963462481125
505,13,2.24835980941071
505,13.0075,0.984945520924447
505,13.015,0.0981958800555389
505,13.0225,-0.884126437578339
505,13.03,-1.92226527804086
505,13.0375,-2.87308509781447
505,13.045,2.28691943290514
505,13.0525,1.39231253104897
505,13.06,0.330089684419122
505,13.0675,-0.93154071448759
505,13.075,-1.95026213642336
505,13.0825,-2.73262907728249
505,13.09,2.40376363350434
505,13.0975,1.45464045329913
505,13.105,1.02056617355437
505,13.1125,-0.196889143985555
505,13.12,-1.43448874830522
505,13.1275,-2.48299168206636
505,13.135,2.60106932616268
505,13.1425,1.17609113890646
505,13.15,-0.219558339527418
505,13.1575,0.414028298943015
505,13.165,-0.0905566218524689
505,13.1725,-0.83389819131291
505,13.18,-2.16251651223156
505,13.1875,2.88764217583247
505,13.195,1.6985872450344
505,13.2025,0.617528255057879
505,13.21,-0.403481369447614
505,13.2175,-1.48601480303726
505,13.225,-1.69272871296865
505,13.2325,-2.77087541907186
505,13.24,2.80313759887173
505,13.2475,1.52830897986098
505,13.255,0.291590024557266
505,13.2625,-0.730235102339521
505,13.27,-2.2110015638507
505,13.2775,2.55386221476964
505,13.285,1.33296061853883
505,13.2925,0.820499939810355
505,13.3,0.463229621176405
505,13.3075,0.280205689433698
505,13.315,-1.15411419071286
505,13.3225,-2.85191074032122
505,13.33,2.71543479052033
505,13.3375,1.77606991398948
505,13.345,0.228074466792245
505,13.3525,-0.906142744099483
505,13.36,-2.20424040568501
505,13.3675,3.07073090401183
505,13.375,1.82863328946399
505,13.3825,0.112149342682404
505,13.39,-0.99319408397867
505,13.3975,-2.16053410916029
505,13.405,2.33157493315208
505,13.4125,1.17989221916731
505,13.42,0.218987066148033
505,13.4275,-1.3777603087977
505,13.435,-2.70112581104687
505,13.4425,1.73591299570018
505,13.45,-1.15479359213868
505,13.4575,-3.0944756971429
505,13.465,1.70767706869859
505,13.4725,0.165485841150694
505,13.48,-1.45039781633858
505,13.4875,-2.89263541038834
505,13.495,2.43779403632085
505,13.5025,0.952549319291361
505,13.51,2.80576840419065
505,13.5175,0.978319288492558
505,13.525,-0.183880695957186
505,13.5325,-1.3480646599213
505,13.54,-2.80460880470405
505,13.5475,2.24663414271625
505,13.555,1.2790579762805
505,13.5625,-0.178568092450922
505,13.57,-1.95715476148985
505,13.5775,2.483750399305
505,13.585,-2.85048712883802
505,13.5925,-1.1640232087287
505,13.6,-2.99488888366647
505,13.6075,1.86484956878791
505,13.615,0.814599506979216
505,13.6225,-0.427800215502682
505,13.63,-1.5455275886356
505,13.6375,-2.67506395076169
505,13.645,2.48809559254778
505,13.6525,1.46317186911288
505,13.66,0.388575058180677
505,13.6675,-0.669201523770997
505,13.675,-2.03995349495276
505,13.6825,2.95924045355832
505,13.69,2.12656210612866
505,13.6975,1.49139038711133
505,13.705,0.956513306119765
505,13.7125,0.0437771281767893
505,13.72,-0.636682475504728
505,13.7275,-2.1930697184828
505,13.735,2.64636477467387
505,13.7425,2.27295368348916
505,13.75,0.797187538473139
505,13.7575,-0.904508220453001
505,13.765,0.327853098060607
505,13.7725,-1.36520307130985
505,13.78,-2.44027394376818
505,13.7875,2.97206737051248
505,13.795,1.45519523623936
505,13.8025,0.357235737114716
505,13.81,-0.646701879214874
505,13.8175,-2.26441459683843
505,13.825,-2.87133501994976
505,13.8325,2.93766597133693
505,13.84,1.52242389993511
505,13.8475,1.30023379501924
505,13.855,0.0695264288712421
505,13.8625,-1.40848101379422
505,13.87,-2.48811044427746
505,13.8775,2.83475033905329
505,13.885,1.58340521025933
505,13.8925,0.668890249064508
505,13.9,-0.0274942434412156
505,13.9075,-1.01226166110773
505,13.915,-2.30582973061026
505,13.9225,2.54472740298332
505,13.93,1.17891050115533
505,13.9375,-0.173319842289952
505,13.945,-1.74152251367747
505,13.9525,2.68083454069145
505,13.96,0.792005532380427
505,13.9675,-0.916385714689773
505,13.975,-2.36740032535123
505,13.9825,2.56355942134312
505,13.99,1.22193713975532
505,13.9975,-0.0537186223761405
505,14.005,-1.22045711930703
505,14.0125,-2.04962583304691
505,14.02,-2.92481425796739
505,14.0275,2.13929271652515
505,14.035,1.15786779098539
505,14.0425,0.193081274727719
505,14.05,-0.94615461462775
505,14.0575,-2.11838823747966
505,14.065,-3.02819903914204
505,14.0725,2.7546514731965
505,14.08,1.40219659497198
505,14.0875,0.93283811092919
505,14.095,-0.0860203559649688
505,14.1025,-1.29866726644853
505,14.11,-2.1364057155313
505,14.1175,2.83525656501578
505,14.125,1.72258984101199
505,14.1325,0.751084728924946
505,14.14,-0.494959485971774
505,14.1475,-1.60139772902773
505,14.155,-2.73594048315139
505,14.1625,2.44877101912658
505,14.17,1.20682016389172
505,14.1775,-0.201911122416816
505,14.185,-1.49185889908702
505,14.1925,-2.82749862058644
505,14.2,1.86747039520165
505,14.2075,0.231794251006591
505,14.215,-1.52842074672711
505,14.2225,3.04222363314812
505,14.23,1.59403981529229
505,14.2375,0.105466087355751
505,14.245,-1.46101797533445
505,14.2525,-2.88667438422735
505,14.26,2.01417498279872
505,14.2675,0.575589256401289
505,14.275,-0.0124934026388102
505,14.2825,-1.36170832139483
505,14.29,1.78666691730847
505,14.2975,-1.91756302080659
505,14.305,2.64438782757162
505,14.3125,1.95377110397684
505,14.32,0.872448666266158
505,14.3275,1.07338262070472
505,14.335,0.745828661515009
505,14.3425,-0.58240040416562
505,14.35,-2.01912400242968
505,14.3575,3.03737380096678
505,14.365,1.58136879316803
505,14.3725,0.208692701700584
505,14.38,-0.688291227651678
505,14.3875,-2.13876297358893
505,14.395,2.64710693548966
505,14.4025,2.55025903930135
505,14.41,1.89200849013792
505,14.4175,0.962076573285151
505,14.425,-0.163946856186012
505,14.4325,-1.52573227716207
505,14.44,3.13358403846072
505,14.4475,1.57358150444434
505,14.455,0.43943880800009
505,14.4625,-2.98899641379164
505,14.47,1.56276046456485
505,14.4775,0.108433645997962
505,14.485,-1.34935839687713
505,14.4925,-2.79161695333276
505,14.5,2.14198891932956
505,14.5075,0.817875702561057
505,14.515,-0.450585559413054
505,14.5225,-1.93573344220673
505,14.53,2.72326258210936
505,14.5375,1.3814371293828
505,14.545,-0.13503891935665
505,14.5525,-1.95425874934476
505,14.56,2.79564372640284
505,14.5675,1.20587123156213
505,14.575,-0.245969912297011
505,14.5825,-1.00502688275408
505,14.59,-2.28751602711193
505,14.5975,2.57577329680607
505,14.605,1.96716757589894
505,14.6125,0.939661344427611
505,14.62,-0.442277763133764
505,14.6275,-1.76561677230775
505,14.635,-2.79806062530396
505,14.6425,2.71258588556934
505,14.65,1.64618000503915
505,14.6575,1.39231997329411
505,14.665,0.104000919041095
505,14.6725,-0.915449241098018
505,14.68,-1.92044031399939
505,14.6875,2.61731034610464
505,14.695,1.05878088626225
505,14.7025,-3.12948559059967
505,14.71,2.50081880318981
505,14.7175,0.740591080985821
505,14.725,-0.833892518452481
505,14.7325,-2.15479957294723
505,14.74,2.72365417390122
505,14.7475,1.31866565223685
505,14.755,0.00699908434914371
505,14.7625,-1.36601831526185
505,14.77,-2.81856581996535
505,14.7775,1.93795989292704
505,14.785,0.444805854654536
505,14.7925,-0.789960961849175
505,14.8,-2.22923061099853
505,14.8075,1.46370250840002
505,14.815,-2.38927876193472
505,14.8225,2.19849182786107
505,14.83,0.739913099786887
505,14.8375,-0.721271422982964
505,14.845,-2.22725324555983
505,14.8525,2.56052914605246
505,14.86,1.00796522696094
505,14.8675,-0.534445515253888
505,14.875,-2.15549096025688
505,14.8825,2.26163362815992
505,14.89,0.480842789219541
505,14.8975,-0.840223903054416
505,14.905,-2.56496432100996
505,14.9125,1.95798160962412
505,14.92,0.585834675377115
505,14.9275,-0.577261083307511
505,14.935,-0.77883776528301
505,14.9425,-2.24798065149297
505,14.95,2.50273415927637
505,14.9575,1.68469977588374
505,14.965,0.211122626624796
505,14.9725,-1.26170578217559
505,14.98,-2.45446723139834
505,14.9875,2.30086724744813
505,14.995,0.952200685111089
505,15.0025,-0.139263124688955
505,15.01,-1.83503801334966
505,15.0175,2.73816159497322
505,15.025,1.46761206611014
505,15.0325,0.289212581253296
505,15.04,-1.25111895819703
505,15.0475,-2.77451172803323
505,15.055,2.34071840795708
505,15.0625,1.73705526900946
505,15.07,0.682385240821839
505,15.0775,-0.0098020233203746
505,15.085,-0.864436697092273
505,15.0925,-1.93902920956817
505,15.1,-3.12660085295519
505,15.1075,2.24707395650985
505,15.115,1.72139542520359
505,15.1225,0.721929440536277
505,15.13,-0.228592266196837
505,15.1375,-1.60958944162353
505,15.145,-2.81747750911673
505,15.1525,2.41490785666385
505,15.16,0.998128241406554
505,15.1675,-0.178559316766942
505,15.175,-0.998925529969235
505,15.1825,-2.40459921554923
505,15.19,2.42358879807428
505,15.1975,1.70658477259977
505,15.205,1.68870744620148
505,15.2125,0.569467176605737
505,15.22,-0.729204333767922
505,15.2275,-0.0759000552944546
505,15.235,-0.949936083374718
505,15.2425,-1.88768697702217
505,15.25,3.10956238303921
505,15.2575,1.87215658276664
505,15.265,0.582056601740606
505,15.2725,-0.745361135229679
505,15.28,-1.90796616768163
505,15.2875,3.1032117452699
505,15.295,1.58117312946017
505,15.3025,-0.307411073214154
505,15.31,-2.91724849924589
505,15.3175,1.71850754259657
505,15.325,0.500126157832841
505,15.3325,-0.963415515037454
505,15.34,-2.27299509504141
505,15.3475,2.87701264055735
505,15.355,1.57784823325675
505,15.3625,0.327610335963284
505,15.37,-0.542664915192867
505,15.3775,-1.47571112484669
505,15.385,-2.56717326063126
505,15.3925,2.57203805370608
505,15.4,1.58492286106505
505,15.4075,0.313651977688147
505,15.415,-0.933056880738194
505,15.4225,-1.736403011429
505,15.43,-2.86334363036066
505,15.4375,2.46095086782445
505,15.445,2.05940247460853
505,15.4525,1.61288004609222
505,15.46,0.343995531071279
505,15.4675,-0.696533396674711
505,15.475,-1.19978356705032
505,15.4825,-2.3775485086027
505,15.49,2.62835624492876
505,15.4975,1.54444873757444
505,15.505,0.547086067590121
505,15.5125,-0.831096443940905
505,15.52,-2.08176196318205
505,15.5275,-2.95379809391412
505,15.535,2.01577093469442
505,15.5425,0.509743418471139
505,15.55,-1.21161238807076
505,15.5575,2.76345907091363
505,15.565,0.780605633871997
505,15.5725,-0.488945036843219
505,15.58,-1.76367754664809
505,15.5875,3.12798380936404
505,15.595,1.73769720716176
505,15.6025,0.334698218659032
505,15.61,-0.707748767358952
505,15.6175,-1.68980075048552
505,15.625,-2.83441333895639
505,15.6325,2.58753118627539
505,15.64,1.69854487435434
505,15.6475,1.02605169525315
505,15.655,0.00989725102792597
505,15.6625,-0.727758104323505
505,15.67,-1.95214040174511
505,15.6775,2.89908445823868
505,15.685,1.81967320520813
505,15.6925,0.925748254700363
505,15.7,0.187304678505233
505,15.7075,-0.757238473300441
505,15.715,-1.65987129683854
505,15.7225,-2.90719762261552
505,15.73,1.89836143673025
505,15.7375,0.83488004607815
505,15.745,0.0457763024304977
505,15.7525,-0.512349308487087
505,15.76,-1.63231303139418
505,15.7675,-2.58489457519325
505,15.775,2.47253747243693
505,15.7825,0.773697118130693
505,15.79,-0.986540060239099
505,15.7975,-2.60385709372183
505,15.805,2.23143121847138
505,15.8125,0.594110421199741
505,15.82,-1.16682345402502
505,15.8275,-2.81639068351308
505,15.835,2.22656966989346
505,15.8425,0.885813333117532
505,15.85,-0.737205148306993
505,15.8575,-2.27584873576823
505,15.865,2.51565389946547
505,15.8725,0.877100722691745
505,15.88,-0.854324366091732
505,15.8875,-2.77055637976271
505,15.895,1.61494802935108
505,15.9025,0.0744990186833018
505,15.91,-1.38395686406632
505,15.9175,-2.70708649043308
505,15.925,2.43210224723769
505,15.9325,0.620208594188892
505,15.94,-2.26868759818022
505,15.9475,1.6142491988262
505,15.955,0.0168047683862627
505,15.9625,-1.28091595385705
505,15.97,-2.53956439316634
505,15.9775,2.52673159760785
505,15.985,1.27183531733165
505,15.9925,-0.0674691330406906
505,16,-1.2552439109049
515,4,1.41480947429439
515,4.0075,-0.0366598037999078
515,4.015,-1.31367077657313
515,4.0225,-1.96212161242094
515,4.03,-0.290381983123591
515,4.0375,-1.4038639417591
515,4.045,-2.28116042094944
515,4.0525,-3.08113679401848
515,4.06,1.86582006273337
515,4.0675,0.466639605224877
515,4.075,-0.71638789713421
515,4.0825,-1.99851780041791
515,4.09,2.77034754823231
515,4.0975,1.31905258063101
515,4.105,0.0451949237602906
515,4.1125,-1.71439229859034
515,4.12,0.520173645371583
515,4.1275,-1.0256931781169
515,4.135,-2.00480939238731
515,4.1425,2.95357508653203
515,4.15,1.49429448622002
515,4.1575,0.802418442430266
515,4.165,-0.0863692483887363
515,4.1725,-1.559952607998
515,4.18,-2.73175157082544
515,4.1875,3.00396360529469
515,4.195,1.54796579354132
515,4.2025,2.92286169996215
515,4.21,1.23865190511887
515,4.2175,-0.176247643044025
515,4.225,-1.40804455396188
515,4.2325,-2.78741583492474
515,4.24,1.98804075145496
515,4.2475,0.321839171196941
515,4.255,-1.51382155467637
515,4.2625,2.93743233144635
515,4.27,1.43888627116802
515,4.2775,-0.304340649933019
515,4.285,-2.1281750890018
515,4.2925,2.80048044886367
515,4.3,1.98827767565509
515,4.3075,0.903899301329601
515,4.315,-0.344123049541452
515,4.3225,-1.60392986853086
515,4.33,-2.28328084745782
515,4.3375,2.82418418648938
515,4.345,1.37386791352029
515,4.3525,0.285453354688345
515,4.36,-0.556488853218607
515,4.3675,-1.93700769066414
515,4.375,-1.09005888560249
515,4.3825,-2.35992777241059
515,4.39,2.49851831415079
515,4.3975,1.25265456684461
515,4.405,0.184540218512617
515,4.4125,-0.986400931359397
515,4.42,-2.26026114015684
515,4.4275,2.91270277796036
515,4.435,2.0790445999747
515,4.4425,1.01160677883581
515,4.45,0.537889327594513
515,4.4575,-0.04931467106492
515,4.465,-1.3564769110519
515,4.4725,-2.3567166319213
515,4.48,2.85312358062527
515,4.4875,1.57164526523011
515,4.495,0.257053478598338
515,4.5025,-1.23716399039658
515,4.51,1.53057324972468
515,4.5175,-0.466145967697378
515,4.525,-1.81524956558406
515,4.5325,-3.1189765001724
515,4.54,1.73689803022327
515,4.5475,0.356355654096869
515,4.555,-0.74968184657675
515,4.5625,-1.74273782920989
515,4.57,-2.79211371536865
515,4.5775,2.39944049499387
515,4.585,1.2305757017808
515,4.5925,-0.0632539816794087
515,4.6,-1.52944550001942
515,4.6075,-3.13601101061731
515,4.615,-1.29671278101369
515,4.6225,-2.65154573365149
515,4.63,2.98859839095011
515,4.6375,1.66973612822695
515,4.645,0.329643822127562
515,4.6525,-0.620748163535893
515,4.66,-1.89161896300675
515,4.6675,-3.02292140341996
515,4.675,2.19165834719751
515,4.6825,0.990064712054709
515,4.69,-0.15615624201245
515,4.6975,-1.42176325132249
515,4.705,-2.38515099237496
515,4.7125,3.05054621108008
515,4.72,2.42763331984639
515,4.7275,1.49051982347527
515,4.735,0.167099019859498
515,4.7425,-1.06313470990984
515,4.75,-2.12288041947748
515,4.7575,-3.12866548560537
515,4.765,2.62240140476176
515,4.7725,2.40054415695928
515,4.78,1.08401864377008
515,4.7875,0.0639238938933887
515,4.795,-0.940146979517003
515,4.8025,-2.2158515629673
515,4.81,3.07036574116912
515,4.8175,2.63275402438004
515,4.825,1.84030170824617
515,4.8325,0.566597588539122
515,4.84,-0.786962259031541
515,4.8475,-2.13722452938999
515,4.855,2.65766309362551
515,4.8625,0.913176513517016
515,4.87,2.7248242693356
515,4.8775,1.3065251608703
515,4.885,0.246866319273055
515,4.8925,-0.993100152355046
515,4.9,-2.27768534805924
515,4.9075,2.78760034317832
515,4.915,1.76739556718171
515,4.9225,0.592384551174352
515,4.93,-0.576189014051368
515,4.9375,-1.22697946691412
515,4.945,-2.35616121941597
515,4.9525,2.68840416437598
515,4.96,1.50579683115616
515,4.9675,1.31955396888739
515,4.975,0.381670257986577
515,4.9825,-1.12407394486064
515,4.99,-2.34722039455214
515,4.9975,2.68924732311391
515,5.005,1.04262578517486
515,5.0125,-1.16087507570526
515,5.02,2.55400223851339
515,5.0275,0.740307036527426
515,5.035,-0.483619532351222
515,5.0425,-1.28618078704258
515,5.05,-2.82687333017184
515,5.0575,1.92843799644508
515,5.065,0.824564444213663
515,5.0725,-0.0939827775372855
515,5.08,-1.10150117812763
515,5.0875,-2.17313884053268
515,5.095,2.94579420480132
515,5.1025,1.57601063172722
515,5.11,-0.00633399479647933
515,5.1175,-1.81590202213616
515,5.125,2.18857024606533
515,5.1325,0.0678374057226692
515,5.14,-1.26554989197933
515,5.1475,-2.60028145767691
515,5.155,2.21455945238884
515,5.1625,0.821792025692391
515,5.17,-0.601284271953027
515,5.1775,-2.026991151315
515,5.185,2.69589887061878
515,5.1925,0.846209299025869
515,5.2,-1.27010786721949
515,5.2075,3.1204318795712
515,5.215,1.588650198296
515,5.2225,0.0932432277461127
515,5.23,-1.50921116934473
515,5.2375,-3.08637637888768
515,5.245,1.83350290604927
515,5.2525,0.61071507711393
515,5.26,2.98136023848973
515,5.2675,0.72812166277297
515,5.275,-0.643354374241604
515,5.2825,-1.87822531379215
515,5.29,2.96138014557005
515,5.2975,1.45888797707678
515,5.305,0.285521837878217
515,5.3125,-0.845477425609295
515,5.32,-2.493359937048
515,5.3275,-1.4217698494983
515,5.335,3.02655472361376
515,5.3425,1.03525286060231
515,5.35,-0.553486454673942
515,5.3575,-1.01663305361416
515,5.365,-2.96686263024392
515,5.3725,1.28111887782224
515,5.38,-0.611008553609621
515,5.3875,-2.29894867573206
515,5.395,2.38475208030718
515,5.4025,1.17509979128943
515,5.41,-0.022380849998923
515,5.4175,-1.59146963475389
515,5.425,-3.10938278030938
515,5.4325,1.68906045970094
515,5.44,0.149843946981116
515,5.4475,-1.2664293062551
515,5.455,-2.79370980116401
515,5.4625,1.79615908359809
515,5.47,0.390954735035446
515,5.4775,-0.572293717381572
515,5.485,-1.78475085320643
515,5.4925,-2.4084515211848
515,5.5,2.75036690860274
515,5.5075,1.26675395986397
515,5.515,-0.026985217654618
515,5.5225,-0.80802434859981
515,5.53,-2.13479597369698
515,5.5375,2.84715947256693
515,5.545,1.68746651695664
515,5.5525,1.03792584152993
515,5.56,0.302356030572878
515,5.5675,-1.0110747054202
515,5.575,-1.41293759547121
515,5.5825,-2.88400163677018
515,5.59,1.93437997636325
515,5.5975,1.11252357759863
515,5.605,0.396469059245599
515,5.6125,-0.657189275397607
515,5.62,-1.65291483472365
515,5.6275,-2.61331351976234
515,5.635,2.35828105935951
515,5.6425,1.2906166347969
515,5.65,0.0924320031470756
515,5.6575,-1.41142148380738
515,5.665,-2.79149372151359
515,5.6725,2.1539618259656
515,5.68,0.581799532772733
515,5.6875,-1.13534868793368
515,5.695,-3.02552584630515
515,5.7025,1.53328931009788
515,5.71,0.288455836587729
515,5.7175,-0.898439709319516
515,5.725,-2.37497531291182
515,5.7325,2.69811237038628
515,5.74,2.09214108155124
515,5.7475,1.33543111265537
515,5.755,0.01816858645603
515,5.7625,-1.42699709698166
515,5.77,-2.50324595122487
515,5.7775,2.67056802411297
515,5.785,1.28110147353634
515,5.7925,0.126768185986412
515,5.8,-0.337846712545491
515,5.8075,-1.32827788114056
515,5.815,-2.59579347960644
515,5.8225,2.59396189425502
515,5.83,1.59240132043054
515,5.8375,0.309887112213916
515,5.845,-1.08023902454658
515,5.8525,-2.30293169741029
515,5.86,-2.65801263680757
515,5.8675,2.86763926994025
515,5.875,2.14783192708816
515,5.8825,1.31658705700965
515,5.89,0.16535039857027
515,5.8975,-1.19536234912441
515,5.905,-2.51701227068876
515,5.9125,2.51536267775988
515,5.92,1.28595028069646
515,5.9275,-0.13018365505636
515,5.935,-1.63276899573176
515,5.9425,-3.02148200605613
515,5.95,1.53656264987649
515,5.9575,-0.401365454219732
515,5.965,-1.75994979524385
515,5.9725,-3.03210896654983
515,5.98,1.74683552292468
515,5.9875,0.855596318250078
515,5.995,-0.190862163066212
515,6.0025,-1.61842060392669
515,6.01,-2.8809957863406
515,6.0175,2.22002436866466
515,6.025,0.79662381015784
515,6.0325,-0.741729629332211
515,6.04,-2.04591302221045
515,6.0475,2.95340735636
515,6.055,0.475473140796794
515,6.0625,-2.49814203400174
515,6.07,2.1875778815046
515,6.0775,1.09923944641113
515,6.085,0.124912776018647
515,6.0925,-1.17591248988427
515,6.1,-2.72538955361632
515,6.1075,2.51256184508233
515,6.115,2.02480611555544
515,6.1225,0.678163964575406
515,6.13,-0.1908205656185
515,6.1375,-0.882425764108031
515,6.145,-2.19837512005151
515,6.1525,2.85480214566807
515,6.16,1.50378677738525
515,6.1675,-0.00436877453982872
515,6.175,-1.38926792610459
515,6.1825,-2.98678699832884
515,6.19,1.41354204839366
515,6.1975,-0.418681725365318
515,6.205,-2.17185627765126
515,6.2125,2.75196755563711
515,6.22,1.81554961983242
515,6.2275,0.620772071128389
515,6.235,-0.606433056842761
515,6.2425,-1.42229652207932
515,6.25,-2.095346449596
515,6.2575,2.73362267623736
515,6.265,1.36300509660734
515,6.2725,0.336392287532273
515,6.28,-1.00528968106144
515,6.2875,-2.14226576578716
515,6.295,-0.662887781097963
515,6.3025,-1.99929210898267
515,6.31,2.58911891840494
515,6.3175,1.09708397783919
515,6.325,-0.0762777074337845
515,6.3325,-1.12803656499965
515,6.34,-2.35519345005287
515,6.3475,2.62955898247209
515,6.355,2.33843405061593
515,6.3625,1.27663681161198
515,6.37,-0.219083669965393
515,6.3775,-1.56650142844732
515,6.385,-2.29232643786271
515,6.3925,3.10658899027216
515,6.4,2.10626209836423
515,6.4075,2.77260671760125
515,6.415,1.28845420538361
515,6.4225,-0.134961835766716
515,6.43,-1.0922481918965
515,6.4375,-1.79667255843333
515,6.445,-2.56179746907557
515,6.4525,3.01695847598898
515,6.46,1.63469970925786
515,6.4675,0.38830647303467
515,6.475,-0.758741597068916
515,6.4825,-2.05370799705502
515,6.49,3.05599139052207
515,6.4975,1.92483418314215
515,6.505,1.07013580966196
515,6.5125,-0.085493045855426
515,6.52,-1.51523344575207
515,6.5275,-2.64378989613565
515,6.535,2.48485925425952
515,6.5425,0.961924284815971
515,6.55,-0.794430889344959
515,6.5575,-2.75106737826237
515,6.565,1.60724406755916
515,6.5725,0.0369900497196706
515,6.58,-1.48717748140556
515,6.5875,-3.01150895315758
515,6.595,2.78123360559618
515,6.6025,1.56271767335831
515,6.61,1.95195785734592
515,6.6175,0.66009970101633
515,6.625,-0.971762822304312
515,6.6325,-2.18000678944362
515,6.64,-3.08456811269891
515,6.6475,1.74246118626336
515,6.655,0.0450458202509761
515,6.6625,-1.19199553815114
515,6.67,-0.368693577707027
515,6.6775,-1.31722058299099
515,6.685,-2.37090872091939
515,6.6925,2.627234279342
515,6.7,1.52380278612589
515,6.7075,0.289874120762699
515,6.715,-1.02125293729784
515,6.7225,-1.89979304542623
515,6.73,-3.08575321458898
515,6.7375,1.80922662699958
515,6.745,0.796963741819605
515,6.7525,-0.245461040348972
515,6.76,-1.5040829344183
515,6.7675,-2.70637322005448
515,6.775,1.95987600485997
515,6.7825,0.337543060510687
515,6.79,-0.630073007795916
515,6.7975,2.88053641373859
515,6.805,0.706047155524914
515,6.8125,-0.97876492617144
515,6.82,-0.568810702680785
515,6.8275,-2.23517889860186
515,6.835,2.56491904091566
515,6.8425,1.76031792062565
515,6.85,0.410320974992804
515,6.8575,-1.18158050239046
515,6.865,-2.55155949804081
515,6.8725,2.80851407777134
515,6.88,1.75971955992881
515,6.8875,3.00709691446354
515,6.895,2.18308813109291
515,6.9025,0.81948188567069
515,6.91,-0.734902854550543
515,6.9175,-1.53323007211485
515,6.925,-2.08958486992119
515,6.9325,2.84813286121805
515,6.94,1.72371224699621
515,6.9475,0.711913767916762
515,6.955,-0.462221275985547
515,6.9625,-1.78931392924888
515,6.97,-3.04874022856597
515,6.9775,2.21827770208044
515,6.985,1.0735224180119
515,6.9925,-0.178537188036812
515,7,-1.02736133504152
515,7.0075,-2.04212350939183
515,7.015,2.92104057930058
515,7.0225,1.72746568332045
515,7.03,0.545545161839555
515,7.0375,-0.797222269877515
515,7.045,-2.20510298043321
515,7.0525,-0.104175946669489
515,7.06,-1.57710101657877
515,7.0675,-3.01397783849523
515,7.075,1.95890633879235
515,7.0825,0.632153620402425
515,7.09,-0.923176391511166
515,7.0975,-2.38999919186627
515,7.105,2.66577589581209
515,7.1125,1.03882914042294
515,7.12,-0.804069081783643
515,7.1275,-2.53674416995766
515,7.135,2.35072252726451
515,7.1425,1.15008706509142
515,7.15,-0.265717024555253
515,7.1575,-1.52423601524598
515,7.165,-2.31335343319026
515,7.1725,2.94288712117456
515,7.18,1.88908421539004
515,7.1875,0.719510444950374
515,7.195,-0.308556290026152
515,7.2025,-1.47391296198944
515,7.21,-2.69339767384808
515,7.2175,2.63986756758598
515,7.225,1.43553692973786
515,7.2325,0.278915451747723
515,7.24,-0.794966587606788
515,7.2475,-1.97449432796171
515,7.255,2.8652042749958
515,7.2625,0.859687736952706
515,7.27,3.06421086922652
515,7.2775,1.36364932321552
515,7.285,1.07834390903419
515,7.2925,-0.496400600176912
515,7.3,-1.89467408227462
515,7.3075,-2.78454567280686
515,7.315,2.44606409108391
515,7.3225,1.26446796520076
515,7.33,-0.162726697216018
515,7.3375,-1.57346369663709
515,7.345,-2.76793713442338
515,7.3525,2.11159137961684
515,7.36,0.191254805954031
515,7.3675,-1.95459010714647
515,7.375,2.49816028265799
515,7.3825,0.88135830270617
515,7.39,-0.0830753217259069
515,7.3975,-1.12752666706773
515,7.405,-2.58477359084119
515,7.4125,2.5257443124001
515,7.42,1.70130252333393
515,7.4275,0.468109371949316
515,7.435,-0.874353670571904
515,7.4425,-2.06830688411468
515,7.45,-3.04761519781689
515,7.4575,2.60225298939913
515,7.465,1.72773626503976
515,7.4725,1.10455132102483
515,7.48,0.142750699005902
515,7.4875,-1.26391379448735
515,7.495,-2.39571731797529
515,7.5025,2.9706187264538
515,7.51,1.86985510605294
515,7.5175,0.858699168287351
515,7.525,-0.0876985537535459
515,7.5325,-0.383295731195211
515,7.54,-1.53680937686367
515,7.5475,-2.54020171478111
515,7.555,2.76456381721173
515,7.5625,1.43634864324798
515,7.57,0.124641951401074
515,7.5775,-1.1218474284398
515,7.585,-2.3038520554216
515,7.5925,2.6833491740958
515,7.6,1.19846855504165
515,7.6075,-0.353675240147877
515,7.615,1.51606836753628
515,7.6225,0.440626846915345
515,7.63,-0.484586959131935
515,7.6375,-1.75918586416312
515,7.645,-3.0950445727438
515,7.6525,2.10820560924244
515,7.66,0.944817958328791
515,7.6675,-0.340125675280233
515,7.675,-1.58061236011654
515,7.6825,-2.74965359321898
515,7.69,2.48707910932674
515,7.6975,1.24107203278183
515,7.705,-0.192636949561672
515,7.7125,-0.769158227859826
515,7.72,-1.20619479127077
515,7.7275,-2.17268817737856
515,7.735,-1.89095426688563
515,7.7425,-2.91640787780261
515,7.75,2.17025006993447
515,7.7575,1.15522535309452
515,7.765,0.545561177355291
515,7.7725,-0.696368524404648
515,7.78,-1.96578552525578
515,7.7875,-2.63401646437085
515,7.795,2.54440532231945
515,7.8025,1.28238245915736
515,7.81,0.341466693337019
515,7.8175,-0.725980677173628
515,7.825,-2.05987218910638
515,7.8325,2.91670786292359
515,7.84,1.82267497082539
515,7.8475,0.7210778077242
515,7.855,-0.315147792677776
515,7.8625,0.403838689775301
515,7.87,-0.688958035484192
515,7.8775,-2.07919308932029
515,7.885,-3.13277147764746
515,7.8925,2.00759431201163
515,7.9,0.557241297730809
515,7.9075,-0.663285450645741
515,7.915,-1.68780217329465
515,7.9225,-3.03591780749039
515,7.93,2.05010372548637
515,7.9375,0.925637034080466
515,7.945,-0.357319371475372
515,7.9525,-1.66123599362603
515,7.96,-2.42246917430866
515,7.9675,2.31507078531382
515,7.975,-0.194747961748643
515,7.9825,2.99214047233312
515,7.99,-1.61985756921015
515,7.9975,1.90297775554762
515,8.005,-0.200853138146345
515,8.0125,-1.87351814294759
515,8.02,-0.938841034559646
515,8.0275,-2.56472792193629
515,8.035,2.49457046980654
515,8.0425,2.39790355903558
515,8.05,0.774765315582655
515,8.0575,-0.805996567547269
515,8.065,-1.83521269004186
515,8.0725,-2.97807206078002
515,8.08,1.67442474241862
515,8.0875,-0.0580490287627303
515,8.095,-2.09423099237781
515,8.1025,-0.024888930728755
515,8.11,-0.212130584837093
515,8.1175,-1.54667748591114
515,8.125,-2.90768790285718
515,8.1325,2.13086094921587
515,8.14,0.829766783951514
515,8.1475,-0.546855145931828
515,8.155,-1.80198809789568
515,8.1625,-3.05900306837259
515,8.17,1.749501439758
515,8.1775,0.384481804582704
515,8.185,-0.80936664485966
515,8.1925,-2.29439948777749
515,8.2,2.31204989444082
515,8.2075,0.724799522347334
515,8.215,-0.568982761749845
515,8.2225,-1.89356632634861
515,8.23,2.77722056983283
515,8.2375,1.33484917646832
515,8.245,0.629628339589743
515,8.2525,-0.427933037663004
515,8.26,-0.955855968996793
515,8.2675,-1.85456019048091
515,8.275,2.97084424242387
515,8.2825,1.832775842338
515,8.29,0.727572838530134
515,8.2975,-0.622191233288678
515,8.305,-1.7350883515217
515,8.3125,-2.8974210796634
515,8.32,2.50358687576975
515,8.3275,2.44899518328777
515,8.335,1.81422011898038
515,8.3425,1.52143497597935
515,8.35,0.0629708815826858
515,8.3575,-1.26356936524157
515,8.365,-2.42388436051019
515,8.3725,2.52251119512905
515,8.38,1.11076443236829
515,8.3875,-0.0647711306572478
515,8.395,-1.26216479043996
515,8.4025,-2.74494487835505
515,8.41,2.19848847505676
515,8.4175,1.12454657408973
515,8.425,-1.03527669260766
515,8.4325,2.88803420742697
515,8.44,1.08835110449248
515,8.4475,0.145002120489754
515,8.455,-0.368223223076292
515,8.4625,-1.99810932760475
515,8.47,2.90613126569486
515,8.4775,2.14086409562474
515,8.485,0.718975991803511
515,8.4925,-0.723974657343252
515,8.5,-1.50441240167638
515,8.5075,-2.75296278029748
515,8.515,2.05464152416257
515,8.5225,1.54906366954393
515,8.53,0.499348646817479
515,8.5375,-0.835987569701993
515,8.545,-0.443404946578755
515,8.5525,-1.91636072208792
515,8.56,-2.77825436856449
515,8.5675,2.67382869304206
515,8.575,1.46233217044563
515,8.5825,0.464801353347415
515,8.59,-0.2670975865729
515,8.5975,-1.27319424806452
515,8.605,-2.51025717389929
515,8.6125,2.66957730621394
515,8.62,1.43187318512477
515,8.6275,0.156941251207753
515,8.635,-1.02928357892455
515,8.6425,-2.48768670900601
515,8.65,2.35765180749931
515,8.6575,1.36819396357368
515,8.665,0.0464824919117743
515,8.6725,-2.77270358472654
515,8.68,1.8098549199886
515,8.6875,0.233756640341163
515,8.695,-0.987512726335443
515,8.7025,-1.8689541349828
515,8.71,3.0430152278719
515,8.7175,1.61326070337853
515,8.725,0.643418947336501
515,8.7325,-0.493807162515807
515,8.74,-1.91393321595772
515,8.7475,3.010758484515
515,8.755,1.93695159159924
515,8.7625,0.778051955039139
515,8.77,-0.909973199384113
515,8.7775,3.1309009370093
515,8.785,-0.185535567100721
515,8.7925,-0.486966174999564
515,8.8,-1.81239581402749
515,8.8075,2.8950490497111
515,8.815,1.54190611453691
515,8.8225,0.402876796637659
515,8.83,-0.762973215159587
515,8.8375,-1.96697786111926
515,8.845,-3.12564877585247
515,8.8525,2.40433116375341
515,8.86,1.78691284615706
515,8.8675,0.717506653345451
515,8.875,-0.40498335268403
515,8.8825,-1.51165839607102
515,8.89,-2.75741630180922
515,8.8975,2.04009658275376
515,8.905,-0.0740164391279744
515,8.9125,2.55447827280707
515,8.92,1.16310439638797
515,8.9275,0.0806259914558235
515,8.935,-0.994443438007175
515,8.9425,-2.31744559450801
515,8.95,2.75865568365511
515,8.9575,1.78827012732561
515,8.965,0.560163253921444
515,8.9725,-0.68433196319352
515,8.98,-1.8178741888116
515,8.9875,-3.01394129186469
515,8.995,2.00659000081765
515,9.0025,0.691347515031526
515,9.01,-0.561573520342911
515,9.0175,-1.86910117571018
515,9.025,1.76194301924896
515,9.0325,-0.798421729668789
515,9.04,-2.23039873950771
515,9.0475,2.85426349034816
515,9.055,1.5673961296425
515,9.0625,0.304895391304909
515,9.07,-0.845195857538075
515,9.0775,-1.9813846097845
515,9.085,3.01694592433612
515,9.0925,1.75759417241082
515,9.1,0.901819437367725
515,9.1075,0.112361897014098
515,9.115,-0.193001489313047
515,9.1225,-0.783429609625471
515,9.13,-2.0383048867642
515,9.1375,3.11419532188907
515,9.145,2.10832460696921
515,9.1525,0.878405531558372
515,9.16,-0.233686866716624
515,9.1675,-0.709314885186107
515,9.175,-1.19703806780805
515,9.1825,-2.27949413957178
515,9.19,2.98898014983671
515,9.1975,1.90624189662645
515,9.205,0.52915827351162
515,9.2125,-0.6651312407131
515,9.22,-1.72064612171525
515,9.2275,-3.03201098960252
515,9.235,2.02174910753552
515,9.2425,0.933551451636805
515,9.25,-0.294756992128539
515,9.2575,-1.14331228153866
515,9.265,-1.29192229606218
515,9.2725,-1.09223029706945
515,9.28,-2.31497727403441
515,9.2875,2.65951845925797
515,9.295,1.37772779107989
515,9.3025,0.237547708234823
515,9.31,-1.04699887224086
515,9.3175,-2.41505508821778
515,9.325,2.738577332387
515,9.3325,1.61223373424902
515,9.34,0.351482387321097
515,9.3475,-0.493384694940051
515,9.355,-1.17327451002714
515,9.3625,-1.45357525402936
515,9.37,-2.19819091012894
515,9.3775,2.91283385936045
515,9.385,1.86054235803432
515,9.3925,0.998814782069934
515,9.4,-0.345068529634232
515,9.4075,-1.22555757627917
515,9.415,-1.44182043450931
515,9.4225,-2.8201295165404
515,9.43,2.67122055404581
515,9.4375,1.80906442751851
515,9.445,0.590746190717248
515,9.4525,-0.584184512566655
515,9.46,-1.63510283133436
515,9.4675,-2.74920750162802
515,9.475,2.22138529754657
515,9.4825,0.990006070999522
515,9.49,-0.016640809090652
515,9.4975,-1.36930153612035
515,9.505,2.41219997459993
515,9.5125,-0.704486773990534
515,9.52,-2.06395905668892
515,9.5275,3.0176742837057
515,9.535,1.77289743932777
515,9.5425,0.541242913006317
515,9.55,-0.770161147436992
515,9.5575,-2.01567669241171
515,9.565,3.12191641591185
515,9.5725,1.77520708334804
515,9.58,0.398073675598062
515,9.5875,-0.707609464528574
515,9.595,-1.8040861990357
515,9.6025,-3.10606434293751
515,9.61,-1.47525936760009
515,9.6175,-2.84673119010441
515,9.625,2.12809122677209
515,9.6325,0.984656899163787
515,9.64,-0.0960691379022017
515,9.6475,-1.25870823773111
515,9.655,-2.28090952616723
515,9.6625,-3.00413580402848
515,9.67,2.52909278663126
515,9.6775,1.48665746984169
515,9.685,0.402039329200553
515,9.6925,-0.636099156180279
515,9.7,-1.77050127125683
515,9.7075,-3.00922743624753
515,9.715,2.15074922867067
515,9.7225,1.17350131413215
515,9.73,-0.156254641788558
515,9.7375,-1.3998947285277
515,9.745,-1.89946371660354
515,9.7525,-3.06858399337022
515,9.76,-2.03547914826284
515,9.7675,2.88694662080716
515,9.775,1.71191868887679
515,9.7825,0.649514335181961
515,9.79,-0.657046758252035
515,9.7975,-1.962706963096
515,9.805,-3.12792672698992
515,9.8125,1.91230324448711
515,9.82,0.555175398401235
515,9.8275,-0.691574742128681
515,9.835,-1.97220627270506
515,9.8425,2.38750724553015
515,9.85,-0.717201276990914
515,9.8575,-2.46235258698729
515,9.865,2.47579398930558
515,9.8725,1.3300173203911
515,9.88,0.116049338002231
515,9.8875,-1.21714294509041
515,9.895,-2.43211202816662
515,9.9025,2.88596458015941
515,9.91,1.76992560148113
515,9.9175,0.54156051460951
515,9.925,-0.184721682547806
515,9.9325,-0.875040422125912
515,9.94,-2.16207243875879
515,9.9475,-3.10120844587394
515,9.955,2.15993480117492
515,9.9625,0.862772106023494
515,9.97,-0.290127649292609
515,9.9775,-1.50531589317013
515,9.985,-2.32094186837862
515,9.9925,3.00010787497119
515,10,2.68358467386435
515,10.0075,2.35994603187462
515,10.015,1.30815959406941
515,10.0225,0.167088946752014
515,10.03,-1.08467444393044
515,10.0375,-2.0700986594962
515,10.045,3.00544369912942
515,10.0525,1.61889325307684
515,10.06,0.525391201677371
515,10.0675,-0.635589304267778
515,10.075,-2.08161897436573
515,10.0825,2.9301050894182
515,10.09,1.00354747555527
515,10.0975,-1.52635223318032
515,10.105,3.06160056668801
515,10.1125,1.90762909521406
515,10.12,0.577271785708916
515,10.1275,-0.780341742149665
515,10.135,-2.028725708937
515,10.1425,2.97967126124467
515,10.15,1.86873782889916
515,10.1575,0.642141588469986
515,10.165,-0.662401622626549
515,10.1725,-1.71450661571457
515,10.18,-2.80842866643255
515,10.1875,2.30469168672971
515,10.195,2.09909341304783
515,10.2025,1.68486217994428
515,10.21,0.571047678523109
515,10.2175,-0.083423092666201
515,10.225,-1.28563815748082
515,10.2325,-2.6009830561917
515,10.24,2.6800510126986
515,10.2475,1.61568749041255
515,10.255,0.497761774960615
515,10.2625,-0.230271486762199
515,10.27,-0.788023729073389
515,10.2775,-2.03152011197616
515,10.285,3.05714449995368
515,10.2925,2.11827445711222
515,10.3,0.857242453850683
515,10.3075,-0.513552865132895
515,10.315,-1.7937232312412
515,10.3225,-2.96041923779278
515,10.33,2.86417018564774
515,10.3375,-2.1407881110322
515,10.345,2.90962444929377
515,10.3525,1.50838916389441
515,10.36,0.213254620030528
515,10.3675,-0.903030043323727
515,10.375,-1.99794662766495
515,10.3825,2.99736612946923
515,10.39,1.90981035286516
515,10.3975,0.97277949600659
515,10.405,-0.226970175759767
515,10.4125,-1.31509804853993
515,10.42,-2.36895395599919
515,10.4275,2.86409412543881
515,10.435,1.96544277315917
515,10.4425,0.990828616808682
515,10.45,0.225014081788489
515,10.4575,-0.546104248655508
515,10.465,-1.74849505920677
515,10.4725,-2.7130334042044
515,10.48,2.66964155850831
515,10.4875,1.37018874244144
515,10.495,0.218214232061812
515,10.5025,-0.908203738968706
515,10.51,-2.23178435379376
515,10.5175,2.90193814757146
515,10.525,2.01804524332263
515,10.5325,1.49814550764795
515,10.54,0.897184500168123
515,10.5475,-0.212322925343991
515,10.555,-1.34585088509242
515,10.5625,-2.5206788172461
515,10.57,2.51058779585164
515,10.5775,0.431914747272872
515,10.585,-2.40024768945827
515,10.5925,2.1577218153556
515,10.6,0.95604592987102
515,10.6075,-0.268821665292306
515,10.615,-1.66694337230229
515,10.6225,-2.9819976668722
515,10.63,2.16245389750752
515,10.6375,0.996446704699428
515,10.645,-0.342016354337298
515,10.6525,-1.58531499348914
515,10.66,-2.48694231869009
515,10.6675,2.68300474931646
515,10.675,1.66847813391581
515,10.6825,1.84014455960179
515,10.69,0.96123676473579
515,10.6975,-0.235126686956167
515,10.705,-1.27261596210001
515,10.7125,-2.39019732158821
515,10.72,2.53310939371678
515,10.7275,1.39201324713046
515,10.735,0.397978704036488
515,10.7425,-0.94235913197181
515,10.75,-2.26955203956908
515,10.7575,-3.11718886591086
515,10.765,2.13406774969811
515,10.7725,1.29245107091303
515,10.78,1.11176553785081
515,10.7875,0.184289309357025
515,10.795,-1.00161588193142
515,10.8025,-2.26294960413557
515,10.81,3.06799255104704
515,10.8175,1.68521619372914
515,10.825,-0.108866396070363
515,10.8325,-2.5805340773806
515,10.84,1.26496246930392
515,10.8475,-0.0356053637494612
515,10.855,-1.22786568829176
515,10.8625,-2.66763844718695
515,10.87,2.14822726303121
515,10.8775,0.850889463274326
515,10.885,-0.384696085647607
515,10.8925,-1.81857783087244
515,10.9,2.86395307521861
515,10.9075,1.23454663922674
515,10.915,-0.337046926451759
515,10.9225,-2.23380061567685
515,10.93,2.19995026361791
515,10.9375,0.624552138904193
515,10.945,-0.653629689592318
515,10.9525,-1.91255289507448
515,10.96,3.10612929162919
515,10.9675,1.84913023709162
515,10.975,0.573814593275158
515,10.9825,-0.587359046836183
515,10.99,-1.78669444365822
515,10.9975,-2.94064851386899
515,11.005,2.39654517607707
515,11.0125,1.41823718437303
515,11.02,0.633955384313731
515,11.0275,0.154484728188012
515,11.035,-0.889046447213332
515,11.0425,-1.85976522150579
515,11.05,-2.91595006827168
515,11.0575,1.87909664532664
515,11.065,1.45663344520206
515,11.0725,1.03539389697303
515,11.08,0.22478691210334
515,11.0875,-0.876556795723758
515,11.095,-2.00064374628907
515,11.1025,-2.96671163381574
515,11.11,1.95372033986809
515,11.1175,0.618236962549039
515,11.125,-0.619424207692417
515,11.1325,-2.18157801160004
515,11.14,2.54022523098458
515,11.1475,1.16985711038678
515,11.155,-0.25769033008885
515,11.1625,-1.83738018318387
515,11.17,2.96133964396965
515,11.1775,1.51910466344176
515,11.185,0.19079417287169
515,11.1925,-1.16553483041119
515,11.2,-2.58910032560462
515,11.2075,2.36722111024072
515,11.215,0.993333571038907
515,11.2225,-0.504832846607467
515,11.23,-2.13346939046238
515,11.2375,2.23295363716071
515,11.245,0.273670785278035
515,11.2525,-1.2030767278421
515,11.26,-2.57545358110339
515,11.2675,2.1255266350913
515,11.275,0.831479156406701
515,11.2825,-0.377795171756047
515,11.29,-1.82157640267833
515,11.2975,-3.12561657283219
515,11.305,1.96402477170096
515,11.3125,0.634743349282945
515,11.32,-0.31627441928683
515,11.3275,-1.58064658950869
515,11.335,-3.06290209418033
515,11.3425,-2.29709551608959
515,11.35,2.30164375598427
515,11.3575,1.11884058969346
515,11.365,-0.211822703382721
515,11.3725,-1.96160418310935
515,11.38,2.62778921351386
515,11.3875,0.910995430486869
515,11.395,-0.643043838241185
515,11.4025,-1.81563536145116
515,11.41,3.07162978128793
515,11.4175,1.54559417284366
515,11.425,0.255031134157721
515,11.4325,-0.848716015586841
515,11.44,-2.17964689276098
515,11.4475,2.60645686044311
515,11.455,1.27795998773205
515,11.4625,1.03888106986515
515,11.47,-0.362441908639895
515,11.4775,0.859363226657822
515,11.485,-0.653903316026552
515,11.4925,-1.94153160826781
515,11.5,-3.12223566794873
515,11.5075,2.01279113596095
515,11.515,0.863722450678926
515,11.5225,-0.464867542535674
515,11.53,-1.75291757054487
515,11.5375,-2.94218735948579
515,11.545,2.17260408328123
515,11.5525,0.865601107083947
515,11.56,-0.566324883081635
515,11.5675,-1.51367659188883
515,11.575,-2.28945314958006
515,11.5825,-1.52597212503912
515,11.59,-2.60324765767793
515,11.5975,2.33055563228849
515,11.605,0.965497769853066
515,11.6125,-0.375148766392269
515,11.62,-1.37896275620347
515,11.6275,-2.57185980109798
515,11.635,-1.09569895150236
515,11.6425,-2.41856595781172
515,11.65,2.7875374379844
515,11.6575,1.51476361526969
515,11.665,0.215504735277474
515,11.6725,-0.97420677114604
515,11.68,-2.16808463410366
515,11.6875,2.91038518406602
515,11.695,1.82803930411546
515,11.7025,0.856524077481341
515,11.71,-0.277495738753481
515,11.7175,-1.09867927040578
515,11.725,-1.73658337593527
515,11.7325,-2.65199912220823
515,11.74,2.66372116818244
515,11.7475,1.58588604377151
515,11.755,0.553842578950738
515,11.7625,-0.569706239188058
515,11.77,-1.63711942901776
515,11.7775,-2.75851080454658
515,11.785,2.33967873128377
515,11.7925,1.29853615902824
515,11.8,0.222086377089178
515,11.8075,-0.922289755012811
515,11.815,-2.04068632140681
515,11.8225,-3.1041249371289
515,11.83,2.24746588445408
515,11.8375,1.35673524692725
515,11.845,0.667192262538261
515,11.8525,-0.422898818797615
515,11.86,-1.4759633872831
515,11.8675,-2.54048961234595
515,11.875,2.64026992486305
515,11.8825,1.68646937519219
515,11.89,0.479627485385139
515,11.8975,-0.410590774104351
515,11.905,-1.11276081703277
515,11.9125,-2.04880361621204
515,11.92,-2.52846448195379
515,11.9275,2.63683178720237
515,11.935,1.48613184515375
515,11.9425,0.362369684554419
515,11.95,-0.566094857491396
515,11.9575,-1.78860905974505
515,11.965,-3.1306079140891
515,11.9725,3.02483498659259
515,11.98,1.72233544079638
515,11.9875,0.996264061834132
515,11.995,0.622202129052721
515,12.0025,-0.268717071549416
515,12.01,-1.43455121432521
515,12.0175,-2.70782941712688
515,12.025,2.54694465251217
515,12.0325,1.29015189366373
515,12.04,-0.0295892935167943
515,12.0475,-1.06674203032946
515,12.055,-2.14872196745607
515,12.0625,2.93755837132604
515,12.07,1.87510803808819
515,12.0775,0.924742126878588
515,12.085,0.125042066303351
515,12.0925,-0.703836046366389
515,12.1,-1.54957131787375
515,12.1075,-2.29257977076843
515,12.115,2.94220438480259
515,12.1225,1.79626961433564
515,12.13,0.686967924870059
515,12.1375,-0.289068380339609
515,12.145,-1.04239270071036
515,12.1525,-1.730404013113
515,12.16,-2.81420182077801
515,12.1675,2.42495902529004
515,12.175,1.2995583453659
515,12.1825,0.0389456830910006
515,12.19,-1.01246410081836
515,12.1975,-1.845855720625
515,12.205,-2.89205279796995
515,12.2125,2.30193289305267
515,12.22,1.56255884729261
515,12.2275,0.733877339173564
515,12.235,-0.248723606616284
515,12.2425,-1.05134585849085
515,12.25,-1.87053891214315
515,12.2575,-3.03867083894337
515,12.265,2.03504254443828
515,12.2725,0.942373856651104
515,12.28,-0.203532837951118
515,12.2875,-1.42333051760087
515,12.295,-2.6612873215276
515,12.3025,2.36402031978878
515,12.31,1.12772663417793
515,12.3175,-0.047620786669603
515,12.325,-1.76059013170615
515,12.3325,1.42020617122465
515,12.34,-0.821283971773405
515,12.3475,-2.0058138915902
515,12.355,-2.86034868535703
515,12.3625,1.98411526481421
515,12.37,0.921154083255581
515,12.3775,-0.280191780950678
515,12.385,-1.73667245260483
515,12.3925,-2.01781163195241
515,12.4,3.04931438087356
515,12.4075,1.86383937540181
515,12.415,1.74057423664729
515,12.4225,0.193845432033827
515,12.43,-1.39101508622195
515,12.4375,-2.52332664899671
515,12.445,-3.11604070604999
515,12.4525,2.10215864655371
515,12.46,1.96356534955005
515,12.4675,0.758129147453824
515,12.475,-0.542648349443822
515,12.4825,-1.40841600668312
515,12.49,-2.85394793276251
515,12.4975,1.88744741049393
515,12.505,1.75053035692517
515,12.5125,0.295274258334238
515,12.52,-0.668246890510049
515,12.5275,-0.622693577971568
515,12.535,-2.35029237267963
515,12.5425,2.37413271135829
515,12.55,1.0989922600344
515,12.5575,-0.266080169025969
515,12.565,-1.6935436385647
515,12.5725,2.93880537005578
515,12.58,1.10153202949247
515,12.5875,-0.537949551220104
515,12.595,-1.77285383037574
515,12.6025,3.08518777648823
515,12.61,1.49910675442708
515,12.6175,-0.0881848584448107
515,12.625,-1.37208572123359
515,12.6325,-2.00305257315526
515,12.64,2.90949061113441
515,12.6475,2.1114895455928
515,12.655,1.73175927538887
515,12.6625,0.405653615987416
515,12.67,-0.726387958335272
515,12.6775,-1.98137083701142
515,12.685,3.12712596583122
515,12.6925,1.90424941522724
515,12.7,0.474615260028299
515,12.7075,0.919530598797696
515,12.715,-0.376795203454098
515,12.7225,-1.86553225512746
515,12.73,-2.84433005416827
515,12.7375,2.28621756725328
515,12.745,0.796538867417748
515,12.7525,-0.609863158252685
515,12.76,-1.75744518431038
515,12.7675,-2.77601578954804
515,12.775,2.21924569744168
515,12.7825,0.930509055827547
515,12.79,1.07512420269805
515,12.7975,-0.0958984012354172
515,12.805,-1.59425420765679
515,12.8125,-2.74487635049675
515,12.82,2.259398219199
515,12.8275,0.758214170469254
515,12.835,-0.402631652632176
515,12.8425,-1.60701460547927
515,12.85,-3.04367130108296
515,12.8575,2.06932619026059
515,12.865,0.554275135221969
515,12.8725,-0.991250889874391
515,12.88,-2.15782150777131
515,12.8875,1.72792634564575
515,12.895,-1.78105811054825
515,12.9025,1.55620307101933
515,12.91,-1.04649797990329
515,12.9175,2.98963071634209
515,12.925,0.995069291424818
515,12.9325,-0.268331811216351
515,12.94,-1.0925531728569
515,12.9475,-2.78130398951546
515,12.955,1.43239681522702
515,12.9625,-0.679263892983401
515,12.97,-2.32388680372427
515,12.9775,2.3378070784061
515,12.985,0.851826146239051
515,12.9925,-0.257480141444823
515,13,-1.77213078193351
515,13.0075,2.84342751871531
515,13.015,1.73305974243545
515,13.0225,0.774938257044915
515,13.03,-0.70262268278443
515,13.0375,-2.22526613542105
515,13.045,-0.985594332487404
515,13.0525,-2.47512112071731
515,13.06,2.31417802817395
515,13.0675,1.15609420900669
515,13.075,-0.139440302048932
515,13.0825,-1.53172599928279
515,13.09,-2.92559044766263
515,13.0975,1.77696545818237
515,13.105,0.00684115770567988
515,13.1125,-1.49329139025701
515,13.12,2.21068341940992
515,13.1275,-0.340001581932157
515,13.135,-2.11745143534417
515,13.1425,-2.42726557385745
515,13.15,2.08121025070656
515,13.1575,0.214461662920016
515,13.165,0.853567225045696
515,13.1725,-0.910960805029866
515,13.18,-2.57523060349977
515,13.1875,3.01018158394554
515,13.195,1.98612433475147
515,13.2025,0.402887439254165
515,13.21,-0.980147211037101
515,13.2175,-1.8461153832284
515,13.225,2.95518513834399
515,13.2325,1.44140277283061
515,13.24,1.76617316879779
515,13.2475,-0.949652284691262
515,13.255,1.56535569236348
515,13.2625,-0.612376258219836
515,13.27,-2.49304326417377
515,13.2775,-2.70933033805025
515,13.285,1.9702647883409
515,13.2925,-0.0184685822634074
515,13.3,1.21492484399141
515,13.3075,-0.484143309972117
515,13.315,-1.23476056905245
515,13.3225,-2.38599506868652
515,13.33,2.50790515264946
515,13.3375,1.23699657237507
515,13.345,-0.0588972590769585
515,13.3525,-1.23112033261633
515,13.36,-2.53443036710394
515,13.3675,2.26794651612637
515,13.375,1.39285790497884
515,13.3825,0.359900321168107
515,13.39,-0.364819142164767
515,13.3975,-0.414355086660969
515,13.405,-1.79628074249524
515,13.4125,-3.04863172960272
515,13.42,-0.287563958021216
515,13.4275,-2.76374723089809
515,13.435,2.12126789229288
515,13.4425,0.702406533747271
515,13.45,-0.608729179756598
515,13.4575,-1.75399631297447
515,13.465,-3.11639840215292
515,13.4725,1.94230769803609
515,13.48,1.05935989104399
515,13.4875,-0.113726064824466
515,13.495,-1.07467070796165
515,13.5025,-2.00553332396024
515,13.51,-1.99766418624895
515,13.5175,-2.98430160417763
515,13.525,1.88098727388896
515,13.5325,0.844906424607388
515,13.54,-0.219941087285776
515,13.5475,-1.61852062127884
515,13.555,-2.5867574028538
515,13.5625,-2.78685328320864
515,13.57,2.26873057138201
515,13.5775,1.24217545677211
515,13.585,0.286314691807746
515,13.5925,-1.13488228725694
515,13.6,-2.56518472407243
515,13.6075,2.61572741086873
515,13.615,1.37802571131724
515,13.6225,-0.0242468174211595
515,13.63,-0.348812124407427
515,13.6375,-1.29600226373847
515,13.645,-2.00408605773602
515,13.6525,-2.95024274619668
515,13.66,2.25078331887786
515,13.6675,1.636047778777
515,13.675,1.04922767013858
515,13.6825,0.516382606780878
515,13.69,-0.710419624702734
515,13.6975,-1.96399132193572
515,13.705,3.02611088011657
515,13.7125,1.96866851945342
515,13.72,1.003236438188
515,13.7275,-0.00501269235244403
515,13.735,-0.74735914125552
515,13.7425,-1.63892282070474
515,13.75,-2.36252899998337
515,13.7575,2.55487350548891
515,13.765,1.82449925087099
515,13.7725,0.957496002869345
515,13.78,-0.55402652788013
515,13.7875,-1.23888600199822
515,13.795,-2.26214979494058
515,13.8025,2.582083037931
515,13.81,1.69921228687945
515,13.8175,0.564068500913601
515,13.825,-0.726569493521117
515,13.8325,-1.65370473555817
515,13.84,-2.85680536229239
515,13.8475,2.19226575359388
515,13.855,1.22576671413602
515,13.8625,0.101427627666445
515,13.87,-1.20412685432048
515,13.8775,-1.93629685069352
515,13.885,-2.49840945115757
515,13.8925,2.34324334819206
515,13.9,1.40954429745936
515,13.9075,1.5208742069762
515,13.915,0.132060781353562
515,13.9225,-1.10665671069594
515,13.93,-1.59261771485343
515,13.9375,-2.70968205929867
515,13.945,2.37514143634587
515,13.9525,1.35616857325565
515,13.96,0.0607582391403052
515,13.9675,-1.39907559797761
515,13.975,-2.9099987155542
515,13.9825,1.85070302766227
515,13.99,0.36103003558446
515,13.9975,-1.26433654279672
515,14.005,-2.88521611490079
515,14.0125,1.85751617203898
515,14.02,0.296412307084539
515,14.0275,-1.25273183990504
515,14.035,-2.56257269559728
515,14.0425,2.64476702573303
515,14.05,1.30259862331343
515,14.0575,0.464563805226256
515,14.065,-0.300641846284425
515,14.0725,-1.77333749516994
515,14.08,-2.85433523476094
515,14.0875,2.51410555680055
515,14.095,1.24895161777871
515,14.1025,0.0690458757335503
515,14.11,-1.11908596178463
515,14.1175,-2.30833518668417
515,14.125,2.52062387692754
515,14.1325,0.83479549469308
515,14.14,2.13396997941341
515,14.1475,0.853811671465958
515,14.155,0.4494708320301
515,14.1625,-0.962569298430138
515,14.17,-2.34127086163856
515,14.1775,-2.97675036866162
515,14.185,2.28536857048684
515,14.1925,1.08852387100649
515,14.2,0.0553297629746619
515,14.2075,-1.09389033091162
515,14.215,-2.39148015613965
515,14.2225,2.66908521600203
515,14.23,1.34219375151779
515,14.2375,-0.16826469658022
515,14.245,-1.40658342624718
515,14.2525,-1.8337461453046
515,14.26,0.0660372408596821
515,14.2675,-1.54034358966936
515,14.275,-3.02376132535235
515,14.2825,2.03112432530379
515,14.29,0.835751188418516
515,14.2975,-0.372325589277766
515,14.305,-1.438932486122
515,14.3125,-2.84669560787292
515,14.32,2.16336995755139
515,14.3275,1.53395427107187
515,14.335,0.014341203354077
515,14.3425,-1.46290759287653
515,14.35,-0.911045784430118
515,14.3575,-2.51015276239407
515,14.365,2.67022049513207
515,14.3725,2.3610091228518
515,14.38,1.21694670819504
515,14.3875,0.908026392219469
515,14.395,-0.23144555324828
515,14.4025,-1.17396603486467
515,14.41,-2.15223412043578
515,14.4175,2.80061558759326
515,14.425,1.81652236402081
515,14.4325,0.859161313020272
515,14.44,-0.339011300583808
515,14.4475,-1.35677157407239
515,14.455,-2.47645439560608
515,14.4625,2.64355762198429
515,14.47,1.53425506529181
515,14.4775,0.226580926324821
515,14.485,-0.877756667347222
515,14.4925,-1.73710323798273
515,14.5,-2.85979021458991
515,14.5075,-1.71943810624082
515,14.515,-3.07174218400128
515,14.5225,1.90115522695483
515,14.53,0.550781214615771
515,14.5375,-0.647510579654246
515,14.545,-1.87848585769152
515,14.5525,-3.07127811000692
515,14.56,2.08933772602895
515,14.5675,0.920014816277336
515,14.575,-0.108109989950999
515,14.5825,-1.21019781016714
515,14.59,-2.39050255519041
515,14.5975,2.87594138681947
515,14.605,1.84075325193763
515,14.6125,0.109529056909427
515,14.62,2.22382546755876
515,14.6275,0.399140371653812
515,14.635,-0.637306038093219
515,14.6425,-1.49904683784895
515,14.65,-2.85469747960559
515,14.6575,2.39968404651888
515,14.665,1.80633214359782
515,14.6725,0.758596472312602
515,14.68,-0.380719336143932
515,14.6875,-1.16065307865569
515,14.695,-2.29047595564173
515,14.7025,2.7298669997628
515,14.71,1.52629844613379
515,14.7175,0.522865072801763
515,14.725,-0.55720077342289
515,14.7325,-1.92442855593816
515,14.74,-2.73358406595677
515,14.7475,-2.43778855717207
515,14.755,-2.98213321418195
515,14.7625,2.11767485701835
515,14.77,0.85859734187994
515,14.7775,-0.450728234217469
515,14.785,-1.80478138391742
515,14.7925,-3.08966461146058
515,14.8,1.92866679506758
515,14.8075,0.612618805583786
515,14.815,-0.628441755252435
515,14.8225,-1.59447246318683
515,14.83,-2.4481492167538
515,14.8375,2.86202418181919
515,14.845,2.29103863644322
515,14.8525,1.17880913072532
515,14.86,-0.165017929031543
515,14.8675,-1.4396718127077
515,14.875,-2.71285175239689
515,14.8825,2.23850314313529
515,14.89,0.210957213216278
515,14.8975,-2.51660119103429
515,14.905,1.79384140145152
515,14.9125,0.783461162056044
515,14.92,-0.190066993940774
515,14.9275,-1.57641136275032
515,14.935,-2.89364747273699
515,14.9425,2.39228532081538
515,14.95,1.7102399746792
515,14.9575,0.535187074149835
515,14.965,-0.566520302944846
515,14.9725,-1.90246395049097
515,14.98,2.94870804917151
515,14.9875,1.48316523978031
515,14.995,-1.27733026934091
515,15.0025,2.84166365870791
515,15.01,1.20244538470913
515,15.0175,-0.166191477524325
515,15.025,-1.47018939526421
515,15.0325,-2.83395717145826
515,15.04,2.02801816233607
515,15.0475,0.652799635730653
515,15.055,-0.437329586244525
515,15.0625,-1.48136892058474
515,15.07,-2.64831173080185
515,15.0775,2.72317645829965
515,15.085,2.08566736553404
515,15.0925,1.03531595084831
515,15.1,-0.198356769488445
515,15.1075,-1.14957742914135
515,15.115,-2.09885592948374
515,15.1225,2.88473942804777
515,15.13,1.89211769079015
515,15.1375,0.954040528753644
515,15.145,0.0909238007453998
515,15.1525,-0.83116521651217
515,15.16,-1.64507982204649
515,15.1675,-2.54654093717254
515,15.175,2.29061258357566
515,15.1825,0.835181513845395
515,15.19,-0.627946953812412
515,15.1975,-2.00392394887567
515,15.205,2.89197694858686
515,15.2125,1.11469099824406
515,15.22,-0.822350452765007
515,15.2275,-2.55928553263762
515,15.235,2.36762916146012
515,15.2425,1.35374943432251
515,15.25,-0.00186542362119286
515,15.2575,0.192265424529959
515,15.265,-1.14469792887868
515,15.2725,-2.62552140744385
515,15.28,2.37759465192986
515,15.2875,0.946785797938544
515,15.295,-0.506761940469772
515,15.3025,-1.87324555647141
515,15.31,2.98666714901588
515,15.3175,1.49510474717173
515,15.325,-0.130020035138414
515,15.3325,-1.94354468357344
515,15.34,2.53184174203968
515,15.3475,1.0044143286153
515,15.355,-0.402233486114874
515,15.3625,-1.85781479666854
515,15.37,3.09647847346249
515,15.3775,2.01641487580155
515,15.385,0.788000938136107
515,15.3925,-0.491787440155652
515,15.4,-1.61789946664658
515,15.4075,-2.77362377268991
515,15.415,2.45767332003547
515,15.4225,1.78654125510974
515,15.43,0.860860163985864
515,15.4375,0.00613619050700523
515,15.445,-0.984247267360307
515,15.4525,-2.14812057875904
515,15.46,3.03380376316939
515,15.4675,1.78887288802694
515,15.475,0.514760195694995
515,15.4825,-0.76207867461226
515,15.49,-2.34514678738495
515,15.4975,1.00051192469321
515,15.505,-1.04476488442976
515,15.5125,-2.46192118954087
515,15.52,2.44379860627816
515,15.5275,1.02884761164044
515,15.535,-0.393720509164798
515,15.5425,-1.81893985376338
515,15.55,-3.13790356927872
515,15.5575,2.0931410969427
515,15.565,0.524729124670716
515,15.5725,-2.26557252530465
515,15.58,1.51321507221011
515,15.5875,0.827355884250118
515,15.595,-0.403747870498026
515,15.6025,-1.71879076096394
515,15.61,-3.0983307962533
515,15.6175,1.85946061945231
515,15.625,0.970355383312705
515,15.6325,-0.158695469331864
515,15.64,-1.45701325724946
515,15.6475,-2.40529220687737
515,15.655,2.87811770985865
515,15.6625,1.52026392412851
515,15.67,0.339688415617908
515,15.6775,-0.295420986704138
515,15.685,-1.38126059431804
515,15.6925,-1.8468555326055
515,15.7,-2.60709404605348
515,15.7075,2.44328349600087
515,15.715,1.32273387957669
515,15.7225,0.0910240123538537
515,15.73,-1.24499412658849
515,15.7375,-2.56295106016952
515,15.745,2.43310164255795
515,15.7525,1.21050189311618
515,15.76,-0.144909928858831
515,15.7675,2.22066237701691
515,15.775,0.299452352332015
515,15.7825,-1.25473018607521
515,15.79,-2.46667957602838
515,15.7975,2.57699070419338
515,15.805,1.03797528070138
515,15.8125,-0.992832692956188
515,15.82,1.65978742403394
515,15.8275,0.117537075458897
515,15.835,-0.942555362689171
515,15.8425,-2.0960149035555
515,15.85,2.92046794237764
515,15.8575,1.68797083107373
515,15.865,0.587236451218931
515,15.8725,-0.413736941090823
515,15.88,-1.50812459844156
515,15.8875,-2.43424278824775
515,15.895,3.03131906303692
515,15.9025,1.960995303153
515,15.91,0.720040929090306
515,15.9175,-0.294228457288381
515,15.925,-1.29012798157115
515,15.9325,-2.46507331258524
515,15.94,-2.49560442441712
515,15.9475,2.82759567940269
515,15.955,1.58475222504217
515,15.9625,0.467207336582582
515,15.97,-0.560696550821928
515,15.9775,-1.9841497238959
515,15.985,2.76621064923945
515,15.9925,1.81207252289212
515,16,0.764179991145058
